INSERT INTO page (page_id, create_time, update_time, description, menu_id) VALUES (1, '2020-08-03 04:50:47', '2020-08-03 04:50:47', 'Virtual Machine Overview', 140);
INSERT INTO page (page_id, create_time, update_time, description, menu_id) VALUES (2, '2020-08-03 04:50:47', '2020-08-05 04:45:39', 'Virtual Machine Overview 현황', 141);
INSERT INTO page (page_id, create_time, update_time, description, menu_id) VALUES (3, '2020-08-12 10:00:38', '2020-08-12 10:00:38', '보험코어 JVM 현황', 120);
INSERT INTO page (page_id, create_time, update_time, description, menu_id) VALUES (4, '2020-08-12 10:57:22', '2020-08-12 10:57:22', '보험코어 어플리케이션 JVM', 121);
INSERT INTO page (page_id, create_time, update_time, description, menu_id) VALUES (5, '2020-08-12 10:57:22', '2020-08-25 04:04:26', '보험코어 Database 현황', 130);

INSERT INTO page_row (page_row_id, create_time, update_time, sort, title, type, page_id) VALUES (1, '2020-08-03 04:53:19', '2020-08-03 04:53:19', 1, '보험코어 VM 현황', 'P', 1);
INSERT INTO page_row (page_row_id, create_time, update_time, sort, title, type, page_id) VALUES (2, '2020-08-03 04:53:19', '2020-08-04 00:27:50', 2, '보험코어 VM 리소스', 'P', 1);
INSERT INTO page_row (page_row_id, create_time, update_time, sort, title, type, page_id) VALUES (3, '2020-08-05 04:51:40', '2020-08-18 04:25:26', 1, '#Bar', 'V', 2);
INSERT INTO page_row (page_row_id, create_time, update_time, sort, title, type, page_id) VALUES (4, '2020-08-05 04:51:40', '2020-08-05 04:51:40', 2, 'CPU', 'P', 2);
INSERT INTO page_row (page_row_id, create_time, update_time, sort, title, type, page_id) VALUES (5, '2020-08-05 04:51:40', '2020-08-05 04:51:40', 3, 'Memory', 'P', 2);
INSERT INTO page_row (page_row_id, create_time, update_time, sort, title, type, page_id) VALUES (6, '2020-08-05 04:51:40', '2020-08-05 04:51:40', 4, 'Disk', 'P', 2);
INSERT INTO page_row (page_row_id, create_time, update_time, sort, title, type, page_id) VALUES (7, '2020-08-05 04:51:40', '2020-08-05 04:51:40', 5, 'Network', 'P', 2);
INSERT INTO page_row (page_row_id, create_time, update_time, sort, title, type, page_id) VALUES (8, '2020-08-05 04:51:40', '2020-08-05 04:51:40', 6, 'File System', 'P', 2);
INSERT INTO page_row (page_row_id, create_time, update_time, sort, title, type, page_id) VALUES (12, '2020-08-12 10:23:13', '2020-08-12 10:23:13', 2, '보험코어 JVM 현황', 'P', 3);
INSERT INTO page_row (page_row_id, create_time, update_time, sort, title, type, page_id) VALUES (13, '2020-08-12 10:23:13', '2020-08-12 10:23:13', 3, '보험코어 JVM Inspector', 'P', 3);
INSERT INTO page_row (page_row_id, create_time, update_time, sort, title, type, page_id) VALUES (14, '2020-08-12 11:15:37', '2020-08-18 04:25:26', 1, '#Bar', 'V', 4);
INSERT INTO page_row (page_row_id, create_time, update_time, sort, title, type, page_id) VALUES (15, '2020-08-12 11:15:37', '2020-08-12 11:15:37', 2, '', 'P', 4);
INSERT INTO page_row (page_row_id, create_time, update_time, sort, title, type, page_id) VALUES (16, '2020-08-12 11:15:37', '2020-08-12 11:15:37', 3, '보험코어 JVM Inspector', 'P', 4);
INSERT INTO page_row (page_row_id, create_time, update_time, sort, title, type, page_id) VALUES (17, '2020-08-25 04:06:49', '2020-08-25 04:06:49', 1, '보험코어 데이터베이스', 'P', 5);
INSERT INTO page_row (page_row_id, create_time, update_time, sort, title, type, page_id) VALUES (18, '2020-08-25 04:06:49', '2020-08-25 04:06:49', 2, '#Bar', 'V', 5);
INSERT INTO page_row (page_row_id, create_time, update_time, sort, title, type, page_id) VALUES (19, '2020-08-25 04:06:49', '2020-08-25 04:06:49', 3, '보험코어 데이터베이스 Status', 'P', 5);

INSERT INTO page_row_panel (panel_id, create_time, update_time, data_type, panel_type, sort, src, title, page_row_id) VALUES (1, '2020-08-03 04:53:23', '2020-08-04 06:05:40', 'promql', 'card', 1, 'sum(kube_node_info{node=~"^.*$"})', 'VM', 1);
INSERT INTO page_row_panel (panel_id, create_time, update_time, data_type, panel_type, sort, src, title, page_row_id) VALUES (2, '2020-08-03 04:53:23', '2020-08-04 06:05:40', 'promql', 'card', 2, 'sum(machine_cpu_cores{node=~"^.*$"})', 'Core', 1);
INSERT INTO page_row_panel (panel_id, create_time, update_time, data_type, panel_type, sort, src, title, page_row_id) VALUES (3, '2020-08-03 04:53:23', '2020-08-24 08:51:51', 'iframe', 'card-badge', 3, 'http://10.142.11.248:30300/d-solo/icjpCppik/cluster?orgId=1&refresh=1m&panelId=6&theme=light', 'Avg. CPU', 1);
INSERT INTO page_row_panel (panel_id, create_time, update_time, data_type, panel_type, sort, src, title, page_row_id) VALUES (4, '2020-08-03 04:53:23', '2020-08-24 08:51:51', 'iframe', 'card-badge', 4, 'http://10.142.11.248:30300/d-solo/icjpCppik/cluster?orgId=1&refresh=1m&panelId=4&theme=light', 'Avg. Memory', 1);
INSERT INTO page_row_panel (panel_id, create_time, update_time, data_type, panel_type, sort, src, title, page_row_id) VALUES (5, '2020-08-03 04:53:23', '2020-08-24 08:51:51', 'iframe', 'card-badge', 5, 'http://10.142.11.248:30300/d-solo/icjpCppik/cluster?orgId=1&refresh=1m&panelId=7&theme=light', 'Avg. Disk', 1);
INSERT INTO page_row_panel (panel_id, create_time, update_time, data_type, panel_type, sort, src, title, page_row_id) VALUES (6, '2020-08-03 04:53:23', '2020-08-24 08:51:51', 'iframe', 'card', 6, 'http://10.142.11.248:30300/d-solo/icjpCppik/cluster?orgId=1&refresh=1m&panelId=2051&var-Node=All&theme=light', 'CPU', 2);
INSERT INTO page_row_panel (panel_id, create_time, update_time, data_type, panel_type, sort, src, title, page_row_id) VALUES (7, '2020-08-03 04:53:23', '2020-08-24 08:51:51', 'iframe', 'card', 7, 'http://10.142.11.248:30300/d-solo/icjpCppik/cluster?orgId=1&refresh=1m&panelId=2052&var-Node=All&theme=light', 'Memory', 2);
INSERT INTO page_row_panel (panel_id, create_time, update_time, data_type, panel_type, sort, src, title, page_row_id) VALUES (8, '2020-08-03 04:53:23', '2020-08-24 08:51:51', 'iframe', 'card', 8, 'http://10.142.11.248:30300/d-solo/qtZCNq4Gz/custom-cluster?panelId=2063&orgId=1&refresh=1m&var-Node=All&theme=light', 'Disk I/O', 2);
INSERT INTO page_row_panel (panel_id, create_time, update_time, data_type, panel_type, sort, src, title, page_row_id) VALUES (9, '2020-08-03 04:53:23', '2020-08-24 08:51:51', 'iframe', 'card', 9, 'http://10.142.11.248:30300/d-solo/icjpCppik/cluster?orgId=1&refresh=1m&var-Node=All&panelId=32&theme=light', 'Network', 2);
INSERT INTO page_row_panel (panel_id, create_time, update_time, data_type, panel_type, sort, src, title, page_row_id) VALUES (10, '2020-08-03 04:53:23', '2020-08-24 08:51:51', 'iframe', 'card', 10, 'http://10.142.11.248:30300/d-solo/qtZCNq4Gz/custom-cluster?orgId=1&refresh=1m&var-Node=All&panelId=181&theme=light', 'File System', 2);
INSERT INTO page_row_panel (panel_id, create_time, update_time, data_type, panel_type, sort, src, title, page_row_id) VALUES (11, '2020-08-06 04:37:06', '2020-08-24 08:51:51', 'iframe', 'card', 1, 'http://10.142.11.248:30300/d-solo/GfakcZIMk/node-exporter-full-custom?orgId=1&refresh=5s&panelId=77&theme=light', 'CPU Basic', 4);
INSERT INTO page_row_panel (panel_id, create_time, update_time, data_type, panel_type, sort, src, title, page_row_id) VALUES (12, '2020-08-06 04:37:06', '2020-08-24 08:51:51', 'iframe', 'card', 2, 'http://10.142.11.248:30300/d-solo/GfakcZIMk/node-exporter-full-custom?orgId=1&refresh=5s&panelId=3&theme=light', 'CPU', 4);
INSERT INTO page_row_panel (panel_id, create_time, update_time, data_type, panel_type, sort, src, title, page_row_id) VALUES (13, '2020-08-06 04:37:06', '2020-08-24 08:51:51', 'iframe', 'card', 3, 'http://10.142.11.248:30300/d-solo/GfakcZIMk/node-exporter-full-custom?orgId=1&refresh=5s&panelId=7&theme=light', 'System Load', 4);
INSERT INTO page_row_panel (panel_id, create_time, update_time, data_type, panel_type, sort, src, title, page_row_id) VALUES (14, '2020-08-06 04:37:06', '2020-08-24 08:51:51', 'iframe', 'card', 4, 'http://10.142.11.248:30300/d-solo/GfakcZIMk/node-exporter-full-custom?orgId=1&refresh=5s&panelId=62&theme=light', 'Process Status', 4);
INSERT INTO page_row_panel (panel_id, create_time, update_time, data_type, panel_type, sort, src, title, page_row_id) VALUES (15, '2020-08-06 04:37:06', '2020-08-24 08:51:51', 'iframe', 'card', 5, 'http://10.142.11.248:30300/d-solo/GfakcZIMk/node-exporter-full-custom?orgId=1&refresh=5s&panelId=78&theme=light', 'Memory Basic', 5);
INSERT INTO page_row_panel (panel_id, create_time, update_time, data_type, panel_type, sort, src, title, page_row_id) VALUES (16, '2020-08-06 04:37:06', '2020-08-24 08:51:51', 'iframe', 'card', 6, 'http://10.142.11.248:30300/d-solo/GfakcZIMk/node-exporter-full-custom?orgId=1&refresh=5s&panelId=24&theme=light', 'Memory Stack', 5);
INSERT INTO page_row_panel (panel_id, create_time, update_time, data_type, panel_type, sort, src, title, page_row_id) VALUES (17, '2020-08-06 04:37:06', '2020-08-24 08:51:51', 'iframe', 'card', 7, 'http://10.142.11.248:30300/d-solo/GfakcZIMk/node-exporter-full-custom?orgId=1&refresh=5s&panelId=191&theme=light', 'Memory Active/Inactive', 5);
INSERT INTO page_row_panel (panel_id, create_time, update_time, data_type, panel_type, sort, src, title, page_row_id) VALUES (18, '2020-08-06 04:37:06', '2020-08-24 08:51:51', 'iframe', 'card', 8, 'http://10.142.11.248:30300/d-solo/GfakcZIMk/node-exporter-full-custom?orgId=1&refresh=5s&panelId=176&theme=light', 'Memory Page In/Out', 5);
INSERT INTO page_row_panel (panel_id, create_time, update_time, data_type, panel_type, sort, src, title, page_row_id) VALUES (19, '2020-08-06 04:37:06', '2020-08-24 08:51:51', 'iframe', 'card', 9, 'http://10.142.11.248:30300/d-solo/GfakcZIMk/node-exporter-full-custom?orgId=1&refresh=5s&panelId=152&theme=light', 'Disk Space Used Basic', 6);
INSERT INTO page_row_panel (panel_id, create_time, update_time, data_type, panel_type, sort, src, title, page_row_id) VALUES (20, '2020-08-06 04:37:06', '2020-08-24 08:51:51', 'iframe', 'card', 10, 'http://10.142.11.248:30300/d-solo/GfakcZIMk/node-exporter-full-custom?orgId=1&refresh=5s&panelId=156&theme=light', 'Disk Space Used', 6);
INSERT INTO page_row_panel (panel_id, create_time, update_time, data_type, panel_type, sort, src, title, page_row_id) VALUES (21, '2020-08-06 04:37:06', '2020-08-24 08:51:51', 'iframe', 'card', 11, 'http://10.142.11.248:30300/d-solo/GfakcZIMk/node-exporter-full-custom?orgId=1&refresh=5s&panelId=42&theme=light', 'Disk I/O(Read/Write Bytes', 6);
INSERT INTO page_row_panel (panel_id, create_time, update_time, data_type, panel_type, sort, src, title, page_row_id) VALUES (22, '2020-08-06 04:37:06', '2020-08-24 08:51:51', 'iframe', 'card', 12, 'http://10.142.11.248:30300/d-solo/GfakcZIMk/node-exporter-full-custom?orgId=1&refresh=5s&panelId=229&theme=light', 'Disk IOps', 6);
INSERT INTO page_row_panel (panel_id, create_time, update_time, data_type, panel_type, sort, src, title, page_row_id) VALUES (23, '2020-08-06 04:37:06', '2020-08-24 08:51:51', 'iframe', 'card', 13, 'http://10.142.11.248:30300/d-solo/GfakcZIMk/node-exporter-full-custom?orgId=1&refresh=5s&panelId=74&theme=light', 'Network Traffic basic', 7);
INSERT INTO page_row_panel (panel_id, create_time, update_time, data_type, panel_type, sort, src, title, page_row_id) VALUES (24, '2020-08-06 04:37:06', '2020-08-24 08:51:51', 'iframe', 'card', 14, 'http://10.142.11.248:30300/d-solo/GfakcZIMk/node-exporter-full-custom?orgId=1&refresh=5s&panelId=60&theme=light', 'Network Traffic by packets', 7);
INSERT INTO page_row_panel (panel_id, create_time, update_time, data_type, panel_type, sort, src, title, page_row_id) VALUES (25, '2020-08-06 04:37:06', '2020-08-24 08:51:51', 'iframe', 'card', 15, 'http://10.142.11.248:30300/d-solo/GfakcZIMk/node-exporter-full-custom?orgId=1&refresh=5s&panelId=317&theme=light', 'File System Table', 8);
INSERT INTO page_row_panel (panel_id, create_time, update_time, data_type, panel_type, sort, src, title, page_row_id) VALUES (27, '2020-08-12 10:44:02', '2020-08-24 08:51:51', 'iframe', 'card', 1, 'http://10.142.11.248:30300/d-solo/virk5aSGk/jvm-dashboard-overview?orgId=1&refresh=1m&var-application=All&var-instance=All&var-mempool=All&var-memarea=All&theme=light&panelId=39', 'JVM', 12);
INSERT INTO page_row_panel (panel_id, create_time, update_time, data_type, panel_type, sort, src, title, page_row_id) VALUES (28, '2020-08-12 10:44:02', '2020-08-24 08:51:51', 'iframe', 'card', 2, 'http://10.142.11.248:30300/d-solo/virk5aSGk/jvm-dashboard-overview?orgId=1&refresh=1m&var-application=All&var-instance=All&var-mempool=All&var-memarea=All&theme=light&panelId=46', 'Avg. CPU', 12);
INSERT INTO page_row_panel (panel_id, create_time, update_time, data_type, panel_type, sort, src, title, page_row_id) VALUES (29, '2020-08-12 10:44:02', '2020-08-24 08:51:51', 'iframe', 'card', 3, 'http://10.142.11.248:30300/d-solo/virk5aSGk/jvm-dashboard-overview?orgId=1&refresh=1m&var-application=All&var-instance=All&var-mempool=All&var-memarea=All&theme=light&panelId=54', 'Avg. Heap Memory', 12);
INSERT INTO page_row_panel (panel_id, create_time, update_time, data_type, panel_type, sort, src, title, page_row_id) VALUES (30, '2020-08-12 10:44:02', '2020-08-24 08:51:51', 'iframe', 'card', 4, 'http://10.142.11.248:30300/d-solo/virk5aSGk/jvm-dashboard-overview?orgId=1&refresh=1m&var-application=All&var-instance=All&var-mempool=All&var-memarea=All&theme=light&panelId=61', 'Active Threads', 12);
INSERT INTO page_row_panel (panel_id, create_time, update_time, data_type, panel_type, sort, src, title, page_row_id) VALUES (31, '2020-08-12 10:44:02', '2020-08-24 08:51:51', 'iframe', 'card', 5, 'http://10.142.11.248:30300/d-solo/virk5aSGk/jvm-dashboard-overview?orgId=1&refresh=1m&var-application=All&var-instance=All&var-mempool=All&var-memarea=All&theme=light&panelId=62', 'Avg. GC Time', 12);
INSERT INTO page_row_panel (panel_id, create_time, update_time, data_type, panel_type, sort, src, title, page_row_id) VALUES (32, '2020-08-12 10:44:02', '2020-08-24 08:51:51', 'iframe', 'card', 6, 'http://10.142.11.248:30300/d-solo/virk5aSGk/jvm-dashboard-overview?orgId=1&refresh=1m&var-application=All&var-instance=All&var-mempool=All&var-memarea=All&theme=light&panelId=8', 'Heap Used [Memory bytes]', 13);
INSERT INTO page_row_panel (panel_id, create_time, update_time, data_type, panel_type, sort, src, title, page_row_id) VALUES (33, '2020-08-12 10:44:02', '2020-08-24 23:35:35', 'iframe', 'card', 7, 'http://10.142.11.248:30300/d-solo/virk5aSGk/jvm-dashboard-overview?orgId=1&refresh=1m&var-application=All&var-instance=All&var-mempool=All&var-memarea=All&theme=light&panelId=84', 'Non Heap Usage [Memory bytes]', 13);
INSERT INTO page_row_panel (panel_id, create_time, update_time, data_type, panel_type, sort, src, title, page_row_id) VALUES (34, '2020-08-12 10:44:02', '2020-08-24 23:35:35', 'iframe', 'card', 8, 'http://10.142.11.248:30300/d-solo/virk5aSGk/jvm-dashboard-overview?orgId=1&refresh=1m&var-application=All&var-instance=All&var-mempool=All&var-memarea=All&theme=light&panelId=88', 'PS Eden [Memory bytes]', 13);
INSERT INTO page_row_panel (panel_id, create_time, update_time, data_type, panel_type, sort, src, title, page_row_id) VALUES (35, '2020-08-12 10:44:02', '2020-08-24 23:35:35', 'iframe', 'card', 9, 'http://10.142.11.248:30300/d-solo/virk5aSGk/jvm-dashboard-overview?orgId=1&refresh=1m&var-application=All&var-instance=All&var-mempool=All&var-memarea=All&theme=light&panelId=90', 'PS Old Gen [Memory bytes]', 13);
INSERT INTO page_row_panel (panel_id, create_time, update_time, data_type, panel_type, sort, src, title, page_row_id) VALUES (36, '2020-08-12 10:44:02', '2020-08-24 08:51:51', 'iframe', 'card', 10, 'http://10.142.11.248:30300/d-solo/virk5aSGk/jvm-dashboard-overview?orgId=1&refresh=1m&var-application=All&var-instance=All&var-mempool=All&var-memarea=All&theme=light&panelId=3', 'Thread used', 13);
INSERT INTO page_row_panel (panel_id, create_time, update_time, data_type, panel_type, sort, src, title, page_row_id) VALUES (37, '2020-08-12 10:44:02', '2020-08-24 08:51:51', 'iframe', 'card', 11, 'http://10.142.11.248:30300/d-solo/virk5aSGk/jvm-dashboard-overview?orgId=1&refresh=1m&var-application=All&var-instance=All&var-mempool=All&var-memarea=All&theme=light&panelId=6', 'GC Count', 13);
INSERT INTO page_row_panel (panel_id, create_time, update_time, data_type, panel_type, sort, src, title, page_row_id) VALUES (38, '2020-08-12 10:44:02', '2020-08-24 08:51:51', 'iframe', 'card', 12, 'http://10.142.11.248:30300/d-solo/virk5aSGk/jvm-dashboard-overview?orgId=1&refresh=1m&var-application=All&var-instance=All&var-mempool=All&var-memarea=All&theme=light&panelId=5', 'GC Time / 5 min.rate', 13);
INSERT INTO page_row_panel (panel_id, create_time, update_time, data_type, panel_type, sort, src, title, page_row_id) VALUES (39, '2020-08-12 10:44:02', '2020-08-24 08:51:51', 'iframe', 'card', 13, 'http://10.142.11.248:30300/d-solo/virk5aSGk/jvm-dashboard-overview?orgId=1&refresh=1m&var-application=All&var-instance=All&var-mempool=All&var-memarea=All&theme=light&panelId=4', 'Class loading', 13);
INSERT INTO page_row_panel (panel_id, create_time, update_time, data_type, panel_type, sort, src, title, page_row_id) VALUES (42, '2020-08-12 11:19:04', '2020-08-25 01:52:12', 'iframe', 'card', 1, 'http://10.142.11.248:30300/d-solo/virk5aSGk/jvm-dashboard-overview?orgId=1&refresh=1m&var-application=All&var-instance=All&panelId=72&theme=light', 'Uptime', 15);
INSERT INTO page_row_panel (panel_id, create_time, update_time, data_type, panel_type, sort, src, title, page_row_id) VALUES (43, '2020-08-12 11:19:04', '2020-08-25 01:52:12', 'iframe', 'card', 2, 'http://10.142.11.248:30300/d-solo/virk5aSGk/jvm-dashboard-overview?orgId=1&refresh=1m&var-application=All&var-instance=All&panelId=74&theme=light', 'Start time', 15);
INSERT INTO page_row_panel (panel_id, create_time, update_time, data_type, panel_type, sort, src, title, page_row_id) VALUES (44, '2020-08-12 11:19:04', '2020-08-25 01:52:12', 'iframe', 'card', 3, 'http://10.142.11.248:30300/d-solo/virk5aSGk/jvm-dashboard-overview?orgId=1&refresh=1m&var-application=All&var-instance=All&panelId=70&theme=light', 'Heap used', 15);
INSERT INTO page_row_panel (panel_id, create_time, update_time, data_type, panel_type, sort, src, title, page_row_id) VALUES (45, '2020-08-12 11:19:04', '2020-08-25 01:52:12', 'iframe', 'card', 4, 'http://10.142.11.248:30300/d-solo/virk5aSGk/jvm-dashboard-overview?orgId=1&refresh=1m&var-application=All&var-instance=All&panelId=76&theme=light', 'JVM version', 15);
INSERT INTO page_row_panel (panel_id, create_time, update_time, data_type, panel_type, sort, src, title, page_row_id) VALUES (46, '2020-08-12 11:19:04', '2020-08-25 01:52:12', 'iframe', 'card', 5, 'http://10.142.11.248:30300/d-solo/virk5aSGk/jvm-dashboard-overview?orgId=1&refresh=1m&var-application=All&var-instance=All&theme=light&panelId=29', 'JVM CPU Usage [%]', 16);
INSERT INTO page_row_panel (panel_id, create_time, update_time, data_type, panel_type, sort, src, title, page_row_id) VALUES (47, '2020-08-12 11:19:04', '2020-08-25 01:52:12', 'iframe', 'card', 6, 'http://10.142.11.248:30300/d-solo/virk5aSGk/jvm-dashboard-overview?orgId=1&refresh=1m&var-application=All&var-instance=All&theme=light&panelId=8', 'Heap Used [Memory bytes]', 16);
INSERT INTO page_row_panel (panel_id, create_time, update_time, data_type, panel_type, sort, src, title, page_row_id) VALUES (48, '2020-08-12 11:19:04', '2020-08-25 01:52:12', 'iframe', 'card', 7, 'http://10.142.11.248:30300/d-solo/virk5aSGk/jvm-dashboard-overview?orgId=1&refresh=1m&var-application=All&var-instance=All&theme=light&panelId=84', 'Non Heap Usage [Memory bytes]', 16);
INSERT INTO page_row_panel (panel_id, create_time, update_time, data_type, panel_type, sort, src, title, page_row_id) VALUES (49, '2020-08-12 11:19:04', '2020-08-25 01:52:12', 'iframe', 'card', 8, 'http://10.142.11.248:30300/d-solo/virk5aSGk/jvm-dashboard-overview?orgId=1&refresh=1m&var-application=All&var-instance=All&theme=light&panelId=88', 'PS Eden [Memory bytes]', 16);
INSERT INTO page_row_panel (panel_id, create_time, update_time, data_type, panel_type, sort, src, title, page_row_id) VALUES (50, '2020-08-12 11:19:04', '2020-08-25 01:52:12', 'iframe', 'card', 9, 'http://10.142.11.248:30300/d-solo/virk5aSGk/jvm-dashboard-overview?orgId=1&refresh=1m&var-application=All&var-instance=All&theme=light&panelId=90', 'PS Old Gen [Memory bytes]', 16);
INSERT INTO page_row_panel (panel_id, create_time, update_time, data_type, panel_type, sort, src, title, page_row_id) VALUES (51, '2020-08-12 11:19:04', '2020-08-25 01:52:12', 'iframe', 'card', 10, 'http://10.142.11.248:30300/d-solo/virk5aSGk/jvm-dashboard-overview?orgId=1&refresh=1m&var-application=All&var-instance=All&theme=light&panelId=3', 'Thread used', 16);
INSERT INTO page_row_panel (panel_id, create_time, update_time, data_type, panel_type, sort, src, title, page_row_id) VALUES (52, '2020-08-12 11:19:04', '2020-08-25 01:52:12', 'iframe', 'card', 11, 'http://10.142.11.248:30300/d-solo/virk5aSGk/jvm-dashboard-overview?orgId=1&refresh=1m&var-application=All&var-instance=All&theme=light&panelId=4', 'Class loading', 16);
INSERT INTO page_row_panel (panel_id, create_time, update_time, data_type, panel_type, sort, src, title, page_row_id) VALUES (53, '2020-08-12 11:19:04', '2020-08-25 01:52:12', 'iframe', 'card', 12, 'http://10.142.11.248:30300/d-solo/virk5aSGk/jvm-dashboard-overview?orgId=1&refresh=1m&var-application=All&var-instance=All&theme=light&panelId=6', 'GC Count', 16);
INSERT INTO page_row_panel (panel_id, create_time, update_time, data_type, panel_type, sort, src, title, page_row_id) VALUES (54, '2020-08-12 11:19:04', '2020-08-25 01:52:12', 'iframe', 'card', 13, 'http://10.142.11.248:30300/d-solo/virk5aSGk/jvm-dashboard-overview?orgId=1&refresh=1m&var-application=All&var-instance=All&theme=light&panelId=5', 'GC Time / 5 min.rate', 16);
INSERT INTO page_row_panel (panel_id, create_time, update_time, data_type, panel_type, sort, src, title, page_row_id) VALUES (55, '2020-08-25 07:38:54', '2020-08-31 06:25:46', 'promql', 'card', 1, 'node_uname_info{instance=~"$instance.*"}', 'Available Node', 17);
INSERT INTO page_row_panel (panel_id, create_time, update_time, data_type, panel_type, sort, src, title, page_row_id) VALUES (56, '2020-08-25 07:38:54', '2020-08-31 05:08:27', 'iframe', 'card', 2, 'http://10.142.11.248:30300/d-solo/gnLo6BHGk/node-exporter-full-custom-external?orgId=1&theme=light&panelId=322', 'CPU Usage', 17);
INSERT INTO page_row_panel (panel_id, create_time, update_time, data_type, panel_type, sort, src, title, page_row_id) VALUES (57, '2020-08-25 07:38:54', '2020-08-31 05:08:27', 'iframe', 'card', 3, 'http://10.142.11.248:30300/d-solo/gnLo6BHGk/node-exporter-full-custom-external?orgId=1&theme=light&panelId=323', 'Memory Usage', 17);
INSERT INTO page_row_panel (panel_id, create_time, update_time, data_type, panel_type, sort, src, title, page_row_id) VALUES (58, '2020-08-25 07:38:54', '2020-08-31 05:08:27', 'iframe', 'card', 4, 'http://10.142.11.248:30300/d-solo/gnLo6BHGk/node-exporter-full-custom-external?orgId=1&theme=light&panelId=324', 'Filesystem Usage', 17);
INSERT INTO page_row_panel (panel_id, create_time, update_time, data_type, panel_type, sort, src, title, page_row_id) VALUES (59, '2020-08-25 07:38:54', '2020-08-25 08:52:20', 'iframe', 'card', 5, 'http://10.142.11.248:30300/d-solo/Kh4vofNGk/oracle-monitoring?orgId=1&refresh=1m&theme=light&panelId=52', 'Execute count', 19);
INSERT INTO page_row_panel (panel_id, create_time, update_time, data_type, panel_type, sort, src, title, page_row_id) VALUES (60, '2020-08-25 07:38:54', '2020-08-25 08:52:20', 'iframe', 'card', 6, 'http://10.142.11.248:30300/d-solo/Kh4vofNGk/oracle-monitoring?orgId=1&refresh=1m&theme=light&panelId=51', 'Number of commit', 19);
INSERT INTO page_row_panel (panel_id, create_time, update_time, data_type, panel_type, sort, src, title, page_row_id) VALUES (61, '2020-08-25 07:38:54', '2020-08-25 08:52:20', 'iframe', 'card', 7, 'http://10.142.11.248:30300/d-solo/Kh4vofNGk/oracle-monitoring?orgId=1&refresh=1m&theme=light&panelId=13', 'Active session', 19);
INSERT INTO page_row_panel (panel_id, create_time, update_time, data_type, panel_type, sort, src, title, page_row_id) VALUES (62, '2020-08-25 07:38:54', '2020-08-25 08:52:20', 'iframe', 'card', 8, 'http://10.142.11.248:30300/d-solo/Kh4vofNGk/oracle-monitoring?orgId=1&refresh=1m&theme=light&panelId=71', 'Process count', 19);
INSERT INTO page_row_panel (panel_id, create_time, update_time, data_type, panel_type, sort, src, title, page_row_id) VALUES (63, '2020-08-25 07:38:54', '2020-08-25 08:52:20', 'iframe', 'card', 9, 'http://10.142.11.248:30300/d-solo/Kh4vofNGk/oracle-monitoring?orgId=1&refresh=1m&theme=light&panelId=69', 'User rollback', 19);
INSERT INTO page_row_panel (panel_id, create_time, update_time, data_type, panel_type, sort, src, title, page_row_id) VALUES (64, '2020-08-25 07:38:54', '2020-08-25 08:52:20', 'iframe', 'card', 10, 'http://10.142.11.248:30300/d-solo/Kh4vofNGk/oracle-monitoring?orgId=1&refresh=1m&theme=light&panelId=53', 'Concurrent wait time', 19);
INSERT INTO page_row_panel (panel_id, create_time, update_time, data_type, panel_type, sort, src, title, page_row_id) VALUES (65, '2020-08-25 07:38:54', '2020-08-25 08:52:20', 'iframe', 'card', 11, 'http://10.142.11.248:30300/d-solo/Kh4vofNGk/oracle-monitoring?orgId=1&refresh=1m&theme=light&panelId=54', 'Commit wait time', 19);
INSERT INTO page_row_panel (panel_id, create_time, update_time, data_type, panel_type, sort, src, title, page_row_id) VALUES (66, '2020-08-25 07:38:54', '2020-08-25 08:52:20', 'iframe', 'card', 12, 'http://10.142.11.248:30300/d-solo/Kh4vofNGk/oracle-monitoring?orgId=1&refresh=1m&theme=light&panelId=59', 'Application waiting', 19);
INSERT INTO page_row_panel (panel_id, create_time, update_time, data_type, panel_type, sort, src, title, page_row_id) VALUES (67, '2020-08-25 07:38:54', '2020-08-25 08:52:20', 'iframe', 'card', 13, 'http://10.142.11.248:30300/d-solo/Kh4vofNGk/oracle-monitoring?orgId=1&refresh=1m&theme=light&panelId=60', 'Network waiting', 19);
INSERT INTO page_row_panel (panel_id, create_time, update_time, data_type, panel_type, sort, src, title, page_row_id) VALUES (68, '2020-08-25 07:38:54', '2020-08-25 08:52:20', 'iframe', 'card', 14, 'http://10.142.11.248:30300/d-solo/Kh4vofNGk/oracle-monitoring?orgId=1&refresh=1m&theme=light&panelId=55', 'System I/O wait', 19);
INSERT INTO page_row_panel (panel_id, create_time, update_time, data_type, panel_type, sort, src, title, page_row_id) VALUES (69, '2020-08-25 07:38:54', '2020-08-25 08:52:20', 'iframe', 'card', 15, 'http://10.142.11.248:30300/d-solo/Kh4vofNGk/oracle-monitoring?orgId=1&refresh=1m&theme=light&panelId=56', 'User I/O wait', 19);
INSERT INTO page_row_panel (panel_id, create_time, update_time, data_type, panel_type, sort, src, title, page_row_id) VALUES (70, '2020-08-25 07:38:54', '2020-08-25 08:52:20', 'iframe', 'card', 16, 'http://10.142.11.248:30300/d-solo/Kh4vofNGk/oracle-monitoring?orgId=1&refresh=1m&theme=light&panelId=75', 'Configuring wait', 19);
INSERT INTO page_row_panel (panel_id, create_time, update_time, data_type, panel_type, sort, src, title, page_row_id) VALUES (71, '2020-08-25 07:38:54', '2020-08-25 08:52:20', 'iframe', 'card', 17, 'http://10.142.11.248:30300/d-solo/Kh4vofNGk/oracle-monitoring?orgId=1&refresh=1m&theme=light&panelId=77', 'Scheduler wait', 19);
INSERT INTO page_row_panel (panel_id, create_time, update_time, data_type, panel_type, sort, src, title, page_row_id) VALUES (72, '2020-08-25 07:38:54', '2020-08-25 08:52:20', 'iframe', 'card', 18, 'http://10.142.11.248:30300/d-solo/Kh4vofNGk/oracle-monitoring?orgId=1&refresh=1m&theme=light&panelId=73', 'Resource utilization', 19);
INSERT INTO page_row_panel (panel_id, create_time, update_time, data_type, panel_type, sort, src, title, page_row_id) VALUES (73, '2020-08-25 07:38:54', '2020-08-25 08:52:20', 'iframe', 'card', 19, 'http://10.142.11.248:30300/d-solo/Kh4vofNGk/oracle-monitoring?orgId=1&refresh=1m&theme=light&panelId=65', 'Table spaces', 19);

INSERT INTO page_variable (variable_id, create_time, update_time, name, sort, src, type, page_id, edge_fields) VALUES (1, '2020-08-18 04:27:57', '2020-08-25 03:58:55', 'Node', 1, 'label_values(node_load1, node)', 'metric_label_values', 2, '');
INSERT INTO page_variable (variable_id, create_time, update_time, name, sort, src, type, page_id, edge_fields) VALUES (2, '2020-08-18 04:30:03', '2020-08-24 04:06:39', 'application', 1, 'label_values(jvm_info{job="jvm"}, application)', 'metric_label_values', 4, 'instance');
INSERT INTO page_variable (variable_id, create_time, update_time, name, sort, src, type, page_id, edge_fields) VALUES (3, '2020-08-18 04:30:03', '2020-08-24 04:06:39', 'instance', 2, 'label_values(jvm_info{job="jvm", application="$application"}, instance)', 'metric_label_values', 4, '');
INSERT INTO page_variable (variable_id, create_time, update_time, name, sort, src, type, page_id, edge_fields) VALUES (7, '2020-08-18 04:30:03', '2020-08-31 01:02:42', 'instance', 1, 'label_values(oracledb_up, instance)', 'metric_label_values', 5, '');