INSERT INTO page (PAGE_ID, TITLE, NAV, CREATE_TIME, UPDATE_TIME, MENU_ID) values (	1	,	 'Virtual Machine Overview'	,	'Home<i class="feather icon-chevron-right"></i>Monitoring<i class="feather icon-chevron-right"></i>Virtual Machine<i class="feather icon-chevron-right"></i>Overview',	CURRENT_TIMESTAMP()	,	CURRENT_TIMESTAMP()	,	140	);
INSERT INTO page (PAGE_ID, TITLE, NAV, CREATE_TIME, UPDATE_TIME, MENU_ID) values (	2	,	 'Virtual Machine Overview 현황'	,	'Home<i class="feather icon-chevron-right"></i>Monitoring<i class="feather icon-chevron-right"></i>Virtual Machine<i class="feather icon-chevron-right"></i>Monitoring',	CURRENT_TIMESTAMP()	,	CURRENT_TIMESTAMP()	,	141	);
INSERT INTO page (PAGE_ID, TITLE, NAV, CREATE_TIME, UPDATE_TIME, MENU_ID) values (	3	,	 '보험코어 JVM 현황'	,	'Home<i class="feather icon-chevron-right"></i>Monitoring<i class="feather icon-chevron-right"></i>JVM<i class="feather icon-chevron-right"></i>Overview'	,	CURRENT_TIMESTAMP()	,	CURRENT_TIMESTAMP()	,	120	);
INSERT INTO page (PAGE_ID, TITLE, NAV, CREATE_TIME, UPDATE_TIME, MENU_ID) values (	4	,	 '보험코어 어플리케이션 JVM'	,	'Home<i class="feather icon-chevron-right"></i>Monitoring<i class="feather icon-chevron-right"></i>JVM<i class="feather icon-chevron-right"></i>Application'	,	CURRENT_TIMESTAMP()	,	CURRENT_TIMESTAMP()	,	121	);
INSERT INTO page (PAGE_ID, TITLE, NAV, CREATE_TIME, UPDATE_TIME, MENU_ID) values (	5	,	 '보험코어 Database 현황'	,	'Home<i class="feather icon-chevron-right"></i>Monitoring<i class="feather icon-chevron-right"></i>Database'	,	CURRENT_TIMESTAMP()	,	CURRENT_TIMESTAMP()	,	130	);
INSERT INTO page (PAGE_ID, TITLE, NAV, CREATE_TIME, UPDATE_TIME, MENU_ID) values (	6	,	 '보험코어 클러스터 현황'	,	'Home<i class="feather icon-chevron-right"></i>Monitoring<i class="feather icon-chevron-right"></i>Cluster<i class="feather icon-chevron-right"></i>Overview'	,	CURRENT_TIMESTAMP()	,	CURRENT_TIMESTAMP()	,	110	);
INSERT INTO page (PAGE_ID, TITLE, NAV, CREATE_TIME, UPDATE_TIME, MENU_ID) values (	8	,	 '보험코어 클러스터 Workload'	,	 'Home<i class=&quot;feather icon-chevron-right&quot; ></i>Monitoring<i class=&quot;feather icon-chevron-right&quot; ></i>Cluster<i class=&quot;feather icon-chevron-right&quot; ></i>Workloads<i class=&quot;feather icon-chevron-right&quot; ></i>Overview'	,	CURRENT_TIMESTAMP()	,	CURRENT_TIMESTAMP()	,	112	);

-- VM Overview
INSERT INTO page_row (PAGE_ROW_ID, TITLE, SORT_ORDER, ROW_TYPE, CREATE_TIME, UPDATE_TIME, PAGE_ID) values (	1	,	 '보험코어 VM 현황'	,	1	,	 'P'	,	CURRENT_TIMESTAMP()	,	CURRENT_TIMESTAMP()	,	1	);
INSERT INTO page_row (PAGE_ROW_ID, TITLE, SORT_ORDER, ROW_TYPE, CREATE_TIME, UPDATE_TIME, PAGE_ID) values (	2	,	 '보험코어 VM 리소스'	,	2	,	 'P'	,	CURRENT_TIMESTAMP()	,	CURRENT_TIMESTAMP()	,	1	);

-- VM Monitoring
INSERT INTO page_row (PAGE_ROW_ID, TITLE, SORT_ORDER, ROW_TYPE, CREATE_TIME, UPDATE_TIME, PAGE_ID) values (	3	,	 '#Variables'	,	1	,	 'V'	,	CURRENT_TIMESTAMP()	,	CURRENT_TIMESTAMP()	,	2	);
INSERT INTO page_row (PAGE_ROW_ID, TITLE, SORT_ORDER, ROW_TYPE, CREATE_TIME, UPDATE_TIME, PAGE_ID) values (	4	,	 'CPU'	,	2	,	 'P'	,	CURRENT_TIMESTAMP()	,	CURRENT_TIMESTAMP()	,	2	);
INSERT INTO page_row (PAGE_ROW_ID, TITLE, SORT_ORDER, ROW_TYPE, CREATE_TIME, UPDATE_TIME, PAGE_ID) values (	5	,	 'Memory'	,	3	,	 'P'	,	CURRENT_TIMESTAMP()	,	CURRENT_TIMESTAMP()	,	2	);
INSERT INTO page_row (PAGE_ROW_ID, TITLE, SORT_ORDER, ROW_TYPE, CREATE_TIME, UPDATE_TIME, PAGE_ID) values (	6	,	 'Disk'	,	4	,	 'P'	,	CURRENT_TIMESTAMP()	,	CURRENT_TIMESTAMP()	,	2	);
INSERT INTO page_row (PAGE_ROW_ID, TITLE, SORT_ORDER, ROW_TYPE, CREATE_TIME, UPDATE_TIME, PAGE_ID) values (	7	,	 'Network'	,	5	,	 'P'	,	CURRENT_TIMESTAMP()	,	CURRENT_TIMESTAMP()	,	2	);
INSERT INTO page_row (PAGE_ROW_ID, TITLE, SORT_ORDER, ROW_TYPE, CREATE_TIME, UPDATE_TIME, PAGE_ID) values (	8	,	 'File System'	,	6	,	 'P'	,	CURRENT_TIMESTAMP()	,	CURRENT_TIMESTAMP()	,	2	);
INSERT INTO page_row (PAGE_ROW_ID, TITLE, SORT_ORDER, ROW_TYPE, CREATE_TIME, UPDATE_TIME, PAGE_ID) values (	9	,	 'Process'	,	7	,	 'P'	,	CURRENT_TIMESTAMP()	,	CURRENT_TIMESTAMP()	,	2	);

INSERT INTO page_row (PAGE_ROW_ID, TITLE, SORT_ORDER, ROW_TYPE, CREATE_TIME, UPDATE_TIME, PAGE_ID) values (	10	,	 '보험코어 JVM 현황'	,	2	,	 'P'	,	CURRENT_TIMESTAMP()	,	CURRENT_TIMESTAMP()	,	3	);
INSERT INTO page_row (PAGE_ROW_ID, TITLE, SORT_ORDER, ROW_TYPE, CREATE_TIME, UPDATE_TIME, PAGE_ID) values (	11	,	 '보험코어 JVM Inspector'	,	3	,	 'P'	,	CURRENT_TIMESTAMP()	,	CURRENT_TIMESTAMP()	,	3	);
INSERT INTO page_row (PAGE_ROW_ID, TITLE, SORT_ORDER, ROW_TYPE, CREATE_TIME, UPDATE_TIME, PAGE_ID) values (	12	,	 '#Bar'	,	1	,	 'V'	,	CURRENT_TIMESTAMP()	,	CURRENT_TIMESTAMP()	,	4	);
INSERT INTO page_row (PAGE_ROW_ID, TITLE, SORT_ORDER, ROW_TYPE, CREATE_TIME, UPDATE_TIME, PAGE_ID) values (	13	,	 ''	,	2	,	 'D'	,	CURRENT_TIMESTAMP()	,	CURRENT_TIMESTAMP()	,	4	);
INSERT INTO page_row (PAGE_ROW_ID, TITLE, SORT_ORDER, ROW_TYPE, CREATE_TIME, UPDATE_TIME, PAGE_ID) values (	14	,	 '보험코어 JVM Inspector'	,	3	,	 'P'	,	CURRENT_TIMESTAMP()	,	CURRENT_TIMESTAMP()	,	4	);

-- Database
INSERT INTO page_row (PAGE_ROW_ID, TITLE, SORT_ORDER, ROW_TYPE, CREATE_TIME, UPDATE_TIME, PAGE_ID) values (	15	,	 '보험코어 데이터베이스'	,	1	,	 'P'	,	CURRENT_TIMESTAMP()	,	CURRENT_TIMESTAMP()	,	5	);
INSERT INTO page_row (PAGE_ROW_ID, TITLE, SORT_ORDER, ROW_TYPE, CREATE_TIME, UPDATE_TIME, PAGE_ID) values (	16	,	 '#Bar'	,	2	,	 'D'	,	CURRENT_TIMESTAMP()	,	CURRENT_TIMESTAMP()	,	5	);
INSERT INTO page_row (PAGE_ROW_ID, TITLE, SORT_ORDER, ROW_TYPE, CREATE_TIME, UPDATE_TIME, PAGE_ID) values (	17	,	 '보험코어 데이터베이스 Status'	,	3	,	 'P'	,	CURRENT_TIMESTAMP()	,	CURRENT_TIMESTAMP()	,	5	);

-- Cluster Overview
INSERT INTO page_row (PAGE_ROW_ID, TITLE, SORT_ORDER, ROW_TYPE, CREATE_TIME, UPDATE_TIME, PAGE_ID) values (	22	,	 'Total cluster capacity'	,	1	,	 'P'	,	CURRENT_TIMESTAMP()	,	CURRENT_TIMESTAMP()	,	6	);
INSERT INTO page_row (PAGE_ROW_ID, TITLE, SORT_ORDER, ROW_TYPE, CREATE_TIME, UPDATE_TIME, PAGE_ID) values (	23	,	 'node panel'	,	2	,	 'P'	,	CURRENT_TIMESTAMP()	,	CURRENT_TIMESTAMP()	,	6	);
INSERT INTO page_row (PAGE_ROW_ID, TITLE, SORT_ORDER, ROW_TYPE, CREATE_TIME, UPDATE_TIME, PAGE_ID) values (	24	,	 'pod panel'	,	3	,	 'P'	,	CURRENT_TIMESTAMP()	,	CURRENT_TIMESTAMP()	,	6	);

-- Cluster Workload Overview
INSERT INTO page_row (PAGE_ROW_ID, TITLE, SORT_ORDER, ROW_TYPE, CREATE_TIME, UPDATE_TIME, PAGE_ID) values (	26	,	 '#Variables'	,	1	,	 'V'	,	CURRENT_TIMESTAMP()	,	CURRENT_TIMESTAMP()	,	8	);
INSERT INTO page_row (PAGE_ROW_ID, TITLE, SORT_ORDER, ROW_TYPE, CREATE_TIME, UPDATE_TIME, PAGE_ID) values (	27	,	 'Cluster workloads'	,	1	,	 'P'	,	CURRENT_TIMESTAMP()	,	CURRENT_TIMESTAMP()	,	8	);
INSERT INTO page_row (PAGE_ROW_ID, TITLE, SORT_ORDER, ROW_TYPE, CREATE_TIME, UPDATE_TIME, PAGE_ID) values (	28	,	 'Events'	,	1	,	 'P'	,	CURRENT_TIMESTAMP()	,	CURRENT_TIMESTAMP()	,	8	);

-- VM Overview
INSERT INTO page_row_panel (PANEL_ID, TITLE, SORT_ORDER, PANEL_TYPE, CHART_TYPE, FRAGMENT_NAME, MAIN_YN, REFRESH_INTERVAL, YAXIS_LABEL, YAXIS_UNIT, YAXIS_MIN, YAXIS_MAX, XAXIS_MODE, CREATE_TIME, UPDATE_TIME, PAGE_ROW_ID) values (	1	,	 'VM'	,	1	,	 'BADGE'	,	 ''	,	'value-card-panel'	,	'Y'	,	60000	,	 ''	,	 'float'	,	 ''	,	 ''	,	 ''	,	CURRENT_TIMESTAMP()	,	CURRENT_TIMESTAMP()	,	1	);
INSERT INTO page_row_panel (PANEL_ID, TITLE, SORT_ORDER, PANEL_TYPE, CHART_TYPE, FRAGMENT_NAME, MAIN_YN, REFRESH_INTERVAL, YAXIS_LABEL, YAXIS_UNIT, YAXIS_MIN, YAXIS_MAX, XAXIS_MODE, CREATE_TIME, UPDATE_TIME, PAGE_ROW_ID) values (	2	,	 'Core'	,	2	,	 'BADGE'	,	 ''	,	'value-card-panel'	,	'Y'	,	60000	,	 ''	,	 'float'	,	 ''	,	 ''	,	 ''	,	CURRENT_TIMESTAMP()	,	CURRENT_TIMESTAMP()	,	1	);
INSERT INTO page_row_panel (PANEL_ID, TITLE, SORT_ORDER, PANEL_TYPE, CHART_TYPE, FRAGMENT_NAME, MAIN_YN, REFRESH_INTERVAL, YAXIS_LABEL, YAXIS_UNIT, YAXIS_MIN, YAXIS_MAX, XAXIS_MODE, CREATE_TIME, UPDATE_TIME, PAGE_ROW_ID) values (	3	,	 'Avg. CPU'	,	3	,	 'CHART'	,	 'solidgauge'	,	'headless-card-panel'	,	'Y'	,	60000	,	 ''	,	 '%'	,	 '0'	,	 '100'	,	 ''	,	CURRENT_TIMESTAMP()	,	CURRENT_TIMESTAMP()	,	1	);
INSERT INTO page_row_panel (PANEL_ID, TITLE, SORT_ORDER, PANEL_TYPE, CHART_TYPE, FRAGMENT_NAME, MAIN_YN, REFRESH_INTERVAL, YAXIS_LABEL, YAXIS_UNIT, YAXIS_MIN, YAXIS_MAX, XAXIS_MODE, CREATE_TIME, UPDATE_TIME, PAGE_ROW_ID) values (	4	,	 'Avg. Memory'	,	4	,	 'CHART'	,	 'solidgauge'	,	'headless-card-panel'	,	'Y'	,	60000	,	 ''	,	 '%'	,	 '0'	,	 '100'	,	 ''	,	CURRENT_TIMESTAMP()	,	CURRENT_TIMESTAMP()	,	1	);
INSERT INTO page_row_panel (PANEL_ID, TITLE, SORT_ORDER, PANEL_TYPE, CHART_TYPE, FRAGMENT_NAME, MAIN_YN, REFRESH_INTERVAL, YAXIS_LABEL, YAXIS_UNIT, YAXIS_MIN, YAXIS_MAX, XAXIS_MODE, CREATE_TIME, UPDATE_TIME, PAGE_ROW_ID) values (	5	,	 'Avg. Disk'	,	5	,	 'CHART'	,	 'solidgauge'	,	'headless-card-panel'	,	'Y'	,	60000	,	 ''	,	 '%'	,	 '0'	,	 '100'	,	 ''	,	CURRENT_TIMESTAMP()	,	CURRENT_TIMESTAMP()	,	1	);
INSERT INTO page_row_panel (PANEL_ID, TITLE, SORT_ORDER, PANEL_TYPE, CHART_TYPE, FRAGMENT_NAME, MAIN_YN, REFRESH_INTERVAL, YAXIS_LABEL, YAXIS_UNIT, YAXIS_MIN, YAXIS_MAX, XAXIS_MODE, CREATE_TIME, UPDATE_TIME, PAGE_ROW_ID) values (	6	,	 'CPU'	,	1	,	 'CHART'	,	 'line'	,	 'head-card-panel'	,	'Y'	,	60000	,	 ''	,	 '%'	,	 '0'	,	 '100'	,	 'datetime'	,	CURRENT_TIMESTAMP()	,	CURRENT_TIMESTAMP()	,	2	);
INSERT INTO page_row_panel (PANEL_ID, TITLE, SORT_ORDER, PANEL_TYPE, CHART_TYPE, FRAGMENT_NAME, MAIN_YN, REFRESH_INTERVAL, YAXIS_LABEL, YAXIS_UNIT, YAXIS_MIN, YAXIS_MAX, XAXIS_MODE, CREATE_TIME, UPDATE_TIME, PAGE_ROW_ID) values (	7	,	 'Memory'	,	2	,	 'CHART'	,	 'line'	,	 'head-card-panel'	,	'Y'	,	60000	,	 ''	,	 'bytes'	,	 '0'	,	 'auto'	,	 'datetime'	,	CURRENT_TIMESTAMP()	,	CURRENT_TIMESTAMP()	,	2	);
INSERT INTO page_row_panel (PANEL_ID, TITLE, SORT_ORDER, PANEL_TYPE, CHART_TYPE, FRAGMENT_NAME, MAIN_YN, REFRESH_INTERVAL, YAXIS_LABEL, YAXIS_UNIT, YAXIS_MIN, YAXIS_MAX, XAXIS_MODE, CREATE_TIME, UPDATE_TIME, PAGE_ROW_ID) values (	8	,	 'Disk I/O'	,	3	,	 'CHART'	,	 'line'	,	 'head-card-panel'	,	'Y'	,	60000	,	 'IO read (-) / write (+)'	,	 'iops'	,	 'auto'	,	 'auto'	,	 'datetime'	,	CURRENT_TIMESTAMP()	,	CURRENT_TIMESTAMP()	,	2	);
INSERT INTO page_row_panel (PANEL_ID, TITLE, SORT_ORDER, PANEL_TYPE, CHART_TYPE, FRAGMENT_NAME, MAIN_YN, REFRESH_INTERVAL, YAXIS_LABEL, YAXIS_UNIT, YAXIS_MIN, YAXIS_MAX, XAXIS_MODE, CREATE_TIME, UPDATE_TIME, PAGE_ROW_ID) values (	9	,	 'Network'	,	4	,	 'CHART'	,	 'line'	,	 'head-card-panel'	,	'Y'	,	60000	,	 'recv (+) / trans (-)'	,	 'bps'	,	 'auto'	,	 'auto'	,	 'datetime'	,	CURRENT_TIMESTAMP()	,	CURRENT_TIMESTAMP()	,	2	);
INSERT INTO page_row_panel (PANEL_ID, TITLE, SORT_ORDER, PANEL_TYPE, CHART_TYPE, FRAGMENT_NAME, MAIN_YN, REFRESH_INTERVAL, YAXIS_LABEL, YAXIS_UNIT, YAXIS_MIN, YAXIS_MAX, XAXIS_MODE, CREATE_TIME, UPDATE_TIME, PAGE_ROW_ID) values (	10	,	 'Process'	,	5	,	 'METRIC_TABLE'	,	 ''	,	 'head-card-panel-in-table'	,	'Y'	,	60000	,	 ''	,	 ''	,	 ''	,	 ''	,	 ''	,	CURRENT_TIMESTAMP()	,	CURRENT_TIMESTAMP()	,	2	);
INSERT INTO page_row_panel (PANEL_ID, TITLE, SORT_ORDER, PANEL_TYPE, CHART_TYPE, FRAGMENT_NAME, MAIN_YN, REFRESH_INTERVAL, YAXIS_LABEL, YAXIS_UNIT, YAXIS_MIN, YAXIS_MAX, XAXIS_MODE, CREATE_TIME, UPDATE_TIME, PAGE_ROW_ID) values (	11	,	 'File System'	,	6	,	 'METRIC_TABLE'	,	 ''	,	 'head-card-panel-in-table'	,	'Y'	,	60000	,	 ''	,	 ''	,	 ''	,	 ''	,	 ''	,	CURRENT_TIMESTAMP()	,	CURRENT_TIMESTAMP()	,	2	);

-- VM Monitoring
INSERT INTO page_row_panel (PANEL_ID, TITLE, SORT_ORDER, PANEL_TYPE, CHART_TYPE, FRAGMENT_NAME, MAIN_YN, REFRESH_INTERVAL, YAXIS_LABEL, YAXIS_UNIT, YAXIS_MIN, YAXIS_MAX, XAXIS_MODE, CREATE_TIME, UPDATE_TIME, PAGE_ROW_ID) values (	12	,	 'CPU Basic'	,	1	,	 'CHART'	,	 'line'	,	 'head-card-panel'	,	'Y'	,	60000	,	 ''	,	 '%'	,	 '0'	,	 '100'	,	 'datetime'	,	CURRENT_TIMESTAMP()	,	CURRENT_TIMESTAMP()	,	4	);
INSERT INTO page_row_panel (PANEL_ID, TITLE, SORT_ORDER, PANEL_TYPE, CHART_TYPE, FRAGMENT_NAME, MAIN_YN, REFRESH_INTERVAL, YAXIS_LABEL, YAXIS_UNIT, YAXIS_MIN, YAXIS_MAX, XAXIS_MODE, CREATE_TIME, UPDATE_TIME, PAGE_ROW_ID) values (	13	,	 'CPU'	,	2	,	 'CHART'	,	 'line'	,	 'head-card-panel'	,	'Y'	,	60000	,	 'percentage'	,	 '%'	,	 '0'	,	 '100'	,	 'datetime'	,	CURRENT_TIMESTAMP()	,	CURRENT_TIMESTAMP()	,	4	);
INSERT INTO page_row_panel (PANEL_ID, TITLE, SORT_ORDER, PANEL_TYPE, CHART_TYPE, FRAGMENT_NAME, MAIN_YN, REFRESH_INTERVAL, YAXIS_LABEL, YAXIS_UNIT, YAXIS_MIN, YAXIS_MAX, XAXIS_MODE, CREATE_TIME, UPDATE_TIME, PAGE_ROW_ID) values (	14	,	 'System Load'	,	3	,	 'CHART'	,	 'line'	,	 'head-card-panel'	,	'Y'	,	60000	,	 'counter'	,	 'float'	,	 '0'	,	 'auto'	,	 'datetime'	,	CURRENT_TIMESTAMP()	,	CURRENT_TIMESTAMP()	,	4	);
INSERT INTO page_row_panel (PANEL_ID, TITLE, SORT_ORDER, PANEL_TYPE, CHART_TYPE, FRAGMENT_NAME, MAIN_YN, REFRESH_INTERVAL, YAXIS_LABEL, YAXIS_UNIT, YAXIS_MIN, YAXIS_MAX, XAXIS_MODE, CREATE_TIME, UPDATE_TIME, PAGE_ROW_ID) values (	15	,	 'Process Status'	,	4	,	 'CHART'	,	 'line'	,	 'head-card-panel'	,	'Y'	,	60000	,	 'counter'	,	 'float'	,	 '0'	,	 'auto'	,	 'datetime'	,	CURRENT_TIMESTAMP()	,	CURRENT_TIMESTAMP()	,	4	);
INSERT INTO page_row_panel (PANEL_ID, TITLE, SORT_ORDER, PANEL_TYPE, CHART_TYPE, FRAGMENT_NAME, MAIN_YN, REFRESH_INTERVAL, YAXIS_LABEL, YAXIS_UNIT, YAXIS_MIN, YAXIS_MAX, XAXIS_MODE, CREATE_TIME, UPDATE_TIME, PAGE_ROW_ID) values (	16	,	 'Memory Basic'	,	5	,	 'CHART'	,	 'line'	,	 'head-card-panel'	,	'Y'	,	60000	,	 ''	,	 'bytes'	,	 '0'	,	 'auto'	,	 'datetime'	,	CURRENT_TIMESTAMP()	,	CURRENT_TIMESTAMP()	,	5	);
INSERT INTO page_row_panel (PANEL_ID, TITLE, SORT_ORDER, PANEL_TYPE, CHART_TYPE, FRAGMENT_NAME, MAIN_YN, REFRESH_INTERVAL, YAXIS_LABEL, YAXIS_UNIT, YAXIS_MIN, YAXIS_MAX, XAXIS_MODE, CREATE_TIME, UPDATE_TIME, PAGE_ROW_ID) values (	17	,	 'Memory Stack'	,	6	,	 'CHART'	,	 'line'	,	 'head-card-panel'	,	'Y'	,	60000	,	 ''	,	 'bytes'	,	 '0'	,	 'auto'	,	 'datetime'	,	CURRENT_TIMESTAMP()	,	CURRENT_TIMESTAMP()	,	5	);
INSERT INTO page_row_panel (PANEL_ID, TITLE, SORT_ORDER, PANEL_TYPE, CHART_TYPE, FRAGMENT_NAME, MAIN_YN, REFRESH_INTERVAL, YAXIS_LABEL, YAXIS_UNIT, YAXIS_MIN, YAXIS_MAX, XAXIS_MODE, CREATE_TIME, UPDATE_TIME, PAGE_ROW_ID) values (	18	,	 'Memory Active/Inactive'	,	7	,	 'CHART'	,	 'line'	,	 'head-card-panel'	,	'Y'	,	60000	,	 'bytes'	,	 'bytes'	,	 '0'	,	 'auto'	,	 'datetime'	,	CURRENT_TIMESTAMP()	,	CURRENT_TIMESTAMP()	,	5	);
INSERT INTO page_row_panel (PANEL_ID, TITLE, SORT_ORDER, PANEL_TYPE, CHART_TYPE, FRAGMENT_NAME, MAIN_YN, REFRESH_INTERVAL, YAXIS_LABEL, YAXIS_UNIT, YAXIS_MIN, YAXIS_MAX, XAXIS_MODE, CREATE_TIME, UPDATE_TIME, PAGE_ROW_ID) values (	19	,	 'Memory Page In/Out'	,	8	,	 'CHART'	,	 'line'	,	 'head-card-panel'	,	'Y'	,	60000	,	 'pages out (-) / in (+)'	,	 'float'	,	 'auto'	,	 'auto'	,	 'datetime'	,	CURRENT_TIMESTAMP()	,	CURRENT_TIMESTAMP()	,	5	);
INSERT INTO page_row_panel (PANEL_ID, TITLE, SORT_ORDER, PANEL_TYPE, CHART_TYPE, FRAGMENT_NAME, MAIN_YN, REFRESH_INTERVAL, YAXIS_LABEL, YAXIS_UNIT, YAXIS_MIN, YAXIS_MAX, XAXIS_MODE, CREATE_TIME, UPDATE_TIME, PAGE_ROW_ID) values (	20	,	 'Disk Space Used Basic'	,	9	,	 'CHART'	,	 'line'	,	 'head-card-panel'	,	'Y'	,	60000	,	 ''	,	 '%'	,	 '0'	,	 '100'	,	 'datetime'	,	CURRENT_TIMESTAMP()	,	CURRENT_TIMESTAMP()	,	6	);
INSERT INTO page_row_panel (PANEL_ID, TITLE, SORT_ORDER, PANEL_TYPE, CHART_TYPE, FRAGMENT_NAME, MAIN_YN, REFRESH_INTERVAL, YAXIS_LABEL, YAXIS_UNIT, YAXIS_MIN, YAXIS_MAX, XAXIS_MODE, CREATE_TIME, UPDATE_TIME, PAGE_ROW_ID) values (	21	,	 'Disk Space Used'	,	10	,	 'CHART'	,	 'line'	,	 'head-card-panel'	,	'Y'	,	60000	,	 'bytes'	,	 'bytes'	,	 '0'	,	 'auto'	,	 'datetime'	,	CURRENT_TIMESTAMP()	,	CURRENT_TIMESTAMP()	,	6	);
INSERT INTO page_row_panel (PANEL_ID, TITLE, SORT_ORDER, PANEL_TYPE, CHART_TYPE, FRAGMENT_NAME, MAIN_YN, REFRESH_INTERVAL, YAXIS_LABEL, YAXIS_UNIT, YAXIS_MIN, YAXIS_MAX, XAXIS_MODE, CREATE_TIME, UPDATE_TIME, PAGE_ROW_ID) values (	22	,	 'Disk I/O(Read/Write Bytes)'	,	11	,	 'CHART'	,	 'line'	,	 'head-card-panel'	,	'Y'	,	60000	,	 'bytes read (-) / write (+)'	,	 'bytes'	,	 'auto'	,	 'auto'	,	 'datetime'	,	CURRENT_TIMESTAMP()	,	CURRENT_TIMESTAMP()	,	6	);
INSERT INTO page_row_panel (PANEL_ID, TITLE, SORT_ORDER, PANEL_TYPE, CHART_TYPE, FRAGMENT_NAME, MAIN_YN, REFRESH_INTERVAL, YAXIS_LABEL, YAXIS_UNIT, YAXIS_MIN, YAXIS_MAX, XAXIS_MODE, CREATE_TIME, UPDATE_TIME, PAGE_ROW_ID) values (	23	,	 'Disk IOps'	,	12	,	 'CHART'	,	 'line'	,	 'head-card-panel'	,	'Y'	,	60000	,	 'IO read (-) / write (+)'	,	 'iops'	,	 'auto'	,	 'auto'	,	 'datetime'	,	CURRENT_TIMESTAMP()	,	CURRENT_TIMESTAMP()	,	6	);
INSERT INTO page_row_panel (PANEL_ID, TITLE, SORT_ORDER, PANEL_TYPE, CHART_TYPE, FRAGMENT_NAME, MAIN_YN, REFRESH_INTERVAL, YAXIS_LABEL, YAXIS_UNIT, YAXIS_MIN, YAXIS_MAX, XAXIS_MODE, CREATE_TIME, UPDATE_TIME, PAGE_ROW_ID) values (	24	,	 'Network Traffic basic'	,	13	,	 'CHART'	,	 'line'	,	 'col-6-head-card-panel'	,	'Y'	,	60000	,	 'recv (+) / trans (-)'	,	 'bps'	,	 'auto'	,	 'auto'	,	 'datetime'	,	CURRENT_TIMESTAMP()	,	CURRENT_TIMESTAMP()	,	7	);
INSERT INTO page_row_panel (PANEL_ID, TITLE, SORT_ORDER, PANEL_TYPE, CHART_TYPE, FRAGMENT_NAME, MAIN_YN, REFRESH_INTERVAL, YAXIS_LABEL, YAXIS_UNIT, YAXIS_MIN, YAXIS_MAX, XAXIS_MODE, CREATE_TIME, UPDATE_TIME, PAGE_ROW_ID) values (	25	,	 'Network Traffic by packets'	,	14	,	 'CHART'	,	 'line'	,	 'col-6-head-card-panel'	,	'Y'	,	60000	,	 'in (+) / out (-)'	,	 'pps'	,	 'auto'	,	 'auto'	,	 'datetime'	,	CURRENT_TIMESTAMP()	,	CURRENT_TIMESTAMP()	,	7	);
INSERT INTO page_row_panel (PANEL_ID, TITLE, SORT_ORDER, PANEL_TYPE, CHART_TYPE, FRAGMENT_NAME, MAIN_YN, REFRESH_INTERVAL, YAXIS_LABEL, YAXIS_UNIT, YAXIS_MIN, YAXIS_MAX, XAXIS_MODE, CREATE_TIME, UPDATE_TIME, PAGE_ROW_ID) values (	26	,	 'File System Table '	,	15	,	 'METRIC_TABLE'	,	 ''	,	 'full-head-card-panel-in-table'	,	'Y'	,	60000	,	 ''	,	 ''	,	 ''	,	 ''	,	 ''	,	CURRENT_TIMESTAMP()	,	CURRENT_TIMESTAMP()	,	8	);
INSERT INTO page_row_panel (PANEL_ID, TITLE, SORT_ORDER, PANEL_TYPE, CHART_TYPE, FRAGMENT_NAME, MAIN_YN, REFRESH_INTERVAL, YAXIS_LABEL, YAXIS_UNIT, YAXIS_MIN, YAXIS_MAX, XAXIS_MODE, CREATE_TIME, UPDATE_TIME, PAGE_ROW_ID) values (	27	,	 'Process '	,	16	,	 'METRIC_TABLE'	,	 ''	,	 'full-head-card-panel-in-table'	,	'Y'	,	60000	,	 ''	,	 ''	,	 ''	,	 ''	,	 ''	,	CURRENT_TIMESTAMP()	,	CURRENT_TIMESTAMP()	,	9	);

-- JVM Overview
INSERT INTO page_row_panel (PANEL_ID, TITLE, SORT_ORDER, PANEL_TYPE, FRAGMENT_NAME, CHART_TYPE, MAIN_YN, REFRESH_INTERVAL, YAXIS_LABEL, YAXIS_UNIT, YAXIS_MIN, YAXIS_MAX, XAXIS_MODE, CREATE_TIME, UPDATE_TIME, PAGE_ROW_ID) values (	28	,	 'JVM'	,	1	,	 'BADGE'	,	'value-card-panel'	,	 ''	,	'Y'	,	60000	,	 ''	,	 'float'	,	 ''	,	 ''	,	 ''	,	CURRENT_TIMESTAMP()	,	CURRENT_TIMESTAMP()	,	10	);
INSERT INTO page_row_panel (PANEL_ID, TITLE, SORT_ORDER, PANEL_TYPE, FRAGMENT_NAME, CHART_TYPE, MAIN_YN, REFRESH_INTERVAL, YAXIS_LABEL, YAXIS_UNIT, YAXIS_MIN, YAXIS_MAX, XAXIS_MODE, CREATE_TIME, UPDATE_TIME, PAGE_ROW_ID) values (	29	,	 'Avg. CPU'	,	2	,	 'CHART'	,	'headless-card-panel'	,	 'solidgauge'	,	'Y'	,	60000	,	 ''	,	 '%'	,	 '0'	,	 '100'	,	 ''	,	CURRENT_TIMESTAMP()	,	CURRENT_TIMESTAMP()	,	10	);
INSERT INTO page_row_panel (PANEL_ID, TITLE, SORT_ORDER, PANEL_TYPE, FRAGMENT_NAME, CHART_TYPE, MAIN_YN, REFRESH_INTERVAL, YAXIS_LABEL, YAXIS_UNIT, YAXIS_MIN, YAXIS_MAX, XAXIS_MODE, CREATE_TIME, UPDATE_TIME, PAGE_ROW_ID) values (	30	,	 'Heap Memory'	,	3	,	 'CHART'	,	'headless-card-panel'	,	 'solidgauge'	,	'Y'	,	60000	,	 ''	,	 '%'	,	 '0'	,	 '100'	,	 ''	,	CURRENT_TIMESTAMP()	,	CURRENT_TIMESTAMP()	,	10	);
INSERT INTO page_row_panel (PANEL_ID, TITLE, SORT_ORDER, PANEL_TYPE, FRAGMENT_NAME, CHART_TYPE, MAIN_YN, REFRESH_INTERVAL, YAXIS_LABEL, YAXIS_UNIT, YAXIS_MIN, YAXIS_MAX, XAXIS_MODE, CREATE_TIME, UPDATE_TIME, PAGE_ROW_ID) values (	31	,	 'Active Threads'	,	4	,	 'BADGE'	,	'value-card-panel'	,	 ''	,	'Y'	,	60000	,	 ''	,	 '%'	,	 ''	,	 ''	,	 ''	,	CURRENT_TIMESTAMP()	,	CURRENT_TIMESTAMP()	,	10	);
INSERT INTO page_row_panel (PANEL_ID, TITLE, SORT_ORDER, PANEL_TYPE, FRAGMENT_NAME, CHART_TYPE, MAIN_YN, REFRESH_INTERVAL, YAXIS_LABEL, YAXIS_UNIT, YAXIS_MIN, YAXIS_MAX, XAXIS_MODE, CREATE_TIME, UPDATE_TIME, PAGE_ROW_ID) values (	32	,	 'Avg. GC Time'	,	5	,	 'BADGE'	,	'value-card-panel'	,	 ''	,	'Y'	,	60000	,	 ''	,	 '%'	,	 ''	,	 ''	,	 ''	,	CURRENT_TIMESTAMP()	,	CURRENT_TIMESTAMP()	,	10	);
INSERT INTO page_row_panel (PANEL_ID, TITLE, SORT_ORDER, PANEL_TYPE, FRAGMENT_NAME, CHART_TYPE, MAIN_YN, REFRESH_INTERVAL, YAXIS_LABEL, YAXIS_UNIT, YAXIS_MIN, YAXIS_MAX, XAXIS_MODE, CREATE_TIME, UPDATE_TIME, PAGE_ROW_ID) values (	33	,	 'Heap Used [Memory bytes]'	,	6	,	 'CHART'	,	'head-card-panel'	,	 'line'	,	'Y'	,	60000	,	 ''	,	 'bytes'	,	 '0'	,	 'auto'	,	 'datetime'	,	CURRENT_TIMESTAMP()	,	CURRENT_TIMESTAMP()	,	11	);
INSERT INTO page_row_panel (PANEL_ID, TITLE, SORT_ORDER, PANEL_TYPE, FRAGMENT_NAME, CHART_TYPE, MAIN_YN, REFRESH_INTERVAL, YAXIS_LABEL, YAXIS_UNIT, YAXIS_MIN, YAXIS_MAX, XAXIS_MODE, CREATE_TIME, UPDATE_TIME, PAGE_ROW_ID) values (	34	,	 'Non Heap Usage [Memory bytes]'	,	7	,	 'CHART'	,	'head-card-panel'	,	 'line'	,	'Y'	,	60000	,	 ''	,	 'bytes'	,	 '0'	,	 'auto'	,	 'datetime'	,	CURRENT_TIMESTAMP()	,	CURRENT_TIMESTAMP()	,	11	);
INSERT INTO page_row_panel (PANEL_ID, TITLE, SORT_ORDER, PANEL_TYPE, FRAGMENT_NAME, CHART_TYPE, MAIN_YN, REFRESH_INTERVAL, YAXIS_LABEL, YAXIS_UNIT, YAXIS_MIN, YAXIS_MAX, XAXIS_MODE, CREATE_TIME, UPDATE_TIME, PAGE_ROW_ID) values (	35	,	 'PS Eden [Memory bytes]'	,	8	,	 'CHART'	,	'head-card-panel'	,	 'line'	,	'Y'	,	60000	,	 ''	,	 'bytes'	,	 '0'	,	 'auto'	,	 'datetime'	,	CURRENT_TIMESTAMP()	,	CURRENT_TIMESTAMP()	,	11	);
INSERT INTO page_row_panel (PANEL_ID, TITLE, SORT_ORDER, PANEL_TYPE, FRAGMENT_NAME, CHART_TYPE, MAIN_YN, REFRESH_INTERVAL, YAXIS_LABEL, YAXIS_UNIT, YAXIS_MIN, YAXIS_MAX, XAXIS_MODE, CREATE_TIME, UPDATE_TIME, PAGE_ROW_ID) values (	36	,	 'PS Old Gen [Memory bytes]'	,	9	,	 'CHART'	,	'head-card-panel'	,	 'line'	,	'Y'	,	60000	,	 ''	,	 'bytes'	,	 '0'	,	 'auto'	,	 'datetime'	,	CURRENT_TIMESTAMP()	,	CURRENT_TIMESTAMP()	,	11	);
INSERT INTO page_row_panel (PANEL_ID, TITLE, SORT_ORDER, PANEL_TYPE, FRAGMENT_NAME, CHART_TYPE, MAIN_YN, REFRESH_INTERVAL, YAXIS_LABEL, YAXIS_UNIT, YAXIS_MIN, YAXIS_MAX, XAXIS_MODE, CREATE_TIME, UPDATE_TIME, PAGE_ROW_ID) values (	37	,	 'Thread used'	,	10	,	 'CHART'	,	'head-card-panel'	,	 'line'	,	'Y'	,	60000	,	 ''	,	 'float'	,	 '0'	,	 'auto'	,	 'datetime'	,	CURRENT_TIMESTAMP()	,	CURRENT_TIMESTAMP()	,	11	);
INSERT INTO page_row_panel (PANEL_ID, TITLE, SORT_ORDER, PANEL_TYPE, FRAGMENT_NAME, CHART_TYPE, MAIN_YN, REFRESH_INTERVAL, YAXIS_LABEL, YAXIS_UNIT, YAXIS_MIN, YAXIS_MAX, XAXIS_MODE, CREATE_TIME, UPDATE_TIME, PAGE_ROW_ID) values (	38	,	 'GC Count'	,	11	,	 'CHART'	,	'head-card-panel'	,	 'line'	,	'Y'	,	60000	,	 ''	,	 'float'	,	 '0'	,	 'auto'	,	 'datetime'	,	CURRENT_TIMESTAMP()	,	CURRENT_TIMESTAMP()	,	11	);
INSERT INTO page_row_panel (PANEL_ID, TITLE, SORT_ORDER, PANEL_TYPE, FRAGMENT_NAME, CHART_TYPE, MAIN_YN, REFRESH_INTERVAL, YAXIS_LABEL, YAXIS_UNIT, YAXIS_MIN, YAXIS_MAX, XAXIS_MODE, CREATE_TIME, UPDATE_TIME, PAGE_ROW_ID) values (	39	,	 'GC Time / 5 min.rate'	,	12	,	 'CHART'	,	'head-card-panel'	,	 'line'	,	'Y'	,	60000	,	 ''	,	 'sec'	,	 '0'	,	 'auto'	,	 'datetime'	,	CURRENT_TIMESTAMP()	,	CURRENT_TIMESTAMP()	,	11	);
INSERT INTO page_row_panel (PANEL_ID, TITLE, SORT_ORDER, PANEL_TYPE, FRAGMENT_NAME, CHART_TYPE, MAIN_YN, REFRESH_INTERVAL, YAXIS_LABEL, YAXIS_UNIT, YAXIS_MIN, YAXIS_MAX, XAXIS_MODE, CREATE_TIME, UPDATE_TIME, PAGE_ROW_ID) values (	40	,	 'Class loading'	,	13	,	 'CHART'	,	'head-card-panel'	,	 'line'	,	'Y'	,	60000	,	 ''	,	 'float'	,	 '0'	,	 'auto'	,	 'datetime'	,	CURRENT_TIMESTAMP()	,	CURRENT_TIMESTAMP()	,	11	);


--JVM Application
INSERT INTO page_row_panel (PANEL_ID, TITLE, SORT_ORDER, PANEL_TYPE, FRAGMENT_NAME, CHART_TYPE, MAIN_YN, REFRESH_INTERVAL, YAXIS_LABEL, YAXIS_UNIT, YAXIS_MIN, YAXIS_MAX, XAXIS_MODE, CREATE_TIME, UPDATE_TIME, PAGE_ROW_ID) values (	41	,	 'Uptime'	,	1	,	 'BADGE'	,	'col-3-value-card-panel'	,	 'text'	,	'Y'	,	60000	,	 ''	,	 'day'	,	 ''	,	 ''	,	 ''	,	CURRENT_TIMESTAMP()	,	CURRENT_TIMESTAMP()	,	13	);
INSERT INTO page_row_panel (PANEL_ID, TITLE, SORT_ORDER, PANEL_TYPE, FRAGMENT_NAME, CHART_TYPE, MAIN_YN, REFRESH_INTERVAL, YAXIS_LABEL, YAXIS_UNIT, YAXIS_MIN, YAXIS_MAX, XAXIS_MODE, CREATE_TIME, UPDATE_TIME, PAGE_ROW_ID) values (	42	,	 'Start time'	,	2	,	 'BADGE'	,	'col-3-value-card-panel'	,	 'date'	,	'Y'	,	60000	,	 ''	,	 'time'	,	 ''	,	 ''	,	 ''	,	CURRENT_TIMESTAMP()	,	CURRENT_TIMESTAMP()	,	13	);
INSERT INTO page_row_panel (PANEL_ID, TITLE, SORT_ORDER, PANEL_TYPE, FRAGMENT_NAME, CHART_TYPE, MAIN_YN, REFRESH_INTERVAL, YAXIS_LABEL, YAXIS_UNIT, YAXIS_MIN, YAXIS_MAX, XAXIS_MODE, CREATE_TIME, UPDATE_TIME, PAGE_ROW_ID) values (	43	,	 'Heap used'	,	3	,	 'CHART'	,	'col-3-headless-card-panel'	,	 'sparkline'	,	'Y'	,	60000	,	 ''	,	 '%'	,	 '0'	,	 'auto'	,	 ''	,	CURRENT_TIMESTAMP()	,	CURRENT_TIMESTAMP()	,	13	);
INSERT INTO page_row_panel (PANEL_ID, TITLE, SORT_ORDER, PANEL_TYPE, FRAGMENT_NAME, CHART_TYPE, MAIN_YN, REFRESH_INTERVAL, YAXIS_LABEL, YAXIS_UNIT, YAXIS_MIN, YAXIS_MAX, XAXIS_MODE, CREATE_TIME, UPDATE_TIME, PAGE_ROW_ID) values (	44	,	 'JVM version'	,	4	,	 'Boxversion'	,	'col-3-value-card-panel'	,	 ''	,	'Y'	,	60000	,	 ''	,	 'text'	,	 ''	,	 ''	,	 ''	,	CURRENT_TIMESTAMP()	,	CURRENT_TIMESTAMP()	,	13	);
INSERT INTO page_row_panel (PANEL_ID, TITLE, SORT_ORDER, PANEL_TYPE, FRAGMENT_NAME, CHART_TYPE, MAIN_YN, REFRESH_INTERVAL, YAXIS_LABEL, YAXIS_UNIT, YAXIS_MIN, YAXIS_MAX, XAXIS_MODE, CREATE_TIME, UPDATE_TIME, PAGE_ROW_ID) values (	45	,	 'JVM CPU Usage [%]'	,	5	,	 'CHART'	,	'col-6-head-card-panel'	,	 'line'	,	'Y'	,	60000	,	 'float'	,	 '%'	,	 '0'	,	 'auto'	,	 'datetime'	,	CURRENT_TIMESTAMP()	,	CURRENT_TIMESTAMP()	,	14	);
INSERT INTO page_row_panel (PANEL_ID, TITLE, SORT_ORDER, PANEL_TYPE, FRAGMENT_NAME, CHART_TYPE, MAIN_YN, REFRESH_INTERVAL, YAXIS_LABEL, YAXIS_UNIT, YAXIS_MIN, YAXIS_MAX, XAXIS_MODE, CREATE_TIME, UPDATE_TIME, PAGE_ROW_ID) values (	46	,	 'Request (count)'	,	6	,	 'CHART'	,	'col-6-head-card-panel'	,	 'line'	,	'Y'	,	60000	,	 'counter'	,	 'float'	,	 '0'	,	 'auto'	,	 'datetime'	,	CURRENT_TIMESTAMP()	,	CURRENT_TIMESTAMP()	,	14	);
INSERT INTO page_row_panel (PANEL_ID, TITLE, SORT_ORDER, PANEL_TYPE, FRAGMENT_NAME, CHART_TYPE, MAIN_YN, REFRESH_INTERVAL, YAXIS_LABEL, YAXIS_UNIT, YAXIS_MIN, YAXIS_MAX, XAXIS_MODE, CREATE_TIME, UPDATE_TIME, PAGE_ROW_ID) values (	47	,	 'Heap Used [Memory bytes]'	,	7	,	 'CHART'	,	'head-card-panel'	,	 'line'	,	'Y'	,	60000	,	 ''	,	 'bytes'	,	 '0'	,	 'auto'	,	 'datetime'	,	CURRENT_TIMESTAMP()	,	CURRENT_TIMESTAMP()	,	14	);
INSERT INTO page_row_panel (PANEL_ID, TITLE, SORT_ORDER, PANEL_TYPE, FRAGMENT_NAME, CHART_TYPE, MAIN_YN, REFRESH_INTERVAL, YAXIS_LABEL, YAXIS_UNIT, YAXIS_MIN, YAXIS_MAX, XAXIS_MODE, CREATE_TIME, UPDATE_TIME, PAGE_ROW_ID) values (	48	,	 'Non Heap Usage [Memory bytes]'	,	8	,	 'CHART'	,	'head-card-panel'	,	 'line'	,	'Y'	,	60000	,	 ''	,	 'bytes'	,	 '0'	,	 'auto'	,	 'datetime'	,	CURRENT_TIMESTAMP()	,	CURRENT_TIMESTAMP()	,	14	);
INSERT INTO page_row_panel (PANEL_ID, TITLE, SORT_ORDER, PANEL_TYPE, FRAGMENT_NAME, CHART_TYPE, MAIN_YN, REFRESH_INTERVAL, YAXIS_LABEL, YAXIS_UNIT, YAXIS_MIN, YAXIS_MAX, XAXIS_MODE, CREATE_TIME, UPDATE_TIME, PAGE_ROW_ID) values (	49	,	 'PS Eden [Memory bytes]'	,	9	,	 'CHART'	,	'head-card-panel'	,	 'line'	,	'Y'	,	60000	,	 ''	,	 'bytes'	,	 '0'	,	 'auto'	,	 'datetime'	,	CURRENT_TIMESTAMP()	,	CURRENT_TIMESTAMP()	,	14	);
INSERT INTO page_row_panel (PANEL_ID, TITLE, SORT_ORDER, PANEL_TYPE, FRAGMENT_NAME, CHART_TYPE, MAIN_YN, REFRESH_INTERVAL, YAXIS_LABEL, YAXIS_UNIT, YAXIS_MIN, YAXIS_MAX, XAXIS_MODE, CREATE_TIME, UPDATE_TIME, PAGE_ROW_ID) values (	50	,	 'PS Old Gen [Memory bytes]'	,	10	,	 'CHART'	,	'head-card-panel'	,	 'line'	,	'Y'	,	60000	,	 ''	,	 'bytes'	,	 '0'	,	 'auto'	,	 'datetime'	,	CURRENT_TIMESTAMP()	,	CURRENT_TIMESTAMP()	,	14	);
INSERT INTO page_row_panel (PANEL_ID, TITLE, SORT_ORDER, PANEL_TYPE, FRAGMENT_NAME, CHART_TYPE, MAIN_YN, REFRESH_INTERVAL, YAXIS_LABEL, YAXIS_UNIT, YAXIS_MIN, YAXIS_MAX, XAXIS_MODE, CREATE_TIME, UPDATE_TIME, PAGE_ROW_ID) values (	51	,	 'Thread used'	,	11	,	 'CHART'	,	'col-6-head-card-panel'	,	 'line'	,	'Y'	,	60000	,	 ''	,	 'float'	,	 '0'	,	 'auto'	,	 'datetime'	,	CURRENT_TIMESTAMP()	,	CURRENT_TIMESTAMP()	,	14	);
INSERT INTO page_row_panel (PANEL_ID, TITLE, SORT_ORDER, PANEL_TYPE, FRAGMENT_NAME, CHART_TYPE, MAIN_YN, REFRESH_INTERVAL, YAXIS_LABEL, YAXIS_UNIT, YAXIS_MIN, YAXIS_MAX, XAXIS_MODE, CREATE_TIME, UPDATE_TIME, PAGE_ROW_ID) values (	52	,	 'Class loading'	,	12	,	 'CHART'	,	'col-6-head-card-panel'	,	 'line'	,	'Y'	,	60000	,	 ''	,	 'float'	,	 '0'	,	 'auto'	,	 'datetime'	,	CURRENT_TIMESTAMP()	,	CURRENT_TIMESTAMP()	,	14	);
INSERT INTO page_row_panel (PANEL_ID, TITLE, SORT_ORDER, PANEL_TYPE, FRAGMENT_NAME, CHART_TYPE, MAIN_YN, REFRESH_INTERVAL, YAXIS_LABEL, YAXIS_UNIT, YAXIS_MIN, YAXIS_MAX, XAXIS_MODE, CREATE_TIME, UPDATE_TIME, PAGE_ROW_ID) values (	53	,	 'GC Count'	,	13	,	 'CHART'	,	'col-6-head-card-panel'	,	 'line'	,	'Y'	,	60000	,	 ''	,	 'sec'	,	 '0'	,	 'auto'	,	 'datetime'	,	CURRENT_TIMESTAMP()	,	CURRENT_TIMESTAMP()	,	14	);
INSERT INTO page_row_panel (PANEL_ID, TITLE, SORT_ORDER, PANEL_TYPE, FRAGMENT_NAME, CHART_TYPE, MAIN_YN, REFRESH_INTERVAL, YAXIS_LABEL, YAXIS_UNIT, YAXIS_MIN, YAXIS_MAX, XAXIS_MODE, CREATE_TIME, UPDATE_TIME, PAGE_ROW_ID) values (	54	,	 'GC Time / 5 min.rate'	,	14	,	 'CHART'	,	'col-6-head-card-panel'	,	 'line'	,	'Y'	,	60000	,	 ''	,	 'float'	,	 '0'	,	 'auto'	,	 'datetime'	,	CURRENT_TIMESTAMP()	,	CURRENT_TIMESTAMP()	,	14	);


-- Database
INSERT INTO page_row_panel (PANEL_ID, TITLE, SORT_ORDER, PANEL_TYPE, CHART_TYPE, FRAGMENT_NAME, MAIN_YN,REFRESH_INTERVAL, YAXIS_LABEL, YAXIS_UNIT, YAXIS_MIN, YAXIS_MAX, XAXIS_MODE, CREATE_TIME, UPDATE_TIME, PAGE_ROW_ID) values (	55	,	 'RAC Node #1'	,	1	,	 'CHART'   	,	 'sparkline'    	,	 'head-card-db-dummy'  	,	 'Y'	,	10000	,	 ''    	,	 'float'   	,	 ''    	,	 ''    	,	 ''    	,	CURRENT_TIMESTAMP()	,	CURRENT_TIMESTAMP()	,	15	);
INSERT INTO page_row_panel (PANEL_ID, TITLE, SORT_ORDER, PANEL_TYPE, CHART_TYPE, FRAGMENT_NAME, MAIN_YN,REFRESH_INTERVAL, YAXIS_LABEL, YAXIS_UNIT, YAXIS_MIN, YAXIS_MAX, XAXIS_MODE, CREATE_TIME, UPDATE_TIME, PAGE_ROW_ID) values (	56	,	 'Available Node'  	,	1	,	 'UPDOWN'   	,	 ''    	,	 'head-card-db-panel'  	,	 'N'	,	10000	,	 ''    	,	 'float'   	,	 ''    	,	 ''    	,	 ''    	,	CURRENT_TIMESTAMP()	,	CURRENT_TIMESTAMP()	,	15	);
INSERT INTO page_row_panel (PANEL_ID, TITLE, SORT_ORDER, PANEL_TYPE, CHART_TYPE, FRAGMENT_NAME, MAIN_YN,REFRESH_INTERVAL, YAXIS_LABEL, YAXIS_UNIT, YAXIS_MIN, YAXIS_MAX, XAXIS_MODE, CREATE_TIME, UPDATE_TIME, PAGE_ROW_ID) values (	57	,	 'CPU'   	,	2	,	 'CHART'   	,	 'sparkline'    	,	 'head-card-db-panel'  	,	 'N'	,	10000	,	 ''    	,	 '%'   	,	 '0'   	,	 '100' 	,	 'datetime'    	,	CURRENT_TIMESTAMP()	,	CURRENT_TIMESTAMP()	,	15	);
INSERT INTO page_row_panel (PANEL_ID, TITLE, SORT_ORDER, PANEL_TYPE, CHART_TYPE, FRAGMENT_NAME, MAIN_YN,REFRESH_INTERVAL, YAXIS_LABEL, YAXIS_UNIT, YAXIS_MIN, YAXIS_MAX, XAXIS_MODE, CREATE_TIME, UPDATE_TIME, PAGE_ROW_ID) values (	58	,	 'Memory'    	,	3	,	 'CHART'   	,	 'sparkline'    	,	 'head-card-db-panel'  	,	 'N'	,	10000	,	 ''    	,	 '%'   	,	 '0'   	,	 '100' 	,	 'datetime'    	,	CURRENT_TIMESTAMP()	,	CURRENT_TIMESTAMP()	,	15	);
INSERT INTO page_row_panel (PANEL_ID, TITLE, SORT_ORDER, PANEL_TYPE, CHART_TYPE, FRAGMENT_NAME, MAIN_YN,REFRESH_INTERVAL, YAXIS_LABEL, YAXIS_UNIT, YAXIS_MIN, YAXIS_MAX, XAXIS_MODE, CREATE_TIME, UPDATE_TIME, PAGE_ROW_ID) values (	59	,	 'Available Node'  	,	4	,	 'UPDOWN'   	,	 ''    	,	 'head-card-db-panel'  	,	 'N'	,	10000	,	 ''    	,	 'float'   	,	 ''    	,	 ''    	,	 ''    	,	CURRENT_TIMESTAMP()	,	CURRENT_TIMESTAMP()	,	15	);
INSERT INTO page_row_panel (PANEL_ID, TITLE, SORT_ORDER, PANEL_TYPE, CHART_TYPE, FRAGMENT_NAME, MAIN_YN,REFRESH_INTERVAL, YAXIS_LABEL, YAXIS_UNIT, YAXIS_MIN, YAXIS_MAX, XAXIS_MODE, CREATE_TIME, UPDATE_TIME, PAGE_ROW_ID) values (	60	,	 'CPU'   	,	5	,	 'CHART'   	,	 'sparkline'    	,	 'head-card-db-panel'  	,	 'N'	,	10000	,	 ''    	,	 '%'   	,	 '0'   	,	 '100' 	,	 'datetime'    	,	CURRENT_TIMESTAMP()	,	CURRENT_TIMESTAMP()	,	15	);
INSERT INTO page_row_panel (PANEL_ID, TITLE, SORT_ORDER, PANEL_TYPE, CHART_TYPE, FRAGMENT_NAME, MAIN_YN,REFRESH_INTERVAL, YAXIS_LABEL, YAXIS_UNIT, YAXIS_MIN, YAXIS_MAX, XAXIS_MODE, CREATE_TIME, UPDATE_TIME, PAGE_ROW_ID) values (	61	,	 'Memory'    	,	6	,	 'CHART'   	,	 'sparkline'    	,	 'head-card-db-panel'  	,	 'N'	,	10000	,	 ''    	,	 '%'   	,	 '0'   	,	 '100' 	,	 'datetime'    	,	CURRENT_TIMESTAMP()	,	CURRENT_TIMESTAMP()	,	15	);
INSERT INTO page_row_panel (PANEL_ID, TITLE, SORT_ORDER, PANEL_TYPE, CHART_TYPE, FRAGMENT_NAME, MAIN_YN,REFRESH_INTERVAL, YAXIS_LABEL, YAXIS_UNIT, YAXIS_MIN, YAXIS_MAX, XAXIS_MODE, CREATE_TIME, UPDATE_TIME, PAGE_ROW_ID) values (	62	,	 'Available Node'  	,	7	,	 'UPDOWN'   	,	 ''    	,	 'head-card-db-panel'  	,	 'N'	,	10000	,	 ''    	,	 'float'   	,	 ''    	,	 ''    	,	 ''    	,	CURRENT_TIMESTAMP()	,	CURRENT_TIMESTAMP()	,	15	);
INSERT INTO page_row_panel (PANEL_ID, TITLE, SORT_ORDER, PANEL_TYPE, CHART_TYPE, FRAGMENT_NAME, MAIN_YN,REFRESH_INTERVAL, YAXIS_LABEL, YAXIS_UNIT, YAXIS_MIN, YAXIS_MAX, XAXIS_MODE, CREATE_TIME, UPDATE_TIME, PAGE_ROW_ID) values (	63	,	 'CPU'   	,	8	,	 'CHART'   	,	 'sparkline'    	,	 'head-card-db-panel'  	,	 'N'	,	10000	,	 ''    	,	 '%'   	,	 '0'   	,	 '100' 	,	 'datetime'    	,	CURRENT_TIMESTAMP()	,	CURRENT_TIMESTAMP()	,	15	);
INSERT INTO page_row_panel (PANEL_ID, TITLE, SORT_ORDER, PANEL_TYPE, CHART_TYPE, FRAGMENT_NAME, MAIN_YN,REFRESH_INTERVAL, YAXIS_LABEL, YAXIS_UNIT, YAXIS_MIN, YAXIS_MAX, XAXIS_MODE, CREATE_TIME, UPDATE_TIME, PAGE_ROW_ID) values (	64	,	 'Memory'    	,	9	,	 'CHART'   	,	 'sparkline'    	,	 'head-card-db-panel'  	,	 'N'	,	10000	,	 ''    	,	 '%'   	,	 '0'   	,	 '100' 	,	 'datetime'    	,	CURRENT_TIMESTAMP()	,	CURRENT_TIMESTAMP()	,	15	);
INSERT INTO page_row_panel (PANEL_ID, TITLE, SORT_ORDER, PANEL_TYPE, CHART_TYPE, FRAGMENT_NAME, MAIN_YN,REFRESH_INTERVAL, YAXIS_LABEL, YAXIS_UNIT, YAXIS_MIN, YAXIS_MAX, XAXIS_MODE, CREATE_TIME, UPDATE_TIME, PAGE_ROW_ID) values (	65	,	 'Execute count'   	,	1	,	 'CHART'   	,	 'sparkline'    	,	 'headless-card-panel'  	,	 'Y'	,	10000	,	 ''    	,	 'float'   	,	 '0'   	,	 'auto'    	,	 'datetime'    	,	CURRENT_TIMESTAMP()	,	CURRENT_TIMESTAMP()	,	16	);
INSERT INTO page_row_panel (PANEL_ID, TITLE, SORT_ORDER, PANEL_TYPE, CHART_TYPE, FRAGMENT_NAME, MAIN_YN,REFRESH_INTERVAL, YAXIS_LABEL, YAXIS_UNIT, YAXIS_MIN, YAXIS_MAX, XAXIS_MODE, CREATE_TIME, UPDATE_TIME, PAGE_ROW_ID) values (	66	,	 'Number of commit'    	,	2	,	 'CHART'   	,	 'sparkline'    	,	 'headless-card-panel'  	,	 'Y'	,	10000	,	 ''    	,	 'float'   	,	 '0'   	,	 'auto'    	,	 'datetime'    	,	CURRENT_TIMESTAMP()	,	CURRENT_TIMESTAMP()	,	16	);
INSERT INTO page_row_panel (PANEL_ID, TITLE, SORT_ORDER, PANEL_TYPE, CHART_TYPE, FRAGMENT_NAME, MAIN_YN,REFRESH_INTERVAL, YAXIS_LABEL, YAXIS_UNIT, YAXIS_MIN, YAXIS_MAX, XAXIS_MODE, CREATE_TIME, UPDATE_TIME, PAGE_ROW_ID) values (	67	,	 'Active session'  	,	3	,	 'CHART'   	,	 'sparkline'    	,	 'headless-card-panel'  	,	 'Y'	,	10000	,	 ''    	,	 'float'   	,	 '0'   	,	 'auto'    	,	 'datetime'    	,	CURRENT_TIMESTAMP()	,	CURRENT_TIMESTAMP()	,	16	);
INSERT INTO page_row_panel (PANEL_ID, TITLE, SORT_ORDER, PANEL_TYPE, CHART_TYPE, FRAGMENT_NAME, MAIN_YN,REFRESH_INTERVAL, YAXIS_LABEL, YAXIS_UNIT, YAXIS_MIN, YAXIS_MAX, XAXIS_MODE, CREATE_TIME, UPDATE_TIME, PAGE_ROW_ID) values (	68	,	 'Process count'   	,	4	,	 'CHART'   	,	 'sparkline'    	,	 'headless-card-panel'  	,	 'Y'	,	10000	,	 ''    	,	 'float'   	,	 '0'   	,	 'auto'    	,	 'datetime'    	,	CURRENT_TIMESTAMP()	,	CURRENT_TIMESTAMP()	,	16	);
INSERT INTO page_row_panel (PANEL_ID, TITLE, SORT_ORDER, PANEL_TYPE, CHART_TYPE, FRAGMENT_NAME, MAIN_YN,REFRESH_INTERVAL, YAXIS_LABEL, YAXIS_UNIT, YAXIS_MIN, YAXIS_MAX, XAXIS_MODE, CREATE_TIME, UPDATE_TIME, PAGE_ROW_ID) values (	69	,	 'User rollback'   	,	5	,	 'CHART'   	,	 'sparkline'    	,	 'headless-card-panel'  	,	 'Y'	,	10000	,	 ''    	,	 'float'   	,	 '0'   	,	 'auto'    	,	 'datetime'    	,	CURRENT_TIMESTAMP()	,	CURRENT_TIMESTAMP()	,	16	);
INSERT INTO page_row_panel (PANEL_ID, TITLE, SORT_ORDER, PANEL_TYPE, CHART_TYPE, FRAGMENT_NAME, MAIN_YN,REFRESH_INTERVAL, YAXIS_LABEL, YAXIS_UNIT, YAXIS_MIN, YAXIS_MAX, XAXIS_MODE, CREATE_TIME, UPDATE_TIME, PAGE_ROW_ID) values (	70	,	 'Concurrent wait time'    	,	1	,	 'CHART'   	,	 'line'    	,	 'head-card-panel' 	,	 'Y'	,	10000	,	 ''    	,	 'sec' 	,	 '0'   	,	 'auto'    	,	 'datetime'    	,	CURRENT_TIMESTAMP()	,	CURRENT_TIMESTAMP()	,	17	);
INSERT INTO page_row_panel (PANEL_ID, TITLE, SORT_ORDER, PANEL_TYPE, CHART_TYPE, FRAGMENT_NAME, MAIN_YN,REFRESH_INTERVAL, YAXIS_LABEL, YAXIS_UNIT, YAXIS_MIN, YAXIS_MAX, XAXIS_MODE, CREATE_TIME, UPDATE_TIME, PAGE_ROW_ID) values (	71	,	 'Commit wait time'    	,	2	,	 'CHART'   	,	 'line'    	,	 'head-card-panel' 	,	 'Y'	,	10000	,	 ''    	,	 'sec' 	,	 '0'   	,	 'auto'    	,	 'datetime'    	,	CURRENT_TIMESTAMP()	,	CURRENT_TIMESTAMP()	,	17	);
INSERT INTO page_row_panel (PANEL_ID, TITLE, SORT_ORDER, PANEL_TYPE, CHART_TYPE, FRAGMENT_NAME, MAIN_YN,REFRESH_INTERVAL, YAXIS_LABEL, YAXIS_UNIT, YAXIS_MIN, YAXIS_MAX, XAXIS_MODE, CREATE_TIME, UPDATE_TIME, PAGE_ROW_ID) values (	72	,	 'Application waiting' 	,	3	,	 'CHART'   	,	 'line'    	,	 'head-card-panel' 	,	 'Y'	,	10000	,	 ''    	,	 'sec' 	,	 '0'   	,	 'auto'    	,	 'datetime'    	,	CURRENT_TIMESTAMP()	,	CURRENT_TIMESTAMP()	,	17	);
INSERT INTO page_row_panel (PANEL_ID, TITLE, SORT_ORDER, PANEL_TYPE, CHART_TYPE, FRAGMENT_NAME, MAIN_YN,REFRESH_INTERVAL, YAXIS_LABEL, YAXIS_UNIT, YAXIS_MIN, YAXIS_MAX, XAXIS_MODE, CREATE_TIME, UPDATE_TIME, PAGE_ROW_ID) values (	73	,	 'Network waiting' 	,	4	,	 'CHART'   	,	 'line'    	,	 'head-card-panel' 	,	 'Y'	,	10000	,	 ''    	,	 'sec' 	,	 '0'   	,	 'auto'    	,	 'datetime'    	,	CURRENT_TIMESTAMP()	,	CURRENT_TIMESTAMP()	,	17	);
INSERT INTO page_row_panel (PANEL_ID, TITLE, SORT_ORDER, PANEL_TYPE, CHART_TYPE, FRAGMENT_NAME, MAIN_YN,REFRESH_INTERVAL, YAXIS_LABEL, YAXIS_UNIT, YAXIS_MIN, YAXIS_MAX, XAXIS_MODE, CREATE_TIME, UPDATE_TIME, PAGE_ROW_ID) values (	74	,	 'System I/O wait' 	,	5	,	 'CHART'   	,	 'line'    	,	 'head-card-panel' 	,	 'Y'	,	10000	,	 ''    	,	 'sec' 	,	 '0'   	,	 'auto'    	,	 'datetime'    	,	CURRENT_TIMESTAMP()	,	CURRENT_TIMESTAMP()	,	17	);
INSERT INTO page_row_panel (PANEL_ID, TITLE, SORT_ORDER, PANEL_TYPE, CHART_TYPE, FRAGMENT_NAME, MAIN_YN,REFRESH_INTERVAL, YAXIS_LABEL, YAXIS_UNIT, YAXIS_MIN, YAXIS_MAX, XAXIS_MODE, CREATE_TIME, UPDATE_TIME, PAGE_ROW_ID) values (	75	,	 'User I/O wait'   	,	6	,	 'CHART'   	,	 'line'    	,	 'head-card-panel' 	,	 'Y'	,	10000	,	 ''    	,	 'sec' 	,	 '0'   	,	 'auto'    	,	 'datetime'    	,	CURRENT_TIMESTAMP()	,	CURRENT_TIMESTAMP()	,	17	);
INSERT INTO page_row_panel (PANEL_ID, TITLE, SORT_ORDER, PANEL_TYPE, CHART_TYPE, FRAGMENT_NAME, MAIN_YN,REFRESH_INTERVAL, YAXIS_LABEL, YAXIS_UNIT, YAXIS_MIN, YAXIS_MAX, XAXIS_MODE, CREATE_TIME, UPDATE_TIME, PAGE_ROW_ID) values (	76	,	 'Configuring wait'    	,	7	,	 'CHART'   	,	 'line'    	,	 'head-card-panel' 	,	 'Y'	,	10000	,	 ''    	,	 'sec' 	,	 '0'   	,	 'auto'    	,	 'datetime'    	,	CURRENT_TIMESTAMP()	,	CURRENT_TIMESTAMP()	,	17	);
INSERT INTO page_row_panel (PANEL_ID, TITLE, SORT_ORDER, PANEL_TYPE, CHART_TYPE, FRAGMENT_NAME, MAIN_YN,REFRESH_INTERVAL, YAXIS_LABEL, YAXIS_UNIT, YAXIS_MIN, YAXIS_MAX, XAXIS_MODE, CREATE_TIME, UPDATE_TIME, PAGE_ROW_ID) values (	77	,	 'Scheduler wait'  	,	8	,	 'CHART'   	,	 'line'    	,	 'head-card-panel' 	,	 'Y'	,	10000	,	 ''    	,	 'sec' 	,	 '0'   	,	 'auto'    	,	 'datetime'    	,	CURRENT_TIMESTAMP()	,	CURRENT_TIMESTAMP()	,	17	);
INSERT INTO page_row_panel (PANEL_ID, TITLE, SORT_ORDER, PANEL_TYPE, CHART_TYPE, FRAGMENT_NAME, MAIN_YN,REFRESH_INTERVAL, YAXIS_LABEL, YAXIS_UNIT, YAXIS_MIN, YAXIS_MAX, XAXIS_MODE, CREATE_TIME, UPDATE_TIME, PAGE_ROW_ID) values (	78	,	 'Resource utilization'    	,	9	,	 'CHART'   	,	 'line'    	,	 'head-card-panel' 	,	 'Y'	,	10000	,	 ''    	,	 'float'   	,	 '0'   	,	 'auto'    	,	 'datetime'    	,	CURRENT_TIMESTAMP()	,	CURRENT_TIMESTAMP()	,	17	);
INSERT INTO page_row_panel (PANEL_ID, TITLE, SORT_ORDER, PANEL_TYPE, CHART_TYPE, FRAGMENT_NAME, MAIN_YN,REFRESH_INTERVAL, YAXIS_LABEL, YAXIS_UNIT, YAXIS_MIN, YAXIS_MAX, XAXIS_MODE, CREATE_TIME, UPDATE_TIME, PAGE_ROW_ID) values (	79	,	 'Table spaces'    	,	10	,	 'METRIC_TABLE'   	,	 ''    	,	 'head-card-panel-in-table'    	,	 'Y'	,	10000	,	 ''    	,	 ''    	,	 ''    	,	 ''    	,	 ''    	,	CURRENT_TIMESTAMP()	,	CURRENT_TIMESTAMP()	,	17	);

-- Cluster Overview
INSERT INTO page_row_panel (PANEL_ID, TITLE, SORT_ORDER, PANEL_TYPE, CHART_TYPE, FRAGMENT_NAME, MAIN_YN, REFRESH_INTERVAL, YAXIS_LABEL, YAXIS_UNIT, YAXIS_MIN, YAXIS_MAX, XAXIS_MODE, CREATE_TIME, UPDATE_TIME, PAGE_ROW_ID) values (	102	,	 'CPU'	,	1	,	 'BADGE'	,	 ''	,	  'col-4-value-card-panel'   	,	 'Y'	,	60000	,	 ''	,	 'vCPU'	,	 ''	,	 ''	,	 ''	,	CURRENT_TIMESTAMP()	,	CURRENT_TIMESTAMP()	,	22	);
INSERT INTO page_row_panel (PANEL_ID, TITLE, SORT_ORDER, PANEL_TYPE, CHART_TYPE, FRAGMENT_NAME, MAIN_YN, REFRESH_INTERVAL, YAXIS_LABEL, YAXIS_UNIT, YAXIS_MIN, YAXIS_MAX, XAXIS_MODE, CREATE_TIME, UPDATE_TIME, PAGE_ROW_ID) values (	103	,	 'Memory'	,	2	,	 'BADGE'	,	 ''	,	  'col-4-value-card-panel'   	,	 'Y'	,	60000	,	 ''	,	 'GB'	,	 ''	,	 ''	,	 ''	,	CURRENT_TIMESTAMP()	,	CURRENT_TIMESTAMP()	,	22	);
INSERT INTO page_row_panel (PANEL_ID, TITLE, SORT_ORDER, PANEL_TYPE, CHART_TYPE, FRAGMENT_NAME, MAIN_YN, REFRESH_INTERVAL, YAXIS_LABEL, YAXIS_UNIT, YAXIS_MIN, YAXIS_MAX, XAXIS_MODE, CREATE_TIME, UPDATE_TIME, PAGE_ROW_ID) values (	104	,	 'Disk'	,	3	,	 'BADGE'	,	 ''	,	  'col-4-value-card-panel'   	,	 'Y'	,	60000	,	 ''	,	 'GB'	,	 ''	,	 ''	,	 ''	,	CURRENT_TIMESTAMP()	,	CURRENT_TIMESTAMP()	,	22	);
INSERT INTO page_row_panel (PANEL_ID, TITLE, SORT_ORDER, PANEL_TYPE, CHART_TYPE, FRAGMENT_NAME, MAIN_YN, REFRESH_INTERVAL, YAXIS_LABEL, YAXIS_UNIT, YAXIS_MIN, YAXIS_MAX, XAXIS_MODE, CREATE_TIME, UPDATE_TIME, PAGE_ROW_ID) values (	105	,	 'Nodes'	,	4	,	 'CHART'	,	 'multiplegauge'	,	  'head-card-panel'   	,	 'Y'	,	60000	,	 ''	,	 '%'	,	 '-0.1'	,	 '50'	,	 'datetime'	,	CURRENT_TIMESTAMP()	,	CURRENT_TIMESTAMP()	,	23	);
INSERT INTO page_row_panel (PANEL_ID, TITLE, SORT_ORDER, PANEL_TYPE, CHART_TYPE, FRAGMENT_NAME, MAIN_YN, REFRESH_INTERVAL, YAXIS_LABEL, YAXIS_UNIT, YAXIS_MIN, YAXIS_MAX, XAXIS_MODE, CREATE_TIME, UPDATE_TIME, PAGE_ROW_ID) values (	106	,	 'CPU'	,	5	,	 'CHART'	,	 'line'	,	  'head-card-panel'   	,	 'Y'	,	60000	,	 ''	,	 '%'	,	 ''	,	 ''	,	 'datetime'	,	CURRENT_TIMESTAMP()	,	CURRENT_TIMESTAMP()	,	23	);
INSERT INTO page_row_panel (PANEL_ID, TITLE, SORT_ORDER, PANEL_TYPE, CHART_TYPE, FRAGMENT_NAME, MAIN_YN, REFRESH_INTERVAL, YAXIS_LABEL, YAXIS_UNIT, YAXIS_MIN, YAXIS_MAX, XAXIS_MODE, CREATE_TIME, UPDATE_TIME, PAGE_ROW_ID) values (	107	,	 'Memory'	,	6	,	 'CHART'	,	 'line'	,	  'head-card-panel'   	,	 'Y'	,	60000	,	 ''	,	 '%'	,	 ''	,	 ''	,	 'datetime'	,	CURRENT_TIMESTAMP()	,	CURRENT_TIMESTAMP()	,	23	);
INSERT INTO page_row_panel (PANEL_ID, TITLE, SORT_ORDER, PANEL_TYPE, CHART_TYPE, FRAGMENT_NAME, MAIN_YN, REFRESH_INTERVAL, YAXIS_LABEL, YAXIS_UNIT, YAXIS_MIN, YAXIS_MAX, XAXIS_MODE, CREATE_TIME, UPDATE_TIME, PAGE_ROW_ID) values (	108	,	 'Disk'	,	7	,	 'CHART'	,	 'line'	,	  'head-card-panel'   	,	 'Y'	,	60000	,	 ''	,	 '%'	,	 ''	,	 ''	,	 'datetime'	,	CURRENT_TIMESTAMP()	,	CURRENT_TIMESTAMP()	,	23	);
INSERT INTO page_row_panel (PANEL_ID, TITLE, SORT_ORDER, PANEL_TYPE, CHART_TYPE, FRAGMENT_NAME, MAIN_YN, REFRESH_INTERVAL, YAXIS_LABEL, YAXIS_UNIT, YAXIS_MIN, YAXIS_MAX, XAXIS_MODE, CREATE_TIME, UPDATE_TIME, PAGE_ROW_ID) values (	109	,	 'Pods'	,	8	,	 'CHART'	,	 'multiplegauge'	,	  'head-card-panel'   	,	 'Y'	,	60000	,	 ''	,	 '%'	,	 '-0.1'	,	 '200'	,	 'datetime'	,	CURRENT_TIMESTAMP()	,	CURRENT_TIMESTAMP()	,	24	);
INSERT INTO page_row_panel (PANEL_ID, TITLE, SORT_ORDER, PANEL_TYPE, CHART_TYPE, FRAGMENT_NAME, MAIN_YN, REFRESH_INTERVAL, YAXIS_LABEL, YAXIS_UNIT, YAXIS_MIN, YAXIS_MAX, XAXIS_MODE, CREATE_TIME, UPDATE_TIME, PAGE_ROW_ID) values (	110	,	 'CPU'	,	9	,	 'CHART'	,	 'line'	,	  'head-card-panel'   	,	 'Y'	,	60000	,	 ''	,	 '%'	,	 ''	,	 ''	,	 'datetime'	,	CURRENT_TIMESTAMP()	,	CURRENT_TIMESTAMP()	,	24	);
INSERT INTO page_row_panel (PANEL_ID, TITLE, SORT_ORDER, PANEL_TYPE, CHART_TYPE, FRAGMENT_NAME, MAIN_YN, REFRESH_INTERVAL, YAXIS_LABEL, YAXIS_UNIT, YAXIS_MIN, YAXIS_MAX, XAXIS_MODE, CREATE_TIME, UPDATE_TIME, PAGE_ROW_ID) values (	111	,	 'Memory'	,	10	,	 'CHART'	,	 'line'	,	  'head-card-panel'   	,	 'Y'	,	60000	,	 ''	,	 'bytes'	,	 ''	,	 'datetime'	,	 ''	,	CURRENT_TIMESTAMP()	,	CURRENT_TIMESTAMP()	,	24	);
INSERT INTO page_row_panel (PANEL_ID, TITLE, SORT_ORDER, PANEL_TYPE, CHART_TYPE, FRAGMENT_NAME, MAIN_YN, REFRESH_INTERVAL, YAXIS_LABEL, YAXIS_UNIT, YAXIS_MIN, YAXIS_MAX, XAXIS_MODE, CREATE_TIME, UPDATE_TIME, PAGE_ROW_ID) values (	112	,	 'Network'	,	11	,	 'CHART'	,	 'line'	,	  'head-card-panel'   	,	 'Y'	,	60000	,	 ''	,	 '%'	,	 ''	,	 ''	,	 'datetime'	,	CURRENT_TIMESTAMP()	,	CURRENT_TIMESTAMP()	,	24	);
INSERT INTO page_row_panel (PANEL_ID, TITLE, SORT_ORDER, PANEL_TYPE, CHART_TYPE, FRAGMENT_NAME, MAIN_YN, REFRESH_INTERVAL, YAXIS_LABEL, YAXIS_UNIT, YAXIS_MIN, YAXIS_MAX, XAXIS_MODE, CREATE_TIME, UPDATE_TIME, PAGE_ROW_ID) values (	113	,	 'CPU intensive top 5'	,	12	,	 'CHART'	,	 'bar'	,	  'col-6-head-card-panel'   	,	 'Y'	,	60000	,	 ''	,	 '%'	,	 ''	,	 ''	,	 ''	,	CURRENT_TIMESTAMP()	,	CURRENT_TIMESTAMP()	,	24	);
INSERT INTO page_row_panel (PANEL_ID, TITLE, SORT_ORDER, PANEL_TYPE, CHART_TYPE, FRAGMENT_NAME, MAIN_YN, REFRESH_INTERVAL, YAXIS_LABEL, YAXIS_UNIT, YAXIS_MIN, YAXIS_MAX, XAXIS_MODE, CREATE_TIME, UPDATE_TIME, PAGE_ROW_ID) values (	114	,	 'Memory intensive top 5'	,	13	,	 'CHART'	,	 'bar'	,	  'col-6-head-card-panel'   	,	 'Y'	,	60000	,	 ''	,	 'bytes'	,	 ''	,	 ''	,	 ''	,	CURRENT_TIMESTAMP()	,	CURRENT_TIMESTAMP()	,	24	);

-- Cluster Workload Overview
INSERT INTO page_row_panel (PANEL_ID, TITLE, SORT_ORDER, PANEL_TYPE, CHART_TYPE, FRAGMENT_NAME, MAIN_YN,REFRESH_INTERVAL, YAXIS_LABEL, YAXIS_UNIT, YAXIS_MIN, YAXIS_MAX, XAXIS_MODE, CREATE_TIME, UPDATE_TIME, PAGE_ROW_ID) values (	122	,	 'POD'	,	1	,	 'CHART'	,	 'multiplegauge'	,	  'col-2-head-card-panel'   	,	 'Y'	,	60000	,	 ''	,	 'float'	,	 '0'	,	 '100'	,	 ''	,	CURRENT_TIMESTAMP()	,	CURRENT_TIMESTAMP()	,	27	);
INSERT INTO page_row_panel (PANEL_ID, TITLE, SORT_ORDER, PANEL_TYPE, CHART_TYPE, FRAGMENT_NAME, MAIN_YN,REFRESH_INTERVAL, YAXIS_LABEL, YAXIS_UNIT, YAXIS_MIN, YAXIS_MAX, XAXIS_MODE, CREATE_TIME, UPDATE_TIME, PAGE_ROW_ID) values (	123	,	 'Deployments'	,	2	,	 'CHART'	,	 'multiplegauge'	,	  'col-2-head-card-panel'   	,	 'Y'	,	60000	,	 ''	,	 'float'	,	 '0'	,	 '100'	,	 ''	,	CURRENT_TIMESTAMP()	,	CURRENT_TIMESTAMP()	,	27	);
INSERT INTO page_row_panel (PANEL_ID, TITLE, SORT_ORDER, PANEL_TYPE, CHART_TYPE, FRAGMENT_NAME, MAIN_YN,REFRESH_INTERVAL, YAXIS_LABEL, YAXIS_UNIT, YAXIS_MIN, YAXIS_MAX, XAXIS_MODE, CREATE_TIME, UPDATE_TIME, PAGE_ROW_ID) values (	124	,	 'StatefulSet'	,	3	,	 'CHART'	,	 'multiplegauge'	,	  'col-2-head-card-panel'   	,	 'Y'	,	60000	,	 ''	,	 'float'	,	 '0'	,	 '100'	,	 ''	,	CURRENT_TIMESTAMP()	,	CURRENT_TIMESTAMP()	,	27	);
INSERT INTO page_row_panel (PANEL_ID, TITLE, SORT_ORDER, PANEL_TYPE, CHART_TYPE, FRAGMENT_NAME, MAIN_YN,REFRESH_INTERVAL, YAXIS_LABEL, YAXIS_UNIT, YAXIS_MIN, YAXIS_MAX, XAXIS_MODE, CREATE_TIME, UPDATE_TIME, PAGE_ROW_ID) values (	125	,	 'DaemonSet'	,	4	,	 'CHART'	,	 'multiplegauge'	,	  'col-2-head-card-panel'   	,	 'Y'	,	60000	,	 ''	,	 'float'	,	 '0'	,	 '100'	,	 ''	,	CURRENT_TIMESTAMP()	,	CURRENT_TIMESTAMP()	,	27	);
INSERT INTO page_row_panel (PANEL_ID, TITLE, SORT_ORDER, PANEL_TYPE, CHART_TYPE, FRAGMENT_NAME, MAIN_YN,REFRESH_INTERVAL, YAXIS_LABEL, YAXIS_UNIT, YAXIS_MIN, YAXIS_MAX, XAXIS_MODE, CREATE_TIME, UPDATE_TIME, PAGE_ROW_ID) values (	126	,	 'Jobs'	,	5	,	 'CHART'	,	 'multiplegauge'	,	  'col-2-head-card-panel'   	,	 'Y'	,	60000	,	 ''	,	 'float'	,	 '0'	,	 '100'	,	 ''	,	CURRENT_TIMESTAMP()	,	CURRENT_TIMESTAMP()	,	27	);
INSERT INTO page_row_panel (PANEL_ID, TITLE, SORT_ORDER, PANEL_TYPE, CHART_TYPE, FRAGMENT_NAME, MAIN_YN,REFRESH_INTERVAL, YAXIS_LABEL, YAXIS_UNIT, YAXIS_MIN, YAXIS_MAX, XAXIS_MODE, CREATE_TIME, UPDATE_TIME, PAGE_ROW_ID) values (	127	,	 'CronJobs'	,	6	,	 'CHART'	,	 'multiplegauge'	,	  'col-2-head-card-panel'   	,	 'Y'	,	60000	,	 ''	,	 'float'	,	 '0'	,	 '100'	,	 ''	,	CURRENT_TIMESTAMP()	,	CURRENT_TIMESTAMP()	,	27	);
INSERT INTO page_row_panel (PANEL_ID, TITLE, SORT_ORDER, PANEL_TYPE, CHART_TYPE, FRAGMENT_NAME, MAIN_YN,REFRESH_INTERVAL, YAXIS_LABEL, YAXIS_UNIT, YAXIS_MIN, YAXIS_MAX, XAXIS_MODE, CREATE_TIME, UPDATE_TIME, PAGE_ROW_ID) values (	128	,	 'Events'	,	6	,	 'HTML_TABLE'	,	 'multiplegauge'	,	  'full-head-card-panel-in-table-modal'   	,	 'Y'	,	60000	,	 ''	,	 'float'	,	 '0'	,	 '100'	,	 ''	,	CURRENT_TIMESTAMP()	,	CURRENT_TIMESTAMP()	,	28	);


-- VM Overview
INSERT INTO chart_query (C_QUERY_ID, QUERY_TYPE, API_QUERY, LEGEND, QUERY_STEP, CREATE_TIME, UPDATE_TIME, PANEL_ID) values (	1	,	'METRIC'	,	 '/api/v1/query?query=sum(node_uname_info{zone!="external"})'	,	 ''	,	 '240'	,	CURRENT_TIMESTAMP()	,	CURRENT_TIMESTAMP()	,	1	);
INSERT INTO chart_query (C_QUERY_ID, QUERY_TYPE, API_QUERY, LEGEND, QUERY_STEP, CREATE_TIME, UPDATE_TIME, PANEL_ID) values (	2	,	'METRIC'	,	 '/api/v1/query?query=sum(count(count(node_cpu_seconds_total{zone!="external"}) by (cpu, node)) by (cpu))'	,	 ''	,	 '240'	,	CURRENT_TIMESTAMP()	,	CURRENT_TIMESTAMP()	,	2	);
INSERT INTO chart_query (C_QUERY_ID, QUERY_TYPE, API_QUERY, LEGEND, QUERY_STEP, CREATE_TIME, UPDATE_TIME, PANEL_ID) values (	3	,	'METRIC'	,	 '/api/v1/query?query=(1 - avg(irate(node_cpu_seconds_total{mode="idle",node=~"^.*$", zone!="external"}[5m]))) * 100'	,	 ''	,	 '240'	,	CURRENT_TIMESTAMP()	,	CURRENT_TIMESTAMP()	,	3	);
INSERT INTO chart_query (C_QUERY_ID, QUERY_TYPE, API_QUERY, LEGEND, QUERY_STEP, CREATE_TIME, UPDATE_TIME, PANEL_ID) values (	4	,	'METRIC'	,	 '/api/v1/query?query=(1 - sum(node_memory_MemAvailable_bytes{node=~"^.*$", zone!="external"}) / sum(node_memory_MemTotal_bytes{node=~"^.*$", zone!="external"})) * 100'	,	 ''	,	 '240'	,	CURRENT_TIMESTAMP()	,	CURRENT_TIMESTAMP()	,	4	);
INSERT INTO chart_query (C_QUERY_ID, QUERY_TYPE, API_QUERY, LEGEND, QUERY_STEP, CREATE_TIME, UPDATE_TIME, PANEL_ID) values (	5	,	'METRIC'	,	 '/api/v1/query?query=(sum(node_filesystem_size_bytes{device!~"rootfs|HarddiskVolume.+",node=~"^.*$", zone!="external"}) - sum(node_filesystem_free_bytes{device!~"rootfs|HarddiskVolume.+",node=~"^.*$", zone!="external"})) / sum(node_filesystem_size_bytes{device!~"rootfs|HarddiskVolume.+",node=~"^.*$", zone!="external"}) * 100'	,	 ''	,	 '240'	,	CURRENT_TIMESTAMP()	,	CURRENT_TIMESTAMP()	,	5	);
INSERT INTO chart_query (C_QUERY_ID, QUERY_TYPE, API_QUERY, LEGEND, QUERY_STEP, CREATE_TIME, UPDATE_TIME, PANEL_ID) values (	6	,	'METRIC'	,	 '/api/v1/query_range?query=100 * (1-(avg(irate(node_cpu_seconds_total{mode="idle", zone!="external"}[5m]))))'	,	 'Cluster'	,	 '15'	,	CURRENT_TIMESTAMP()	,	CURRENT_TIMESTAMP()	,	6	);
INSERT INTO chart_query (C_QUERY_ID, QUERY_TYPE, API_QUERY, LEGEND, QUERY_STEP, CREATE_TIME, UPDATE_TIME, PANEL_ID) values (	7	,	'METRIC'	,	 '/api/v1/query_range?query=100 * (1-(avg(irate(node_cpu_seconds_total{mode="idle", zone!="external"}[5m])) by (node)))'	,	 '{{node}}'	,	 '15'	,	CURRENT_TIMESTAMP()	,	CURRENT_TIMESTAMP()	,	6	);
INSERT INTO chart_query (C_QUERY_ID, QUERY_TYPE, API_QUERY, LEGEND, QUERY_STEP, CREATE_TIME, UPDATE_TIME, PANEL_ID) values (	8	,	'METRIC'	,	 '/api/v1/query_range?query=100 * (1 - sum(node_memory_MemAvailable_bytes{zone!="external"}) / sum(node_memory_MemTotal_bytes{zone!="external"}))'	,	 'Cluster'	,	 '15'	,	CURRENT_TIMESTAMP()	,	CURRENT_TIMESTAMP()	,	7	);
INSERT INTO chart_query (C_QUERY_ID, QUERY_TYPE, API_QUERY, LEGEND, QUERY_STEP, CREATE_TIME, UPDATE_TIME, PANEL_ID) values (	9	,	'METRIC'	,	 '/api/v1/query_range?query=100 * (1- sum(node_memory_MemAvailable_bytes{zone!="external"}) by (node) / sum(node_memory_MemTotal_bytes{zone!="external"}) by (node))'	,	 '{{node}}'	,	 '15'	,	CURRENT_TIMESTAMP()	,	CURRENT_TIMESTAMP()	,	7	);
INSERT INTO chart_query (C_QUERY_ID, QUERY_TYPE, API_QUERY, LEGEND, QUERY_STEP, CREATE_TIME, UPDATE_TIME, PANEL_ID) values (	10	,	'METRIC'	,	 '/api/v1/query_range?query=- irate(node_disk_reads_completed_total{instance=~".*", zone!="external"}[5m])'	,	 '{{device}}_Reads completed ({{node}})'	,	 '15'	,	CURRENT_TIMESTAMP()	,	CURRENT_TIMESTAMP()	,	8	);
INSERT INTO chart_query (C_QUERY_ID, QUERY_TYPE, API_QUERY, LEGEND, QUERY_STEP, CREATE_TIME, UPDATE_TIME, PANEL_ID) values (	11	,	'METRIC'	,	 '/api/v1/query_range?query=irate(node_disk_writes_completed_total{instance=~".*", zone!="external"}[5m])'	,	 '{{device}}_Writes completed ({{node}})'	,	 '15'	,	CURRENT_TIMESTAMP()	,	CURRENT_TIMESTAMP()	,	8	);
INSERT INTO chart_query (C_QUERY_ID, QUERY_TYPE, API_QUERY, LEGEND, QUERY_STEP, CREATE_TIME, UPDATE_TIME, PANEL_ID) values (	12	,	'METRIC'	,	 '/api/v1/query_range?query=sum (rate (container_network_receive_bytes_total{zone!="external"}[5m]))by (node)'	,	 '{{node}} Received'	,	 '15'	,	CURRENT_TIMESTAMP()	,	CURRENT_TIMESTAMP()	,	9	);
INSERT INTO chart_query (C_QUERY_ID, QUERY_TYPE, API_QUERY, LEGEND, QUERY_STEP, CREATE_TIME, UPDATE_TIME, PANEL_ID) values (	13	,	'METRIC'	,	 '/api/v1/query_range?query=- sum (rate (container_network_transmit_bytes_total{zone!="external"}[5m])) by (node)'	,	 '{{node}} Sent'	,	 '15'	,	CURRENT_TIMESTAMP()	,	CURRENT_TIMESTAMP()	,	9	);
INSERT INTO chart_query (C_QUERY_ID, QUERY_TYPE, API_QUERY, LEGEND, QUERY_STEP, CREATE_TIME, UPDATE_TIME, PANEL_ID) values (	14	,	'METRIC'	,	 '/api/v1/query_range?query=sum (rate (wmi_container_network_receive_bytes_total{zone!="external"}[5m]))by (node)'	,	 '{{node}} Received'	,	 '15'	,	CURRENT_TIMESTAMP()	,	CURRENT_TIMESTAMP()	,	9	);
INSERT INTO chart_query (C_QUERY_ID, QUERY_TYPE, API_QUERY, LEGEND, QUERY_STEP, CREATE_TIME, UPDATE_TIME, PANEL_ID) values (	15	,	'METRIC'	,	 '/api/v1/query_range?query=- sum (rate (wmi_container_network_transmit_bytes_total{zone!="external"}[5m]))by (node)'	,	 '{{node}} Sent'	,	 '15'	,	CURRENT_TIMESTAMP()	,	CURRENT_TIMESTAMP()	,	9	);
INSERT INTO chart_query (C_QUERY_ID, QUERY_TYPE, API_QUERY, LEGEND, QUERY_STEP, CREATE_TIME, UPDATE_TIME, PANEL_ID) values (	16	,	'METRIC'	,	 '/api/v1/query?query=100 * (topk(5,(rate(namedprocess_namegroup_cpu_seconds_total{zone!="external"} [5m])+rate(namedprocess_namegroup_cpu_seconds_total{zone!="external"} [5m])) or (irate(namedprocess_namegroup_cpu_seconds_total{zone!="external"} [5m])+irate(namedprocess_namegroup_cpu_seconds_total{zone!="external"} [5m]))))'	,	 'CPU(%)'	,	 '15'	,	CURRENT_TIMESTAMP()	,	CURRENT_TIMESTAMP()	,	10	);
INSERT INTO chart_query (C_QUERY_ID, QUERY_TYPE, API_QUERY, LEGEND, QUERY_STEP, CREATE_TIME, UPDATE_TIME, PANEL_ID) values (	17	,	'METRIC'	,	 '/api/v1/query?query=avg(node_filesystem_size_bytes{instance=~".*", fstype=~"ext.*|xfs", mountpoint !~".*pod.*", zone!="external"}-0) by (node, device, fstype, mountpoint)'	,	 'Total'	,	 ''	,	CURRENT_TIMESTAMP()	,	CURRENT_TIMESTAMP()	,	11	);
INSERT INTO chart_query (C_QUERY_ID, QUERY_TYPE, API_QUERY, LEGEND, QUERY_STEP, CREATE_TIME, UPDATE_TIME, PANEL_ID) values (	18	,	'METRIC'	,	 '/api/v1/query?query=avg(node_filesystem_avail_bytes {instance=~".*", fstype=~"ext.*|xfs", mountpoint !~".*pod.*", zone!="external"}-0) by (node, device, fstype, mountpoint)'	,	 'Avail'	,	 ''	,	CURRENT_TIMESTAMP()	,	CURRENT_TIMESTAMP()	,	11	);
INSERT INTO chart_query (C_QUERY_ID, QUERY_TYPE, API_QUERY, LEGEND, QUERY_STEP, CREATE_TIME, UPDATE_TIME, PANEL_ID) values (	19	,	'METRIC'	,	 '/api/v1/query?query=avg(node_filesystem_size_bytes {instance=~".*", fstype=~"ext.*|xfs", mountpoint !~".*pod.*", zone!="external"} - node_filesystem_avail_bytes {instance=~".*", fstype=~"ext.*|xfs", mountpoint !~".*pod.*", zone!="external"}) by (node, device, fstype, mountpoint)'	,	 'Used'	,	 ''	,	CURRENT_TIMESTAMP()	,	CURRENT_TIMESTAMP()	,	11	);
INSERT INTO chart_query (C_QUERY_ID, QUERY_TYPE, API_QUERY, LEGEND, QUERY_STEP, CREATE_TIME, UPDATE_TIME, PANEL_ID) values (	20	,	'METRIC'	,	 '/api/v1/query?query=100 * (avg((node_filesystem_size_bytes {instance=~".*", fstype=~"ext.*|xfs", mountpoint !~".*pod.*", zone!="external"} - node_filesystem_avail_bytes {instance=~".*", fstype=~"ext.*|xfs", mountpoint !~".*pod.*", zone!="external"}) / node_filesystem_size_bytes {instance=~".*", fstype=~"ext.*|xfs", mountpoint !~".*pod.*", zone!="external"}) by (node, device, fstype, mountpoint))'	,	 'Use(%)'	,	 ''	,	CURRENT_TIMESTAMP()	,	CURRENT_TIMESTAMP()	,	11	);

-- VM Monitoring
INSERT INTO chart_query (C_QUERY_ID, QUERY_TYPE, API_QUERY, LEGEND, QUERY_STEP, CREATE_TIME, UPDATE_TIME, PANEL_ID) values (	22	,	'METRIC'	,	 '/api/v1/query_range?query=sum by (instance)(irate(node_cpu_seconds_total{mode="system",node=~"$node",zone!="external"}[5m])) * 100'	,	 'Busy System'	,	 '30'	,	CURRENT_TIMESTAMP()	,	CURRENT_TIMESTAMP()	,	12	);
INSERT INTO chart_query (C_QUERY_ID, QUERY_TYPE, API_QUERY, LEGEND, QUERY_STEP, CREATE_TIME, UPDATE_TIME, PANEL_ID) values (	23	,	'METRIC'	,	 '/api/v1/query_range?query=sum by (instance)(irate(node_cpu_seconds_total{mode="user",node=~"$node",zone!="external"}[5m])) * 100'	,	 'Busy User'	,	 '30'	,	CURRENT_TIMESTAMP()	,	CURRENT_TIMESTAMP()	,	12	);
INSERT INTO chart_query (C_QUERY_ID, QUERY_TYPE, API_QUERY, LEGEND, QUERY_STEP, CREATE_TIME, UPDATE_TIME, PANEL_ID) values (	24	,	'METRIC'	,	 '/api/v1/query_range?query=sum by (instance)(irate(node_cpu_seconds_total{mode="iowait",node=~"$node",zone!="external"}[5m])) * 100'	,	 'Busy Iowait'	,	 '30'	,	CURRENT_TIMESTAMP()	,	CURRENT_TIMESTAMP()	,	12	);
INSERT INTO chart_query (C_QUERY_ID, QUERY_TYPE, API_QUERY, LEGEND, QUERY_STEP, CREATE_TIME, UPDATE_TIME, PANEL_ID) values (	25	,	'METRIC'	,	 '/api/v1/query_range?query=sum by (instance)(irate(node_cpu_seconds_total{mode=~".*irq",node=~"$node",zone!="external"}[5m])) * 100'	,	 'Busy IRQs'	,	 '30'	,	CURRENT_TIMESTAMP()	,	CURRENT_TIMESTAMP()	,	12	);
INSERT INTO chart_query (C_QUERY_ID, QUERY_TYPE, API_QUERY, LEGEND, QUERY_STEP, CREATE_TIME, UPDATE_TIME, PANEL_ID) values (	26	,	'METRIC'	,	 '/api/v1/query_range?query=sum (irate(node_cpu_seconds_total{mode!="idle",mode!="user",mode!="system",mode!="iowait",mode!="irq",mode!="softirq",node=~"$node",zone!="external"}[5m])) * 100'	,	 'Busy Other'	,	 '30'	,	CURRENT_TIMESTAMP()	,	CURRENT_TIMESTAMP()	,	12	);
INSERT INTO chart_query (C_QUERY_ID, QUERY_TYPE, API_QUERY, LEGEND, QUERY_STEP, CREATE_TIME, UPDATE_TIME, PANEL_ID) values (	27	,	'METRIC'	,	 '/api/v1/query_range?query=sum by (mode)(irate(node_cpu_seconds_total{mode="idle",node=~"$node",zone!="external"}[5m])) * 100'	,	 'Idle'	,	 '30'	,	CURRENT_TIMESTAMP()	,	CURRENT_TIMESTAMP()	,	12	);
INSERT INTO chart_query (C_QUERY_ID, QUERY_TYPE, API_QUERY, LEGEND, QUERY_STEP, CREATE_TIME, UPDATE_TIME, PANEL_ID) values (	28	,	'METRIC'	,	 '/api/v1/query_range?query=sum by (mode)(irate(node_cpu_seconds_total{mode="system",node=~"$node",zone!="external"}[5m])) * 100'	,	 'System - Processes executing in kernel mode'	,	 '30'	,	CURRENT_TIMESTAMP()	,	CURRENT_TIMESTAMP()	,	13	);
INSERT INTO chart_query (C_QUERY_ID, QUERY_TYPE, API_QUERY, LEGEND, QUERY_STEP, CREATE_TIME, UPDATE_TIME, PANEL_ID) values (	29	,	'METRIC'	,	 '/api/v1/query_range?query=sum by (mode)(irate(node_cpu_seconds_total{mode="user",node=~"$node",zone!="external"}[5m])) * 100'	,	 'User - Normal processes executing in user mode'	,	 '30'	,	CURRENT_TIMESTAMP()	,	CURRENT_TIMESTAMP()	,	13	);
INSERT INTO chart_query (C_QUERY_ID, QUERY_TYPE, API_QUERY, LEGEND, QUERY_STEP, CREATE_TIME, UPDATE_TIME, PANEL_ID) values (	30	,	'METRIC'	,	 '/api/v1/query_range?query=sum by (mode)(irate(node_cpu_seconds_total{mode="nice",node=~"$node",zone!="external"}[5m])) * 100'	,	 'Nice - Niced processes executing in user mode'	,	 '30'	,	CURRENT_TIMESTAMP()	,	CURRENT_TIMESTAMP()	,	13	);
INSERT INTO chart_query (C_QUERY_ID, QUERY_TYPE, API_QUERY, LEGEND, QUERY_STEP, CREATE_TIME, UPDATE_TIME, PANEL_ID) values (	31	,	'METRIC'	,	 '/api/v1/query_range?query=sum by (mode)(irate(node_cpu_seconds_total{mode="idle",node=~"$node",zone!="external"}[5m])) * 100'	,	 'Idle - Waiting for something to happen'	,	 '30'	,	CURRENT_TIMESTAMP()	,	CURRENT_TIMESTAMP()	,	13	);
INSERT INTO chart_query (C_QUERY_ID, QUERY_TYPE, API_QUERY, LEGEND, QUERY_STEP, CREATE_TIME, UPDATE_TIME, PANEL_ID) values (	32	,	'METRIC'	,	 '/api/v1/query_range?query=sum by (mode)(irate(node_cpu_seconds_total{mode="iowait",node=~"$node",zone!="external"}[5m])) * 100'	,	 'Iowait - Waiting for I/O to complete'	,	 '30'	,	CURRENT_TIMESTAMP()	,	CURRENT_TIMESTAMP()	,	13	);
INSERT INTO chart_query (C_QUERY_ID, QUERY_TYPE, API_QUERY, LEGEND, QUERY_STEP, CREATE_TIME, UPDATE_TIME, PANEL_ID) values (	33	,	'METRIC'	,	 '/api/v1/query_range?query=sum by (mode)(irate(node_cpu_seconds_total{mode="irq",node=~"$node",zone!="external"}[5m])) * 100'	,	 'Irq - Servicing interrupts'	,	 '30'	,	CURRENT_TIMESTAMP()	,	CURRENT_TIMESTAMP()	,	13	);
INSERT INTO chart_query (C_QUERY_ID, QUERY_TYPE, API_QUERY, LEGEND, QUERY_STEP, CREATE_TIME, UPDATE_TIME, PANEL_ID) values (	34	,	'METRIC'	,	 '/api/v1/query_range?query=sum by (mode)(irate(node_cpu_seconds_total{mode="softirq",node=~"$node",zone!="external"}[5m])) * 100'	,	 'Softirq - Servicing softirqs'	,	 '30'	,	CURRENT_TIMESTAMP()	,	CURRENT_TIMESTAMP()	,	13	);
INSERT INTO chart_query (C_QUERY_ID, QUERY_TYPE, API_QUERY, LEGEND, QUERY_STEP, CREATE_TIME, UPDATE_TIME, PANEL_ID) values (	35	,	'METRIC'	,	 '/api/v1/query_range?query=sum by (mode)(irate(node_cpu_seconds_total{mode="steal",node=~"$node",zone!="external"}[5m])) * 100'	,	 'Steal - Time spent in other operating systems when running in a virtualized environment'	,	 '30'	,	CURRENT_TIMESTAMP()	,	CURRENT_TIMESTAMP()	,	13	);
INSERT INTO chart_query (C_QUERY_ID, QUERY_TYPE, API_QUERY, LEGEND, QUERY_STEP, CREATE_TIME, UPDATE_TIME, PANEL_ID) values (	36	,	'METRIC'	,	 '/api/v1/query_range?query=sum by (mode)(irate(node_cpu_seconds_total{mode="guest",node=~"$node",zone!="external"}[5m])) * 100'	,	 'Guest - Time spent running a virtual CPU for a guest operating system'	,	 '30'	,	CURRENT_TIMESTAMP()	,	CURRENT_TIMESTAMP()	,	13	);
INSERT INTO chart_query (C_QUERY_ID, QUERY_TYPE, API_QUERY, LEGEND, QUERY_STEP, CREATE_TIME, UPDATE_TIME, PANEL_ID) values (	37	,	'METRIC'	,	 '/api/v1/query_range?query=node_load1{node=~"$node",zone!="external"}'	,	 'Load 1m'	,	 '30'	,	CURRENT_TIMESTAMP()	,	CURRENT_TIMESTAMP()	,	14	);
INSERT INTO chart_query (C_QUERY_ID, QUERY_TYPE, API_QUERY, LEGEND, QUERY_STEP, CREATE_TIME, UPDATE_TIME, PANEL_ID) values (	38	,	'METRIC'	,	 '/api/v1/query_range?query=node_load5{node=~"$node",zone!="external"}'	,	 'Load 5m'	,	 '30'	,	CURRENT_TIMESTAMP()	,	CURRENT_TIMESTAMP()	,	14	);
INSERT INTO chart_query (C_QUERY_ID, QUERY_TYPE, API_QUERY, LEGEND, QUERY_STEP, CREATE_TIME, UPDATE_TIME, PANEL_ID) values (	39	,	'METRIC'	,	 '/api/v1/query_range?query=node_load15{node=~"$node",zone!="external"}'	,	 'Load 15m'	,	 '30'	,	CURRENT_TIMESTAMP()	,	CURRENT_TIMESTAMP()	,	14	);
INSERT INTO chart_query (C_QUERY_ID, QUERY_TYPE, API_QUERY, LEGEND, QUERY_STEP, CREATE_TIME, UPDATE_TIME, PANEL_ID) values (	40	,	'METRIC'	,	 '/api/v1/query_range?query=node_procs_blocked{node=~"$node",zone!="external"}'	,	 'Processes blocked waiting for I/O to complete'	,	 '30'	,	CURRENT_TIMESTAMP()	,	CURRENT_TIMESTAMP()	,	15	);
INSERT INTO chart_query (C_QUERY_ID, QUERY_TYPE, API_QUERY, LEGEND, QUERY_STEP, CREATE_TIME, UPDATE_TIME, PANEL_ID) values (	41	,	'METRIC'	,	 '/api/v1/query_range?query=node_procs_running{node=~"$node",zone!="external"}'	,	 'Processes in runnable state'	,	 '30'	,	CURRENT_TIMESTAMP()	,	CURRENT_TIMESTAMP()	,	15	);
INSERT INTO chart_query (C_QUERY_ID, QUERY_TYPE, API_QUERY, LEGEND, QUERY_STEP, CREATE_TIME, UPDATE_TIME, PANEL_ID) values (	42	,	'METRIC'	,	 '/api/v1/query_range?query=node_memory_MemTotal_bytes{node=~"$node",zone!="external"}'	,	 'RAM Total'	,	 '30'	,	CURRENT_TIMESTAMP()	,	CURRENT_TIMESTAMP()	,	16	);
INSERT INTO chart_query (C_QUERY_ID, QUERY_TYPE, API_QUERY, LEGEND, QUERY_STEP, CREATE_TIME, UPDATE_TIME, PANEL_ID) values (	43	,	'METRIC'	,	 '/api/v1/query_range?query=node_memory_MemTotal_bytes{node=~"$node",zone!="external"} - node_memory_MemFree_bytes{node=~"$node",zone!="external"} - (node_memory_Cached_bytes{node=~"$node",zone!="external"} + node_memory_Buffers_bytes{node=~"$node",zone!="external"})'	,	 'RAM Used'	,	 '30'	,	CURRENT_TIMESTAMP()	,	CURRENT_TIMESTAMP()	,	16	);
INSERT INTO chart_query (C_QUERY_ID, QUERY_TYPE, API_QUERY, LEGEND, QUERY_STEP, CREATE_TIME, UPDATE_TIME, PANEL_ID) values (	44	,	'METRIC'	,	 '/api/v1/query_range?query=node_memory_Cached_bytes{node=~"$node",zone!="external"} + node_memory_Buffers_bytes{node=~"$node",zone!="external"}'	,	 'RAM Cache + Buffer'	,	 '30'	,	CURRENT_TIMESTAMP()	,	CURRENT_TIMESTAMP()	,	16	);
INSERT INTO chart_query (C_QUERY_ID, QUERY_TYPE, API_QUERY, LEGEND, QUERY_STEP, CREATE_TIME, UPDATE_TIME, PANEL_ID) values (	45	,	'METRIC'	,	 '/api/v1/query_range?query=node_memory_MemFree_bytes{node=~"$node",zone!="external"}'	,	 'RAM Free'	,	 '30'	,	CURRENT_TIMESTAMP()	,	CURRENT_TIMESTAMP()	,	16	);
INSERT INTO chart_query (C_QUERY_ID, QUERY_TYPE, API_QUERY, LEGEND, QUERY_STEP, CREATE_TIME, UPDATE_TIME, PANEL_ID) values (	46	,	'METRIC'	,	 '/api/v1/query_range?query=(node_memory_SwapTotal_bytes{node=~"$node",zone!="external"} - node_memory_SwapFree_bytes{node=~"$node",zone!="external"})'	,	 'SWAP Used'	,	 '30'	,	CURRENT_TIMESTAMP()	,	CURRENT_TIMESTAMP()	,	16	);
INSERT INTO chart_query (C_QUERY_ID, QUERY_TYPE, API_QUERY, LEGEND, QUERY_STEP, CREATE_TIME, UPDATE_TIME, PANEL_ID) values (	47	,	'METRIC'	,	 '/api/v1/query_range?query=node_memory_MemTotal_bytes{node=~"$node",zone!="external"} - node_memory_MemFree_bytes{node=~"$node",zone!="external"} - node_memory_Buffers_bytes{node=~"$node",zone!="external"} - node_memory_Cached_bytes{node=~"$node",zone!="external"} - node_memory_Slab_bytes{node=~"$node",zone!="external"} - node_memory_PageTables_bytes{node=~"$node",zone!="external"} - node_memory_SwapCached_bytes{node=~"$node",zone!="external"}'	,	 'Apps - Memory used by user-space applications'	,	 '30'	,	CURRENT_TIMESTAMP()	,	CURRENT_TIMESTAMP()	,	17	);
INSERT INTO chart_query (C_QUERY_ID, QUERY_TYPE, API_QUERY, LEGEND, QUERY_STEP, CREATE_TIME, UPDATE_TIME, PANEL_ID) values (	48	,	'METRIC'	,	 '/api/v1/query_range?query=node_memory_PageTables_bytes{node=~"$node",zone!="external"}'	,	 'PageTables - Its used to map between virtual and physical memory addresses'	,	 '30'	,	CURRENT_TIMESTAMP()	,	CURRENT_TIMESTAMP()	,	17	);
INSERT INTO chart_query (C_QUERY_ID, QUERY_TYPE, API_QUERY, LEGEND, QUERY_STEP, CREATE_TIME, UPDATE_TIME, PANEL_ID) values (	49	,	'METRIC'	,	 '/api/v1/query_range?query=node_memory_SwapCached_bytes{node=~"$node",zone!="external"}'	,	 'SwapCache - Its that keeps track of pages that have been fetched from swap but not yet been modified'	,	 '30'	,	CURRENT_TIMESTAMP()	,	CURRENT_TIMESTAMP()	,	17	);
INSERT INTO chart_query (C_QUERY_ID, QUERY_TYPE, API_QUERY, LEGEND, QUERY_STEP, CREATE_TIME, UPDATE_TIME, PANEL_ID) values (	50	,	'METRIC'	,	 '/api/v1/query_range?query=node_memory_Slab_bytes{node=~"$node",zone!="external"}'	,	 'Slab - Memory used by the kernel to cache data structures for its own use'	,	 '30'	,	CURRENT_TIMESTAMP()	,	CURRENT_TIMESTAMP()	,	17	);
INSERT INTO chart_query (C_QUERY_ID, QUERY_TYPE, API_QUERY, LEGEND, QUERY_STEP, CREATE_TIME, UPDATE_TIME, PANEL_ID) values (	51	,	'METRIC'	,	 '/api/v1/query_range?query=node_memory_Cached_bytes{node=~"$node",zone!="external"}'	,	 'Cache - Parked file data (file content) cache'	,	 '30'	,	CURRENT_TIMESTAMP()	,	CURRENT_TIMESTAMP()	,	17	);
INSERT INTO chart_query (C_QUERY_ID, QUERY_TYPE, API_QUERY, LEGEND, QUERY_STEP, CREATE_TIME, UPDATE_TIME, PANEL_ID) values (	52	,	'METRIC'	,	 '/api/v1/query_range?query=node_memory_Buffers_bytes{node=~"$node",zone!="external"}'	,	 'Buffers - Block device (e.g. harddisk) cache'	,	 '30'	,	CURRENT_TIMESTAMP()	,	CURRENT_TIMESTAMP()	,	17	);
INSERT INTO chart_query (C_QUERY_ID, QUERY_TYPE, API_QUERY, LEGEND, QUERY_STEP, CREATE_TIME, UPDATE_TIME, PANEL_ID) values (	53	,	'METRIC'	,	 '/api/v1/query_range?query=node_memory_MemFree_bytes{node=~"$node",zone!="external"}'	,	 'Unused - Free memory unassigned'	,	 '30'	,	CURRENT_TIMESTAMP()	,	CURRENT_TIMESTAMP()	,	17	);
INSERT INTO chart_query (C_QUERY_ID, QUERY_TYPE, API_QUERY, LEGEND, QUERY_STEP, CREATE_TIME, UPDATE_TIME, PANEL_ID) values (	54	,	'METRIC'	,	 '/api/v1/query_range?query=(node_memory_SwapTotal_bytes{node=~"$node",zone!="external"} - node_memory_SwapFree_bytes{node=~"$node",zone!="external"})'	,	 'Swap - Swap space used'	,	 '30'	,	CURRENT_TIMESTAMP()	,	CURRENT_TIMESTAMP()	,	17	);
INSERT INTO chart_query (C_QUERY_ID, QUERY_TYPE, API_QUERY, LEGEND, QUERY_STEP, CREATE_TIME, UPDATE_TIME, PANEL_ID) values (	55	,	'METRIC'	,	 '/api/v1/query_range?query=node_memory_HardwareCorrupted_bytes{node=~"$node",zone!="external"}'	,	 'Hardware Corrupted - Amount of RAM that the kernel identified as corrupted / not working'	,	 '30'	,	CURRENT_TIMESTAMP()	,	CURRENT_TIMESTAMP()	,	17	);
INSERT INTO chart_query (C_QUERY_ID, QUERY_TYPE, API_QUERY, LEGEND, QUERY_STEP, CREATE_TIME, UPDATE_TIME, PANEL_ID) values (	56	,	'METRIC'	,	 '/api/v1/query_range?query=node_memory_Inactive_file_bytes{node=~"$node",zone!="external"}'	,	 'Inactive_file - File-backed memory on inactive LRU list'	,	 '30'	,	CURRENT_TIMESTAMP()	,	CURRENT_TIMESTAMP()	,	18	);
INSERT INTO chart_query (C_QUERY_ID, QUERY_TYPE, API_QUERY, LEGEND, QUERY_STEP, CREATE_TIME, UPDATE_TIME, PANEL_ID) values (	57	,	'METRIC'	,	 '/api/v1/query_range?query=node_memory_Inactive_anon_bytes{node=~"$node",zone!="external"}'	,	 'Inactive_anon - Anonymous and swap cache on inactive LRU listincluding tmpfs (shmem)'	,	 '30'	,	CURRENT_TIMESTAMP()	,	CURRENT_TIMESTAMP()	,	18	);
INSERT INTO chart_query (C_QUERY_ID, QUERY_TYPE, API_QUERY, LEGEND, QUERY_STEP, CREATE_TIME, UPDATE_TIME, PANEL_ID) values (	58	,	'METRIC'	,	 '/api/v1/query_range?query=node_memory_Active_file_bytes{node=~"$node",zone!="external"}'	,	 'Active_file - File-backed memory on active LRU list'	,	 '30'	,	CURRENT_TIMESTAMP()	,	CURRENT_TIMESTAMP()	,	18	);
INSERT INTO chart_query (C_QUERY_ID, QUERY_TYPE, API_QUERY, LEGEND, QUERY_STEP, CREATE_TIME, UPDATE_TIME, PANEL_ID) values (	59	,	'METRIC'	,	 '/api/v1/query_range?query=node_memory_Active_anon_bytes{node=~"$node",zone!="external"}'	,	 'Active_anon - Anonymous and swap cache on active least-recently-used (LRU) listincluding tmpfs'	,	 '30'	,	CURRENT_TIMESTAMP()	,	CURRENT_TIMESTAMP()	,	18	);
INSERT INTO chart_query (C_QUERY_ID, QUERY_TYPE, API_QUERY, LEGEND, QUERY_STEP, CREATE_TIME, UPDATE_TIME, PANEL_ID) values (	60	,	'METRIC'	,	 '/api/v1/query_range?query=irate(node_vmstat_pgpgin{node=~"$node",zone!="external"}[5m])'	,	 'Pagesin - Page in operations'	,	 '30'	,	CURRENT_TIMESTAMP()	,	CURRENT_TIMESTAMP()	,	19	);
INSERT INTO chart_query (C_QUERY_ID, QUERY_TYPE, API_QUERY, LEGEND, QUERY_STEP, CREATE_TIME, UPDATE_TIME, PANEL_ID) values (	61	,	'METRIC'	,	 '/api/v1/query_range?query=irate(node_vmstat_pgpgout{node=~"$node",zone!="external"}[5m])'	,	 'Pagesout - Page out operations'	,	 '30'	,	CURRENT_TIMESTAMP()	,	CURRENT_TIMESTAMP()	,	19	);
INSERT INTO chart_query (C_QUERY_ID, QUERY_TYPE, API_QUERY, LEGEND, QUERY_STEP, CREATE_TIME, UPDATE_TIME, PANEL_ID) values (	62	,	'METRIC'	,	 '/api/v1/query_range?query=100 - ((node_filesystem_avail_bytes{node=~"$node",zone!="external",device!~"rootfs"} * 100) / node_filesystem_size_bytes{node=~"$node",zone!="external",device!~"rootfs"})'	,	 '{{{mountpoint}}}'	,	 '30'	,	CURRENT_TIMESTAMP()	,	CURRENT_TIMESTAMP()	,	20	);
INSERT INTO chart_query (C_QUERY_ID, QUERY_TYPE, API_QUERY, LEGEND, QUERY_STEP, CREATE_TIME, UPDATE_TIME, PANEL_ID) values (	63	,	'METRIC'	,	 '/api/v1/query_range?query=node_filesystem_size_bytes{node=~"$node",zone!="external",device!~"rootfs"} - node_filesystem_avail_bytes{node=~"$node",zone!="external",device!~"rootfs"}'	,	 '{{{mountpoint}}}'	,	 '30'	,	CURRENT_TIMESTAMP()	,	CURRENT_TIMESTAMP()	,	21	);
INSERT INTO chart_query (C_QUERY_ID, QUERY_TYPE, API_QUERY, LEGEND, QUERY_STEP, CREATE_TIME, UPDATE_TIME, PANEL_ID) values (	64	,	'METRIC'	,	 '/api/v1/query_range?query=irate(node_disk_read_bytes_total{node=~"$node",zone!="external",device=~"[a-z]*[a-z]"}[5m])'	,	 '{{device}} - Successfully read bytes'	,	 '30'	,	CURRENT_TIMESTAMP()	,	CURRENT_TIMESTAMP()	,	22	);
INSERT INTO chart_query (C_QUERY_ID, QUERY_TYPE, API_QUERY, LEGEND, QUERY_STEP, CREATE_TIME, UPDATE_TIME, PANEL_ID) values (	65	,	'METRIC'	,	 '/api/v1/query_range?query=irate(node_disk_written_bytes_total{node=~"$node",zone!="external",device=~"[a-z]*[a-z]"}[5m])'	,	 '{{device}} - Successfully written bytes'	,	 '30'	,	CURRENT_TIMESTAMP()	,	CURRENT_TIMESTAMP()	,	22	);
INSERT INTO chart_query (C_QUERY_ID, QUERY_TYPE, API_QUERY, LEGEND, QUERY_STEP, CREATE_TIME, UPDATE_TIME, PANEL_ID) values (	66	,	'METRIC'	,	 '/api/v1/query_range?query=irate(node_disk_reads_completed_total{node=~"$node",zone!="external",device=~"[a-z]*[a-z]"}[5m])'	,	 '{{device}} - Reads completed'	,	 '30'	,	CURRENT_TIMESTAMP()	,	CURRENT_TIMESTAMP()	,	23	);
INSERT INTO chart_query (C_QUERY_ID, QUERY_TYPE, API_QUERY, LEGEND, QUERY_STEP, CREATE_TIME, UPDATE_TIME, PANEL_ID) values (	67	,	'METRIC'	,	 '/api/v1/query_range?query=irate(node_disk_writes_completed_total{node=~"$node",zone!="external",device=~"[a-z]*[a-z]"}[5m])'	,	 '{{device}} - Writes completed'	,	 '30'	,	CURRENT_TIMESTAMP()	,	CURRENT_TIMESTAMP()	,	23	);
INSERT INTO chart_query (C_QUERY_ID, QUERY_TYPE, API_QUERY, LEGEND, QUERY_STEP, CREATE_TIME, UPDATE_TIME, PANEL_ID) values (	68	,	'METRIC'	,	 '/api/v1/query_range?query=irate(node_network_receive_bytes_total{node=~"$node",zone!="external"}[5m])*8'	,	 'recv {{device}}'	,	 '30'	,	CURRENT_TIMESTAMP()	,	CURRENT_TIMESTAMP()	,	24	);
INSERT INTO chart_query (C_QUERY_ID, QUERY_TYPE, API_QUERY, LEGEND, QUERY_STEP, CREATE_TIME, UPDATE_TIME, PANEL_ID) values (	69	,	'METRIC'	,	 '/api/v1/query_range?query=- irate(node_network_transmit_bytes_total{node=~"$node",zone!="external"}[5m])*8'	,	 'trans {{device}} '	,	 '30'	,	CURRENT_TIMESTAMP()	,	CURRENT_TIMESTAMP()	,	24	);
INSERT INTO chart_query (C_QUERY_ID, QUERY_TYPE, API_QUERY, LEGEND, QUERY_STEP, CREATE_TIME, UPDATE_TIME, PANEL_ID) values (	70	,	'METRIC'	,	 '/api/v1/query_range?query=irate(node_network_receive_packets_total{node=~"$node",zone!="external"}[5m])'	,	 '{{device}} - Receive'	,	 '30'	,	CURRENT_TIMESTAMP()	,	CURRENT_TIMESTAMP()	,	25	);
INSERT INTO chart_query (C_QUERY_ID, QUERY_TYPE, API_QUERY, LEGEND, QUERY_STEP, CREATE_TIME, UPDATE_TIME, PANEL_ID) values (	71	,	'METRIC'	,	 '/api/v1/query_range?query=- irate(node_network_transmit_packets_total{node=~"$node",zone!="external"}[5m])'	,	 '{{device}} - Transmit'	,	 '30'	,	CURRENT_TIMESTAMP()	,	CURRENT_TIMESTAMP()	,	25	);
INSERT INTO chart_query (C_QUERY_ID, QUERY_TYPE, API_QUERY, LEGEND, QUERY_STEP, CREATE_TIME, UPDATE_TIME, PANEL_ID) values (	72	,	'METRIC'	,	 '/api/v1/query?query=node_filesystem_size_bytes{node=~"$node",zone!="external",fstype=~"ext.*|xfs",mountpoint !~".*pod.*"}-0'	,	 'Total'	,	 '0'	,	CURRENT_TIMESTAMP()	,	CURRENT_TIMESTAMP()	,	26	);
INSERT INTO chart_query (C_QUERY_ID, QUERY_TYPE, API_QUERY, LEGEND, QUERY_STEP, CREATE_TIME, UPDATE_TIME, PANEL_ID) values (	73	,	'METRIC'	,	 '/api/v1/query?query=node_filesystem_avail_bytes {node=~"$node",zone!="external",fstype=~"ext.*|xfs",mountpoint !~".*pod.*"}-0'	,	 'Used'	,	 '0'	,	CURRENT_TIMESTAMP()	,	CURRENT_TIMESTAMP()	,	26	);
INSERT INTO chart_query (C_QUERY_ID, QUERY_TYPE, API_QUERY, LEGEND, QUERY_STEP, CREATE_TIME, UPDATE_TIME, PANEL_ID) values (	74	,	'METRIC'	,	 '/api/v1/query?query=100 * (topk(5,(rate(namedprocess_namegroup_cpu_seconds_total{node=~"$node",zone!="external"} [5m])+rate(namedprocess_namegroup_cpu_seconds_total{node=~"$node",zone!="external"} [5m])) or (irate(namedprocess_namegroup_cpu_seconds_total{node=~"$node",zone!="external"} [5m])+irate(namedprocess_namegroup_cpu_seconds_total{node=~"$node",zone!="external"} [5m]))))'	,	 'CPU(%)'	,	 '15'	,	CURRENT_TIMESTAMP()	,	CURRENT_TIMESTAMP()	,	27	);

-- JVM Overview
INSERT INTO chart_query (C_QUERY_ID, QUERY_TYPE, API_QUERY, LEGEND, QUERY_STEP, CREATE_TIME, UPDATE_TIME, PANEL_ID) values (	75	,	'METRIC'	,	 '/api/v1/query?query=sum(jvm_info{job="jmx-metrics", application=~"^.*$", instance=~"^.*$"})'	,	 ''	,	 ''	,	CURRENT_TIMESTAMP()	,	CURRENT_TIMESTAMP()	,	28	);
INSERT INTO chart_query (C_QUERY_ID, QUERY_TYPE, API_QUERY, LEGEND, QUERY_STEP, CREATE_TIME, UPDATE_TIME, PANEL_ID) values (	76	,	'METRIC'	,	 '/api/v1/query?query=avg(irate(os_process_cpu_load{job="jmx-metrics", application=~"^.*$", instance=~"^.*$"}[5m]))'	,	 ''	,	 '15'	,	CURRENT_TIMESTAMP()	,	CURRENT_TIMESTAMP()	,	29	);
INSERT INTO chart_query (C_QUERY_ID, QUERY_TYPE, API_QUERY, LEGEND, QUERY_STEP, CREATE_TIME, UPDATE_TIME, PANEL_ID) values (	77	,	'METRIC'	,	 '/api/v1/query_range?query=avg((jvm_memory_bytes_used{area="heap",job="jmx-metrics", application=~"^.*$", instance=~"^.*$"} / jvm_memory_bytes_max{area="heap",job="jmx-metrics", application=~"^.*$", instance=~"^.*$"} >= 0) * 100)'	,	 ''	,	 '15'	,	CURRENT_TIMESTAMP()	,	CURRENT_TIMESTAMP()	,	30	);
INSERT INTO chart_query (C_QUERY_ID, QUERY_TYPE, API_QUERY, LEGEND, QUERY_STEP, CREATE_TIME, UPDATE_TIME, PANEL_ID) values (	78	,	'METRIC'	,	 '/api/v1/query?query=sum(jvm_threads_current{job="jmx-metrics", application=~"^.*$", instance=~"^.*$"})'	,	 ''	,	 ''	,	CURRENT_TIMESTAMP()	,	CURRENT_TIMESTAMP()	,	31	);
INSERT INTO chart_query (C_QUERY_ID, QUERY_TYPE, API_QUERY, LEGEND, QUERY_STEP, CREATE_TIME, UPDATE_TIME, PANEL_ID) values (	79	,	'METRIC'	,	 '/api/v1/query?query=avg(rate(jvm_gc_collection_seconds_sum{job="jmx-metrics", application=~"^.*$", instance=~"^.*$"}[5m]))'	,	 ''	,	 ''	,	CURRENT_TIMESTAMP()	,	CURRENT_TIMESTAMP()	,	32	);
INSERT INTO chart_query (C_QUERY_ID, QUERY_TYPE, API_QUERY, LEGEND, QUERY_STEP, CREATE_TIME, UPDATE_TIME, PANEL_ID) values (	80	,	'METRIC'	,	 '/api/v1/query_range?query=jvm_memory_bytes_used{area="heap",job="jmx-metrics",application=~"^.*$", instance=~"^.*$"}'	,	 '[{{application}}]Used'	,	 '15'	,	CURRENT_TIMESTAMP()	,	CURRENT_TIMESTAMP()	,	33	);
INSERT INTO chart_query (C_QUERY_ID, QUERY_TYPE, API_QUERY, LEGEND, QUERY_STEP, CREATE_TIME, UPDATE_TIME, PANEL_ID) values (	81	,	'METRIC'	,	 '/api/v1/query_range?query=jvm_memory_bytes_max{area="heap",job="jmx-metrics",application=~"^.*$", instance=~"^.*$"}'	,	 '[{{application}}]Max'	,	 '15'	,	CURRENT_TIMESTAMP()	,	CURRENT_TIMESTAMP()	,	33	);
INSERT INTO chart_query (C_QUERY_ID, QUERY_TYPE, API_QUERY, LEGEND, QUERY_STEP, CREATE_TIME, UPDATE_TIME, PANEL_ID) values (	82	,	'METRIC'	,	 '/api/v1/query_range?query=jvm_memory_bytes_used{area="heap",job="jmx-metrics", application=~"^.*$", instance=~"^.*$"} / jvm_memory_bytes_max{area="$memarea",job="jmx-metrics", application=~"^.*$", instance=~"^.*$"} >= 0'	,	 'Used(%)'	,	 '15'	,	CURRENT_TIMESTAMP()	,	CURRENT_TIMESTAMP()	,	33	);
INSERT INTO chart_query (C_QUERY_ID, QUERY_TYPE, API_QUERY, LEGEND, QUERY_STEP, CREATE_TIME, UPDATE_TIME, PANEL_ID) values (	83	,	'METRIC'	,	 '/api/v1/query_range?query=jvm_memory_bytes_used{area="nonheap",job="jmx-metrics",application=~"^.*$", instance=~"^.*$"}'	,	 '[{{application}}]Used'	,	 '15'	,	CURRENT_TIMESTAMP()	,	CURRENT_TIMESTAMP()	,	34	);
INSERT INTO chart_query (C_QUERY_ID, QUERY_TYPE, API_QUERY, LEGEND, QUERY_STEP, CREATE_TIME, UPDATE_TIME, PANEL_ID) values (	84	,	'METRIC'	,	 '/api/v1/query_range?query=jvm_memory_bytes_max{area="nonheap",job="jmx-metrics",application=~"^.*$", instance=~"^.*$"}'	,	 '[{{application}}]Max'	,	 '15'	,	CURRENT_TIMESTAMP()	,	CURRENT_TIMESTAMP()	,	34	);
INSERT INTO chart_query (C_QUERY_ID, QUERY_TYPE, API_QUERY, LEGEND, QUERY_STEP, CREATE_TIME, UPDATE_TIME, PANEL_ID) values (	85	,	'METRIC'	,	 '/api/v1/query_range?query=jvm_memory_bytes_used{area="nonheap",job="jmx-metrics", application=~"^.*$", instance=~"^.*$"} / jvm_memory_bytes_max{area="$memarea",job="jmx-metrics", application=~"^.*$", instance=~"^.*$"} >= 0'	,	 'Used(%)'	,	 '15'	,	CURRENT_TIMESTAMP()	,	CURRENT_TIMESTAMP()	,	34	);
INSERT INTO chart_query (C_QUERY_ID, QUERY_TYPE, API_QUERY, LEGEND, QUERY_STEP, CREATE_TIME, UPDATE_TIME, PANEL_ID) values (	86	,	'METRIC'	,	 '/api/v1/query_range?query=jvm_memory_pool_bytes_max{pool="Eden Space", job="jmx-metrics", application=~"^.*$", instance=~"^.*$"}'	,	 '[{{application}}]Max'	,	 '15'	,	CURRENT_TIMESTAMP()	,	CURRENT_TIMESTAMP()	,	35	);
INSERT INTO chart_query (C_QUERY_ID, QUERY_TYPE, API_QUERY, LEGEND, QUERY_STEP, CREATE_TIME, UPDATE_TIME, PANEL_ID) values (	87	,	'METRIC'	,	 '/api/v1/query_range?query=jvm_memory_pool_bytes_used{pool="Eden Space",job="jmx-metrics", application=~"^.*$", instance=~"^.*$"}'	,	 '[{{application}}]'	,	 '15'	,	CURRENT_TIMESTAMP()	,	CURRENT_TIMESTAMP()	,	35	);
INSERT INTO chart_query (C_QUERY_ID, QUERY_TYPE, API_QUERY, LEGEND, QUERY_STEP, CREATE_TIME, UPDATE_TIME, PANEL_ID) values (	88	,	'METRIC'	,	 '/api/v1/query_range?query=jvm_memory_pool_bytes_committed{pool="Eden Space",job="jmx-metrics", application=~"^.*$", instance=~"^.*$"}'	,	 '[{{application}}]Commited'	,	 '15'	,	CURRENT_TIMESTAMP()	,	CURRENT_TIMESTAMP()	,	35	);
INSERT INTO chart_query (C_QUERY_ID, QUERY_TYPE, API_QUERY, LEGEND, QUERY_STEP, CREATE_TIME, UPDATE_TIME, PANEL_ID) values (	89	,	'METRIC'	,	 '/api/v1/query_range?query=jvm_memory_pool_bytes_max{pool="Tenured Gen", job="jmx-metrics", application=~"^.*$", instance=~"^.*$"}'	,	 '[{{application}}]Max'	,	 '15'	,	CURRENT_TIMESTAMP()	,	CURRENT_TIMESTAMP()	,	36	);
INSERT INTO chart_query (C_QUERY_ID, QUERY_TYPE, API_QUERY, LEGEND, QUERY_STEP, CREATE_TIME, UPDATE_TIME, PANEL_ID) values (	90	,	'METRIC'	,	 '/api/v1/query_range?query=jvm_memory_pool_bytes_used{pool="Tenured Gen",job="jmx-metrics", application=~"^.*$", instance=~"^.*$"}'	,	 '[{{application}}]Used'	,	 '15'	,	CURRENT_TIMESTAMP()	,	CURRENT_TIMESTAMP()	,	36	);
INSERT INTO chart_query (C_QUERY_ID, QUERY_TYPE, API_QUERY, LEGEND, QUERY_STEP, CREATE_TIME, UPDATE_TIME, PANEL_ID) values (	91	,	'METRIC'	,	 '/api/v1/query_range?query=jvm_memory_pool_bytes_committed{pool="Tenured Gen",job="jmx-metrics", application=~"^.*$", instance=~"^.*$"}'	,	 '[{{application}}]Commited'	,	 '15'	,	CURRENT_TIMESTAMP()	,	CURRENT_TIMESTAMP()	,	36	);
INSERT INTO chart_query (C_QUERY_ID, QUERY_TYPE, API_QUERY, LEGEND, QUERY_STEP, CREATE_TIME, UPDATE_TIME, PANEL_ID) values (	92	,	'METRIC'	,	 '/api/v1/query_range?query=jvm_threads_current{job="jmx-metrics", application=~"^.*$", instance=~"^.*$"}'	,	 '[{{application}}]JVM current threads'	,	 '15'	,	CURRENT_TIMESTAMP()	,	CURRENT_TIMESTAMP()	,	37	);
INSERT INTO chart_query (C_QUERY_ID, QUERY_TYPE, API_QUERY, LEGEND, QUERY_STEP, CREATE_TIME, UPDATE_TIME, PANEL_ID) values (	93	,	'METRIC'	,	 '/api/v1/query_range?query=jvm_threads_daemon{job="jmx-metrics", application=~"^.*$", instance=~"^.*$"}'	,	 '[{{application}}]JVM daemon threads'	,	 '15'	,	CURRENT_TIMESTAMP()	,	CURRENT_TIMESTAMP()	,	37	);
INSERT INTO chart_query (C_QUERY_ID, QUERY_TYPE, API_QUERY, LEGEND, QUERY_STEP, CREATE_TIME, UPDATE_TIME, PANEL_ID) values (	95	,	'METRIC'	,	 '/api/v1/query_range?query=jvm_threads_deadlocked{job="jmx-metrics", application=~"^.*$", instance=~"^.*$"}'	,	 '[{{application}}]JVM deadlock threads'	,	 '15'	,	CURRENT_TIMESTAMP()	,	CURRENT_TIMESTAMP()	,	37	);
INSERT INTO chart_query (C_QUERY_ID, QUERY_TYPE, API_QUERY, LEGEND, QUERY_STEP, CREATE_TIME, UPDATE_TIME, PANEL_ID) values (	96	,	'METRIC'	,	 '/api/v1/query_range?query=increase(jvm_gc_collection_seconds_count{job="jmx-metrics", application=~"^.*$", instance=~".*"}[1m])'	,	 '[{{application}}]loaded'	,	 '15'	,	CURRENT_TIMESTAMP()	,	CURRENT_TIMESTAMP()	,	38	);
INSERT INTO chart_query (C_QUERY_ID, QUERY_TYPE, API_QUERY, LEGEND, QUERY_STEP, CREATE_TIME, UPDATE_TIME, PANEL_ID) values (	97	,	'METRIC'	,	 '/api/v1/query_range?query=increase(jvm_gc_collection_seconds_sum{job="jmx-metrics", application=~"^.*$", instance=~".*"}[1m])'	,	 '[{{application}}]{{gc}}'	,	 '15'	,	CURRENT_TIMESTAMP()	,	CURRENT_TIMESTAMP()	,	39	);
INSERT INTO chart_query (C_QUERY_ID, QUERY_TYPE, API_QUERY, LEGEND, QUERY_STEP, CREATE_TIME, UPDATE_TIME, PANEL_ID) values (	98	,	'METRIC'	,	 '/api/v1/query_range?query=jvm_classes_loaded{job="jmx-metrics", application=~"^.*$", instance=~"^.*$"}'	,	 '[{{application}}]{{application}-{instance}}'	,	 '15'	,	CURRENT_TIMESTAMP()	,	CURRENT_TIMESTAMP()	,	40	);

--JVM Application
INSERT INTO chart_query (C_QUERY_ID, QUERY_TYPE, API_QUERY, LEGEND, QUERY_STEP, CREATE_TIME, UPDATE_TIME, PANEL_ID) values (	99	,	'METRIC'	,	 '/api/v1/query?query=(time() - process_start_time_seconds{instance="$instance"})/60/60/24'	,	 ''	,	 ''	,	CURRENT_TIMESTAMP()	,	CURRENT_TIMESTAMP()	,	41	);
INSERT INTO chart_query (C_QUERY_ID, QUERY_TYPE, API_QUERY, LEGEND, QUERY_STEP, CREATE_TIME, UPDATE_TIME, PANEL_ID) values (	100	,	'METRIC'	,	 '/api/v1/query?query=max(process_start_time_seconds{application=~"^$application$", instance=~"^$instance$"})*1000'	,	 ''	,	 ''	,	CURRENT_TIMESTAMP()	,	CURRENT_TIMESTAMP()	,	42	);
INSERT INTO chart_query (C_QUERY_ID, QUERY_TYPE, API_QUERY, LEGEND, QUERY_STEP, CREATE_TIME, UPDATE_TIME, PANEL_ID) values (	101	,	'METRIC'	,	 '/api/v1/query_range?query=(sum(jvm_memory_bytes_used{area="heap",application=~"$application", instance=~"$instance"})*100) / sum(jvm_memory_bytes_max{area="heap", application=~"$application", instance=~"$instance"})'	,	 ''	,	 '15'	,	CURRENT_TIMESTAMP()	,	CURRENT_TIMESTAMP()	,	43	);
INSERT INTO chart_query (C_QUERY_ID, QUERY_TYPE, API_QUERY, LEGEND, QUERY_STEP, CREATE_TIME, UPDATE_TIME, PANEL_ID) values (	102	,	'METRIC'	,	 '/api/v1/query?query=jvm_info{application=~"^$application$", instance=~"^$instance$"}'	,	 ''	,	 ''	,	CURRENT_TIMESTAMP()	,	CURRENT_TIMESTAMP()	,	44	);
INSERT INTO chart_query (C_QUERY_ID, QUERY_TYPE, API_QUERY, LEGEND, QUERY_STEP, CREATE_TIME, UPDATE_TIME, PANEL_ID) values (	103	,	'METRIC'	,	 '/api/v1/query_range?query=avg_over_time(java_lang_operatingsystem_systemcpuload{application="$application", instance="$instance"}[1m]) * 100'	,	 'System'	,	 '15'	,	CURRENT_TIMESTAMP()	,	CURRENT_TIMESTAMP()	,	45	);
INSERT INTO chart_query (C_QUERY_ID, QUERY_TYPE, API_QUERY, LEGEND, QUERY_STEP, CREATE_TIME, UPDATE_TIME, PANEL_ID) values (	104	,	'METRIC'	,	 '/api/v1/query_range?query=avg_over_time(java_lang_operatingsystem_processcpuload{application="$application", instance="$instance"}[1m]) * 100'	,	 'Processc'	,	 '15'	,	CURRENT_TIMESTAMP()	,	CURRENT_TIMESTAMP()	,	45	);
INSERT INTO chart_query (C_QUERY_ID, QUERY_TYPE, API_QUERY, LEGEND, QUERY_STEP, CREATE_TIME, UPDATE_TIME, PANEL_ID) values (	105	,	'METRIC'	,	 '/api/v1/query_range?query=sum(tomcat_requestprocessor_requestcount{application="$application"})'	,	 'Request'	,	 '15'	,	CURRENT_TIMESTAMP()	,	CURRENT_TIMESTAMP()	,	46	);
INSERT INTO chart_query (C_QUERY_ID, QUERY_TYPE, API_QUERY, LEGEND, QUERY_STEP, CREATE_TIME, UPDATE_TIME, PANEL_ID) values (	106	,	'METRIC'	,	 '/api/v1/query_range?query=jvm_memory_bytes_used{area="heap",application=~"$application", instance=~"$instance"}'	,	 'Used[{{application}}-{{instance}}]'	,	 '15'	,	CURRENT_TIMESTAMP()	,	CURRENT_TIMESTAMP()	,	47	);
INSERT INTO chart_query (C_QUERY_ID, QUERY_TYPE, API_QUERY, LEGEND, QUERY_STEP, CREATE_TIME, UPDATE_TIME, PANEL_ID) values (	107	,	'METRIC'	,	 '/api/v1/query_range?query=jvm_memory_bytes_max{area="heap",application=~"$application", instance=~"$instance"}'	,	 'Max[{{application}}-{{instance}}]'	,	 '15'	,	CURRENT_TIMESTAMP()	,	CURRENT_TIMESTAMP()	,	47	);
INSERT INTO chart_query (C_QUERY_ID, QUERY_TYPE, API_QUERY, LEGEND, QUERY_STEP, CREATE_TIME, UPDATE_TIME, PANEL_ID) values (	108	,	'METRIC'	,	 '/api/v1/query_range?query=jvm_memory_bytes_used{area="heap", application=~"$application", instance=~"$instance"} / jvm_memory_bytes_max{area="heap", application=~"$application", instance=~"$instance"} >= 0'	,	 'Used(%)[{{application}}-{{instance}}]'	,	 '15'	,	CURRENT_TIMESTAMP()	,	CURRENT_TIMESTAMP()	,	47	);
INSERT INTO chart_query (C_QUERY_ID, QUERY_TYPE, API_QUERY, LEGEND, QUERY_STEP, CREATE_TIME, UPDATE_TIME, PANEL_ID) values (	109	,	'METRIC'	,	 '/api/v1/query_range?query=jvm_memory_bytes_used{area="nonheap",application=~"$application", instance=~"$instance"}'	,	 'Used[{{application}}-{{instance}}]'	,	 '15'	,	CURRENT_TIMESTAMP()	,	CURRENT_TIMESTAMP()	,	48	);
INSERT INTO chart_query (C_QUERY_ID, QUERY_TYPE, API_QUERY, LEGEND, QUERY_STEP, CREATE_TIME, UPDATE_TIME, PANEL_ID) values (	110	,	'METRIC'	,	 '/api/v1/query_range?query=jvm_memory_bytes_max{area="nonheap",application=~"$application", instance=~"$instance"}'	,	 'Max[{{application}}-{{instance}}]'	,	 '15'	,	CURRENT_TIMESTAMP()	,	CURRENT_TIMESTAMP()	,	48	);
INSERT INTO chart_query (C_QUERY_ID, QUERY_TYPE, API_QUERY, LEGEND, QUERY_STEP, CREATE_TIME, UPDATE_TIME, PANEL_ID) values (	111	,	'METRIC'	,	 '/api/v1/query_range?query=jvm_memory_bytes_used{area="nonheap",application=~"$application", instance=~"$instance"} / jvm_memory_bytes_max{area="nonheap", application=~"$application", instance=~"$instance"} >= 0'	,	 'Used(%)[{{application}}-{{instance}}]'	,	 '15'	,	CURRENT_TIMESTAMP()	,	CURRENT_TIMESTAMP()	,	48	);
INSERT INTO chart_query (C_QUERY_ID, QUERY_TYPE, API_QUERY, LEGEND, QUERY_STEP, CREATE_TIME, UPDATE_TIME, PANEL_ID) values (	112	,	'METRIC'	,	 '/api/v1/query_range?query=jvm_memory_pool_bytes_max{pool="Eden Space",application=~"$application", instance=~"$instance"}'	,	 'Max[{{application}}-{{instance}}]'	,	 '15'	,	CURRENT_TIMESTAMP()	,	CURRENT_TIMESTAMP()	,	49	);
INSERT INTO chart_query (C_QUERY_ID, QUERY_TYPE, API_QUERY, LEGEND, QUERY_STEP, CREATE_TIME, UPDATE_TIME, PANEL_ID) values (	113	,	'METRIC'	,	 '/api/v1/query_range?query=jvm_memory_pool_bytes_used{pool="Eden Space",application=~"$application", instance=~"$instance"}'	,	 'Used[{{application}}-{{instance}}]'	,	 '15'	,	CURRENT_TIMESTAMP()	,	CURRENT_TIMESTAMP()	,	49	);
INSERT INTO chart_query (C_QUERY_ID, QUERY_TYPE, API_QUERY, LEGEND, QUERY_STEP, CREATE_TIME, UPDATE_TIME, PANEL_ID) values (	114	,	'METRIC'	,	 '/api/v1/query_range?query=jvm_memory_pool_bytes_committed{pool="Eden Space",application=~"$application", instance=~"$instance"}'	,	 'Commited[{{application}}-{{instance}}]'	,	 '15'	,	CURRENT_TIMESTAMP()	,	CURRENT_TIMESTAMP()	,	49	);
INSERT INTO chart_query (C_QUERY_ID, QUERY_TYPE, API_QUERY, LEGEND, QUERY_STEP, CREATE_TIME, UPDATE_TIME, PANEL_ID) values (	115	,	'METRIC'	,	 '/api/v1/query_range?query=jvm_memory_pool_bytes_max{pool="Tenured Gen",application=~"$application", instance=~"$instance"}'	,	 'Max[{{application}}-{{instance}}]'	,	 '15'	,	CURRENT_TIMESTAMP()	,	CURRENT_TIMESTAMP()	,	50	);
INSERT INTO chart_query (C_QUERY_ID, QUERY_TYPE, API_QUERY, LEGEND, QUERY_STEP, CREATE_TIME, UPDATE_TIME, PANEL_ID) values (	116	,	'METRIC'	,	 '/api/v1/query_range?query=jvm_memory_pool_bytes_used{pool="Tenured Gen",application=~"$application", instance=~"$instance"}'	,	 'Used[{{application}}-{{instance}}]'	,	 '15'	,	CURRENT_TIMESTAMP()	,	CURRENT_TIMESTAMP()	,	50	);
INSERT INTO chart_query (C_QUERY_ID, QUERY_TYPE, API_QUERY, LEGEND, QUERY_STEP, CREATE_TIME, UPDATE_TIME, PANEL_ID) values (	117	,	'METRIC'	,	 '/api/v1/query_range?query=jvm_memory_pool_bytes_committed{pool="Tenured Gen", application=~"$application", instance=~"$instance"}'	,	 'Commited[{{application}}-{{instance}}]'	,	 '15'	,	CURRENT_TIMESTAMP()	,	CURRENT_TIMESTAMP()	,	50	);
INSERT INTO chart_query (C_QUERY_ID, QUERY_TYPE, API_QUERY, LEGEND, QUERY_STEP, CREATE_TIME, UPDATE_TIME, PANEL_ID) values (	118	,	'METRIC'	,	 '/api/v1/query_range?query=jvm_threads_current{ application=~"$application", instance=~"$instance"}'	,	 'JVM current threads[{{application}}-{{instance}}]'	,	 '15'	,	CURRENT_TIMESTAMP()	,	CURRENT_TIMESTAMP()	,	51	);
INSERT INTO chart_query (C_QUERY_ID, QUERY_TYPE, API_QUERY, LEGEND, QUERY_STEP, CREATE_TIME, UPDATE_TIME, PANEL_ID) values (	119	,	'METRIC'	,	 '/api/v1/query_range?query=jvm_threads_daemon{ application=~"$application", instance=~"$instance"}'	,	 'JVM daemon threads[{{application}}-{{instance}}]'	,	 '15'	,	CURRENT_TIMESTAMP()	,	CURRENT_TIMESTAMP()	,	51	);
INSERT INTO chart_query (C_QUERY_ID, QUERY_TYPE, API_QUERY, LEGEND, QUERY_STEP, CREATE_TIME, UPDATE_TIME, PANEL_ID) values (	120	,	'METRIC'	,	 '/api/v1/query_range?query=jvm_threads_deadlocked{ application=~"$application", instance=~"$instance"}'	,	 'JVM deadlock threads[{{application}}-{{instance}}]'	,	 '15'	,	CURRENT_TIMESTAMP()	,	CURRENT_TIMESTAMP()	,	51	);
INSERT INTO chart_query (C_QUERY_ID, QUERY_TYPE, API_QUERY, LEGEND, QUERY_STEP, CREATE_TIME, UPDATE_TIME, PANEL_ID) values (	121	,	'METRIC'	,	 '/api/v1/query_range?query=increase(jvm_gc_collection_seconds_count{ application=~"$application", instance=~"$instance"}[1m])'	,	 'loaded[{{application}}-{{instance}}]'	,	 '15'	,	CURRENT_TIMESTAMP()	,	CURRENT_TIMESTAMP()	,	53	);
INSERT INTO chart_query (C_QUERY_ID, QUERY_TYPE, API_QUERY, LEGEND, QUERY_STEP, CREATE_TIME, UPDATE_TIME, PANEL_ID) values (	122	,	'METRIC'	,	 '/api/v1/query_range?query=increase(jvm_gc_collection_seconds_sum{ application=~"$application", instance=~"$instance"}[1m])'	,	 '{{gc}}[{{application}}-{{instance}}]'	,	 '15'	,	CURRENT_TIMESTAMP()	,	CURRENT_TIMESTAMP()	,	54	);
INSERT INTO chart_query (C_QUERY_ID, QUERY_TYPE, API_QUERY, LEGEND, QUERY_STEP, CREATE_TIME, UPDATE_TIME, PANEL_ID) values (	123	,	'METRIC'	,	 '/api/v1/query_range?query=jvm_classes_loaded{ application=~"$application", instance=~"$instance"}'	,	 '[{{application}}-{{instance}}]'	,	 '15'	,	CURRENT_TIMESTAMP()	,	CURRENT_TIMESTAMP()	,	52	);


-- Database
INSERT INTO chart_query (C_QUERY_ID, QUERY_TYPE, API_QUERY, LEGEND, QUERY_STEP, CREATE_TIME, UPDATE_TIME, PANEL_ID) values (	132	,	'METRIC'	,	 '/api/v1/query?query=node_uname_info{instance=~"$instance.*"}'	,	 ''	,	 ''	,	CURRENT_TIMESTAMP()	,	CURRENT_TIMESTAMP()	,	55	);
INSERT INTO chart_query (C_QUERY_ID, QUERY_TYPE, API_QUERY, LEGEND, QUERY_STEP, CREATE_TIME, UPDATE_TIME, PANEL_ID) values (	133	,	'METRIC'	,	 '/api/v1/query?query=up{instance=~"$Host"}'	,	 ''	,	 ''	,	CURRENT_TIMESTAMP()	,	CURRENT_TIMESTAMP()	,	56	);
INSERT INTO chart_query (C_QUERY_ID, QUERY_TYPE, API_QUERY, LEGEND, QUERY_STEP, CREATE_TIME, UPDATE_TIME, PANEL_ID) values (	134	,	'METRIC'	,	 '/api/v1/query_range?query=(((count(count(node_cpu_seconds_total{instance=~"$Host"}) by (cpu))) - avg(sum by (mode)(irate(node_cpu_seconds_total{mode="idle",instance=~"$Host"}[5m])))) * 100) / count(count(node_cpu_seconds_total{instance=~"$Host"}) by (cpu))'	,	 ''	,	 '60'	,	CURRENT_TIMESTAMP()	,	CURRENT_TIMESTAMP()	,	57	);
INSERT INTO chart_query (C_QUERY_ID, QUERY_TYPE, API_QUERY, LEGEND, QUERY_STEP, CREATE_TIME, UPDATE_TIME, PANEL_ID) values (	135	,	'METRIC'	,	 '/api/v1/query_range?query=((node_memory_MemTotal_bytes{instance=~"$Host"} - node_memory_MemFree_bytes{instance=~"$Host"}) / (node_memory_MemTotal_bytes{instance=~"$Host"} )) * 100'	,	 ''	,	 '60'	,	CURRENT_TIMESTAMP()	,	CURRENT_TIMESTAMP()	,	58	);
INSERT INTO chart_query (C_QUERY_ID, QUERY_TYPE, API_QUERY, LEGEND, QUERY_STEP, CREATE_TIME, UPDATE_TIME, PANEL_ID) values (	136	,	'METRIC'	,	 '/api/v1/query_range?query=100 - ((node_memory_MemAvailable_bytes{instance=~"$Host"} * 100) / node_memory_MemTotal_bytes{instance=~"$Host"})'	,	 ''	,	 '60'	,	CURRENT_TIMESTAMP()	,	CURRENT_TIMESTAMP()	,	58	);
INSERT INTO chart_query (C_QUERY_ID, QUERY_TYPE, API_QUERY, LEGEND, QUERY_STEP, CREATE_TIME, UPDATE_TIME, PANEL_ID) values (	137	,	'METRIC'	,	 '/api/v1/query?query=up{instance=~"$Host"}'	,	 ''	,	 '60'	,	CURRENT_TIMESTAMP()	,	CURRENT_TIMESTAMP()	,	59	);
INSERT INTO chart_query (C_QUERY_ID, QUERY_TYPE, API_QUERY, LEGEND, QUERY_STEP, CREATE_TIME, UPDATE_TIME, PANEL_ID) values (	138	,	'METRIC'	,	 '/api/v1/query_range?query=(((count(count(node_cpu_seconds_total{instance=~"$Host"}) by (cpu))) - avg(sum by (mode)(irate(node_cpu_seconds_total{mode="idle",instance=~"$Host"}[5m])))) * 100) / count(count(node_cpu_seconds_total{instance=~"$Host"}) by (cpu))'	,	 ''	,	 '60'	,	CURRENT_TIMESTAMP()	,	CURRENT_TIMESTAMP()	,	60	);
INSERT INTO chart_query (C_QUERY_ID, QUERY_TYPE, API_QUERY, LEGEND, QUERY_STEP, CREATE_TIME, UPDATE_TIME, PANEL_ID) values (	139	,	'METRIC'	,	 '/api/v1/query_range?query=((node_memory_MemTotal_bytes{instance=~"$Host"} - node_memory_MemFree_bytes{instance=~"$Host"}) / (node_memory_MemTotal_bytes{instance=~"$Host"} )) * 100'	,	 ''	,	 '60'	,	CURRENT_TIMESTAMP()	,	CURRENT_TIMESTAMP()	,	61	);
INSERT INTO chart_query (C_QUERY_ID, QUERY_TYPE, API_QUERY, LEGEND, QUERY_STEP, CREATE_TIME, UPDATE_TIME, PANEL_ID) values (	140	,	'METRIC'	,	 '/api/v1/query_range?query=100 - ((node_memory_MemAvailable_bytes{instance=~"$Host"} * 100) / node_memory_MemTotal_bytes{instance=~"$Host"})'	,	 ''	,	 '60'	,	CURRENT_TIMESTAMP()	,	CURRENT_TIMESTAMP()	,	61	);
INSERT INTO chart_query (C_QUERY_ID, QUERY_TYPE, API_QUERY, LEGEND, QUERY_STEP, CREATE_TIME, UPDATE_TIME, PANEL_ID) values (	141	,	'METRIC'	,	 '/api/v1/query?query=up{instance=~"$Host"}'	,	 ''	,	 '60'	,	CURRENT_TIMESTAMP()	,	CURRENT_TIMESTAMP()	,	62	);
INSERT INTO chart_query (C_QUERY_ID, QUERY_TYPE, API_QUERY, LEGEND, QUERY_STEP, CREATE_TIME, UPDATE_TIME, PANEL_ID) values (	142	,	'METRIC'	,	 '/api/v1/query_range?query=(((count(count(node_cpu_seconds_total{instance=~"$Host"}) by (cpu))) - avg(sum by (mode)(irate(node_cpu_seconds_total{mode="idle",instance=~"$Host"}[5m])))) * 100) / count(count(node_cpu_seconds_total{instance=~"$Host"}) by (cpu))'	,	 ''	,	 '60'	,	CURRENT_TIMESTAMP()	,	CURRENT_TIMESTAMP()	,	63	);
INSERT INTO chart_query (C_QUERY_ID, QUERY_TYPE, API_QUERY, LEGEND, QUERY_STEP, CREATE_TIME, UPDATE_TIME, PANEL_ID) values (	143	,	'METRIC'	,	 '/api/v1/query_range?query=((node_memory_MemTotal_bytes{instance=~"$Host"} - node_memory_MemFree_bytes{instance=~"$Host"}) / (node_memory_MemTotal_bytes{instance=~"$Host"} )) * 100'	,	 ''	,	 '60'	,	CURRENT_TIMESTAMP()	,	CURRENT_TIMESTAMP()	,	64	);
INSERT INTO chart_query (C_QUERY_ID, QUERY_TYPE, API_QUERY, LEGEND, QUERY_STEP, CREATE_TIME, UPDATE_TIME, PANEL_ID) values (	144	,	'METRIC'	,	 '/api/v1/query_range?query=100 - ((node_memory_MemAvailable_bytes{instance=~"$Host"} * 100) / node_memory_MemTotal_bytes{instance=~"$Host"})'	,	 ''	,	 '60'	,	CURRENT_TIMESTAMP()	,	CURRENT_TIMESTAMP()	,	64	);
INSERT INTO chart_query (C_QUERY_ID, QUERY_TYPE, API_QUERY, LEGEND, QUERY_STEP, CREATE_TIME, UPDATE_TIME, PANEL_ID) values (	145	,	'METRIC'	,	 '/api/v1/query_range?query=oracledb_activity_execute_count{job="DO-ORACLE"}'	,	 ''	,	 '60'	,	CURRENT_TIMESTAMP()	,	CURRENT_TIMESTAMP()	,	65	);
INSERT INTO chart_query (C_QUERY_ID, QUERY_TYPE, API_QUERY, LEGEND, QUERY_STEP, CREATE_TIME, UPDATE_TIME, PANEL_ID) values (	146	,	'METRIC'	,	 '/api/v1/query_range?query=oracledb_activity_user_commits{job="DO-ORACLE"}'	,	 ''	,	 '60'	,	CURRENT_TIMESTAMP()	,	CURRENT_TIMESTAMP()	,	66	);
INSERT INTO chart_query (C_QUERY_ID, QUERY_TYPE, API_QUERY, LEGEND, QUERY_STEP, CREATE_TIME, UPDATE_TIME, PANEL_ID) values (	147	,	'METRIC'	,	 '/api/v1/query_range?query=oracledb_sessions_value{status="ACTIVE",type="USER"}'	,	 ''	,	 '60'	,	CURRENT_TIMESTAMP()	,	CURRENT_TIMESTAMP()	,	67	);
INSERT INTO chart_query (C_QUERY_ID, QUERY_TYPE, API_QUERY, LEGEND, QUERY_STEP, CREATE_TIME, UPDATE_TIME, PANEL_ID) values (	148	,	'METRIC'	,	 '/api/v1/query_range?query=oracledb_process_count{job="DO-ORACLE"}'	,	 '{{descr}} - Process count'	,	 '60'	,	CURRENT_TIMESTAMP()	,	CURRENT_TIMESTAMP()	,	68	);
INSERT INTO chart_query (C_QUERY_ID, QUERY_TYPE, API_QUERY, LEGEND, QUERY_STEP, CREATE_TIME, UPDATE_TIME, PANEL_ID) values (	149	,	'METRIC'	,	 '/api/v1/query_range?query=oracledb_activity_user_rollbacks{job="DO-ORACLE"}'	,	 '{{descr}} - User rollback'	,	 '60'	,	CURRENT_TIMESTAMP()	,	CURRENT_TIMESTAMP()	,	69	);
INSERT INTO chart_query (C_QUERY_ID, QUERY_TYPE, API_QUERY, LEGEND, QUERY_STEP, CREATE_TIME, UPDATE_TIME, PANEL_ID) values (	150	,	'METRIC'	,	 '/api/v1/query_range?query=oracledb_wait_time_concurrency{job="DO-ORACLE"}'	,	 '{{descr}} - Concurrent wait time'	,	 '60'	,	CURRENT_TIMESTAMP()	,	CURRENT_TIMESTAMP()	,	70	);
INSERT INTO chart_query (C_QUERY_ID, QUERY_TYPE, API_QUERY, LEGEND, QUERY_STEP, CREATE_TIME, UPDATE_TIME, PANEL_ID) values (	151	,	'METRIC'	,	 '/api/v1/query_range?query=oracledb_wait_time_commit{job="DO-ORACLE"}'	,	 '{{descr}} - commit'	,	 '60'	,	CURRENT_TIMESTAMP()	,	CURRENT_TIMESTAMP()	,	71	);
INSERT INTO chart_query (C_QUERY_ID, QUERY_TYPE, API_QUERY, LEGEND, QUERY_STEP, CREATE_TIME, UPDATE_TIME, PANEL_ID) values (	152	,	'METRIC'	,	 '/api/v1/query_range?query=oracledb_wait_time_application{job="DO-ORACLE"}'	,	 '{{descr}} - Application waiting'	,	 '60'	,	CURRENT_TIMESTAMP()	,	CURRENT_TIMESTAMP()	,	72	);
INSERT INTO chart_query (C_QUERY_ID, QUERY_TYPE, API_QUERY, LEGEND, QUERY_STEP, CREATE_TIME, UPDATE_TIME, PANEL_ID) values (	153	,	'METRIC'	,	 '/api/v1/query_range?query=oracledb_wait_time_network{job="DO-ORACLE"}'	,	 '{{descr}} - Network waiting'	,	 '60'	,	CURRENT_TIMESTAMP()	,	CURRENT_TIMESTAMP()	,	73	);
INSERT INTO chart_query (C_QUERY_ID, QUERY_TYPE, API_QUERY, LEGEND, QUERY_STEP, CREATE_TIME, UPDATE_TIME, PANEL_ID) values (	154	,	'METRIC'	,	 '/api/v1/query_range?query=oracledb_wait_time_system_io{job="DO-ORACLE"}'	,	 '{{descr}} - System I/O waiting'	,	 '60'	,	CURRENT_TIMESTAMP()	,	CURRENT_TIMESTAMP()	,	74	);
INSERT INTO chart_query (C_QUERY_ID, QUERY_TYPE, API_QUERY, LEGEND, QUERY_STEP, CREATE_TIME, UPDATE_TIME, PANEL_ID) values (	155	,	'METRIC'	,	 '/api/v1/query_range?query=oracledb_wait_time_user_io{job="DO-ORACLE"}'	,	 '{{descr}} - User I/O waiting'	,	 '60'	,	CURRENT_TIMESTAMP()	,	CURRENT_TIMESTAMP()	,	75	);
INSERT INTO chart_query (C_QUERY_ID, QUERY_TYPE, API_QUERY, LEGEND, QUERY_STEP, CREATE_TIME, UPDATE_TIME, PANEL_ID) values (	156	,	'METRIC'	,	 '/api/v1/query_range?query=oracledb_wait_time_configuration{job="DO-ORACLE"}'	,	 '{{descr}} - Configure wait time'	,	 '60'	,	CURRENT_TIMESTAMP()	,	CURRENT_TIMESTAMP()	,	76	);
INSERT INTO chart_query (C_QUERY_ID, QUERY_TYPE, API_QUERY, LEGEND, QUERY_STEP, CREATE_TIME, UPDATE_TIME, PANEL_ID) values (	157	,	'METRIC'	,	 '/api/v1/query_range?query=oracledb_wait_time_scheduler{job="DO-ORACLE"}'	,	 '{{descr}} - Scheduler  waiting time'	,	 '60'	,	CURRENT_TIMESTAMP()	,	CURRENT_TIMESTAMP()	,	77	);
INSERT INTO chart_query (C_QUERY_ID, QUERY_TYPE, API_QUERY, LEGEND, QUERY_STEP, CREATE_TIME, UPDATE_TIME, PANEL_ID) values (	158	,	'METRIC'	,	 '/api/v1/query_range?query=oracledb_resource_current_utilization{job="DO-ORACLE"}'	,	 'Resource utilization - {{resource_name}}'	,	 '60'	,	CURRENT_TIMESTAMP()	,	CURRENT_TIMESTAMP()	,	78	);
INSERT INTO chart_query (C_QUERY_ID, QUERY_TYPE, API_QUERY, LEGEND, QUERY_STEP, CREATE_TIME, UPDATE_TIME, PANEL_ID) values (	159	,	'METRIC'	,	 '/api/v1/query?query=1-(oracledb_tablespace_free{job="DO-ORACLE"}/oracledb_tablespace_max_bytes{job="DO-ORACLE"})'	,	 ''	,	 '60'	,	CURRENT_TIMESTAMP()	,	CURRENT_TIMESTAMP()	,	79	);
INSERT INTO chart_query (C_QUERY_ID, QUERY_TYPE, API_QUERY, LEGEND, QUERY_STEP, CREATE_TIME, UPDATE_TIME, PANEL_ID) values (	160	,	'METRIC'	,	 '/api/v1/query?query=oracledb_tablespace_free{job="DO-ORACLE"}'	,	 ''	,	 '60'	,	CURRENT_TIMESTAMP()	,	CURRENT_TIMESTAMP()	,	79	);

-- Cluster Overview
INSERT INTO chart_query (C_QUERY_ID, QUERY_TYPE, API_QUERY, LEGEND, QUERY_STEP, CREATE_TIME, UPDATE_TIME, PANEL_ID) values (	186	,	'METRIC'	,	 '/api/v1/query?query=sum(machine_cpu_cores{node=~".*", zone!="external"})'	,	 'Total Cores'	,	'30'	,	CURRENT_TIMESTAMP()	,	CURRENT_TIMESTAMP()	,	102	);
INSERT INTO chart_query (C_QUERY_ID, QUERY_TYPE, API_QUERY, LEGEND, QUERY_STEP, CREATE_TIME, UPDATE_TIME, PANEL_ID) values (	187	,	'METRIC'	,	 '/api/v1/query?query=sum(machine_memory_bytes{node=~"^.*$",zone!="external"})'	,	 'Total Memory'	,	'30'	,	CURRENT_TIMESTAMP()	,	CURRENT_TIMESTAMP()	,	103	);
INSERT INTO chart_query (C_QUERY_ID, QUERY_TYPE, API_QUERY, LEGEND, QUERY_STEP, CREATE_TIME, UPDATE_TIME, PANEL_ID) values (	188	,	'METRIC'	,	 '/api/v1/query?query=sum(node_filesystem_size_bytes{device!~"rootfs|HarddiskVolume|tmpfs",node=~"^.*$", zone!="external"})'	,	 'Total Disk'	,	'30'	,	CURRENT_TIMESTAMP()	,	CURRENT_TIMESTAMP()	,	104	);
INSERT INTO chart_query (C_QUERY_ID, QUERY_TYPE, API_QUERY, LEGEND, QUERY_STEP, CREATE_TIME, UPDATE_TIME, PANEL_ID) values (	189	,	'METRIC'	,	 '/api/v1/query?query=sum(kube_node_info{node=~".*",zone!="external"})'	,	 'Total nodes'	,	'30'	,	CURRENT_TIMESTAMP()	,	CURRENT_TIMESTAMP()	,	105	);
INSERT INTO chart_query (C_QUERY_ID, QUERY_TYPE, API_QUERY, LEGEND, QUERY_STEP, CREATE_TIME, UPDATE_TIME, PANEL_ID) values (	190	,	'METRIC'	,	 '/api/v1/query?query=sum(kube_node_status_condition{condition="Ready",node=~".*",status!="true",zone!="external"})'	,	 'Failed Nodes'	,	'30'	,	CURRENT_TIMESTAMP()	,	CURRENT_TIMESTAMP()	,	105	);
INSERT INTO chart_query (C_QUERY_ID, QUERY_TYPE, API_QUERY, LEGEND, QUERY_STEP, CREATE_TIME, UPDATE_TIME, PANEL_ID) values (	191	,	'METRIC'	,	 '/api/v1/query_range?query=sum(machine_cpu_cores{node=~"^.*$",zone!="external"})'	,	 'Total'	,	'30'	,	CURRENT_TIMESTAMP()	,	CURRENT_TIMESTAMP()	,	106	);
INSERT INTO chart_query (C_QUERY_ID, QUERY_TYPE, API_QUERY, LEGEND, QUERY_STEP, CREATE_TIME, UPDATE_TIME, PANEL_ID) values (	192	,	'METRIC'	,	 '/api/v1/query_range?query=(1 -(avg(irate(node_cpu_seconds_total{mode="idle",node=~"^.*$",zone!="external"}[5m]))))*sum(machine_cpu_cores{node=~"^.*$",zone!="external"})'	,	 'Used'	,	'30'	,	CURRENT_TIMESTAMP()	,	CURRENT_TIMESTAMP()	,	106	);
INSERT INTO chart_query (C_QUERY_ID, QUERY_TYPE, API_QUERY, LEGEND, QUERY_STEP, CREATE_TIME, UPDATE_TIME, PANEL_ID) values (	193	,	'METRIC'	,	 '/api/v1/query_range?query=min(sum(kube_node_status_allocatable_cpu_cores{zone!="external"}) by (instance))'	,	 'Allocatable'	,	'30'	,	CURRENT_TIMESTAMP()	,	CURRENT_TIMESTAMP()	,	106	);
INSERT INTO chart_query (C_QUERY_ID, QUERY_TYPE, API_QUERY, LEGEND, QUERY_STEP, CREATE_TIME, UPDATE_TIME, PANEL_ID) values (	194	,	'METRIC'	,	 '/api/v1/query_range?query=max(sum(kube_pod_container_resource_requests_cpu_cores{zone!="external"}) by (instance))'	,	 'Requested'	,	'30'	,	CURRENT_TIMESTAMP()	,	CURRENT_TIMESTAMP()	,	106	);
INSERT INTO chart_query (C_QUERY_ID, QUERY_TYPE, API_QUERY, LEGEND, QUERY_STEP, CREATE_TIME, UPDATE_TIME, PANEL_ID) values (	195	,	'METRIC'	,	 '/api/v1/query_range?query=sum (machine_memory_bytes{node=~"^.*$",zone!="external"})'	,	 'Total'	,	'30'	,	CURRENT_TIMESTAMP()	,	CURRENT_TIMESTAMP()	,	107	);
INSERT INTO chart_query (C_QUERY_ID, QUERY_TYPE, API_QUERY, LEGEND, QUERY_STEP, CREATE_TIME, UPDATE_TIME, PANEL_ID) values (	196	,	'METRIC'	,	 '/api/v1/query_range?query=sum(node_memory_MemTotal_bytes{node =~"^.*$",zone!="external"}) - sum(node_memory_MemAvailable_bytes{node =~"^.*$",zone!="external"})'	,	 'Used'	,	'30'	,	CURRENT_TIMESTAMP()	,	CURRENT_TIMESTAMP()	,	107	);
INSERT INTO chart_query (C_QUERY_ID, QUERY_TYPE, API_QUERY, LEGEND, QUERY_STEP, CREATE_TIME, UPDATE_TIME, PANEL_ID) values (	197	,	'METRIC'	,	 '/api/v1/query_range?query=min(sum(kube_node_status_allocatable_memory_bytes{zone!="external"}) by (instance))'	,	 'Allcatable'	,	'30'	,	CURRENT_TIMESTAMP()	,	CURRENT_TIMESTAMP()	,	107	);
INSERT INTO chart_query (C_QUERY_ID, QUERY_TYPE, API_QUERY, LEGEND, QUERY_STEP, CREATE_TIME, UPDATE_TIME, PANEL_ID) values (	198	,	'METRIC'	,	 '/api/v1/query_range?query=max(sum(kube_pod_container_resource_requests_memory_bytes{zone!="external"}) by (instance))'	,	 'Requested'	,	'30'	,	CURRENT_TIMESTAMP()	,	CURRENT_TIMESTAMP()	,	107	);
INSERT INTO chart_query (C_QUERY_ID, QUERY_TYPE, API_QUERY, LEGEND, QUERY_STEP, CREATE_TIME, UPDATE_TIME, PANEL_ID) values (	199	,	'METRIC'	,	 '/api/v1/query_range?query=sum(node_filesystem_size_bytes{device!~"rootfs|HarddiskVolume|tmpfs",node=~"^.*$",zone!="external"})'	,	 'Total'	,	'30'	,	CURRENT_TIMESTAMP()	,	CURRENT_TIMESTAMP()	,	108	);
INSERT INTO chart_query (C_QUERY_ID, QUERY_TYPE, API_QUERY, LEGEND, QUERY_STEP, CREATE_TIME, UPDATE_TIME, PANEL_ID) values (	200	,	'METRIC'	,	 '/api/v1/query_range?query=sum(node_filesystem_size_bytes{device!~"rootfs|HarddiskVolume|tmpfs",node=~"^.*$",zone!="external"}) - sum(node_filesystem_free_bytes{device!~"rootfs|HarddiskVolume|tmpfs",node=~"^.*$",zone!="external"})'	,	 'Used'	,	'30'	,	CURRENT_TIMESTAMP()	,	CURRENT_TIMESTAMP()	,	108	);
INSERT INTO chart_query (C_QUERY_ID, QUERY_TYPE, API_QUERY, LEGEND, QUERY_STEP, CREATE_TIME, UPDATE_TIME, PANEL_ID) values (	201	,	'METRIC'	,	 '/api/v1/query?query=sum(kube_pod_status_phase{namespace=~".*", phase="Running",zone!="external"})'	,	 'Running'	,	'30'	,	CURRENT_TIMESTAMP()	,	CURRENT_TIMESTAMP()	,	109	);
INSERT INTO chart_query (C_QUERY_ID, QUERY_TYPE, API_QUERY, LEGEND, QUERY_STEP, CREATE_TIME, UPDATE_TIME, PANEL_ID) values (	202	,	'METRIC'	,	 '/api/v1/query?query=sum(kube_pod_status_phase{namespace=~".*", phase="Failed",zone!="external"})'	,	 'Failed'	,	'30'	,	CURRENT_TIMESTAMP()	,	CURRENT_TIMESTAMP()	,	109	);
INSERT INTO chart_query (C_QUERY_ID, QUERY_TYPE, API_QUERY, LEGEND, QUERY_STEP, CREATE_TIME, UPDATE_TIME, PANEL_ID) values (	203	,	'METRIC'	,	 '/api/v1/query_range?query=sort_desc(100 * sum(rate(container_cpu_usage_seconds_total{pod_name!="",container_name!="POD",node=~"^.*$",zone!="external"}[5m])) by (pod_name))'	,	 '{{pod_name}}'	,	'30'	,	CURRENT_TIMESTAMP()	,	CURRENT_TIMESTAMP()	,	110	);
INSERT INTO chart_query (C_QUERY_ID, QUERY_TYPE, API_QUERY, LEGEND, QUERY_STEP, CREATE_TIME, UPDATE_TIME, PANEL_ID) values (	204	,	'METRIC'	,	 '/api/v1/query_range?query=sort_desc(sum (container_memory_working_set_bytes{pod_name!="",node=~"^.*$",zone!="external"}) by (pod_name))'	,	 '{{pod_name}}'	,	'30'	,	CURRENT_TIMESTAMP()	,	CURRENT_TIMESTAMP()	,	111	);
INSERT INTO chart_query (C_QUERY_ID, QUERY_TYPE, API_QUERY, LEGEND, QUERY_STEP, CREATE_TIME, UPDATE_TIME, PANEL_ID) values (	205	,	'METRIC'	,	 '/api/v1/query_range?query=sort_desc(sum (rate (container_network_receive_bytes_total{pod_name!="",node=~"^.*$",zone!="external"}[5m])) by (pod_name))'	,	 'receive {{pod_name}}'	,	'30'	,	CURRENT_TIMESTAMP()	,	CURRENT_TIMESTAMP()	,	112	);
INSERT INTO chart_query (C_QUERY_ID, QUERY_TYPE, API_QUERY, LEGEND, QUERY_STEP, CREATE_TIME, UPDATE_TIME, PANEL_ID) values (	206	,	'METRIC'	,	 '/api/v1/query_range?query=- sort_desc(sum (rate (container_network_transmit_bytes_total{pod_name!="",node=~"^.*$",zone!="external"}[5m])) by (pod_name))'	,	 'transmit {{pod_name}}'	,	'30'	,	CURRENT_TIMESTAMP()	,	CURRENT_TIMESTAMP()	,	112	);
INSERT INTO chart_query (C_QUERY_ID, QUERY_TYPE, API_QUERY, LEGEND, QUERY_STEP, CREATE_TIME, UPDATE_TIME, PANEL_ID) values (	207	,	'METRIC'	,	 '/api/v1/query?query=topk(5, sort_desc(100 * sum(rate(container_cpu_usage_seconds_total{container=~".*",pod_name!="",container_name!="POD",node=~"^.*$", namespace!~"kube-system|cattle-prometheus|cattle-system",zone!="external"}[5m])) by (pod_name)))'	,	 '{{pod_name}}'	,	'30'	,	CURRENT_TIMESTAMP()	,	CURRENT_TIMESTAMP()	,	113	);
INSERT INTO chart_query (C_QUERY_ID, QUERY_TYPE, API_QUERY, LEGEND, QUERY_STEP, CREATE_TIME, UPDATE_TIME, PANEL_ID) values (	208	,	'METRIC'	,	 '/api/v1/query?query=topk(5, sort_desc(sum (container_memory_working_set_bytes{container=~".*",pod_name!="",node=~"^.*$", namespace!~"kube-system|cattle-prometheus|cattle-system",zone!="external"}) by (pod_name)))'	,	 '{{pod_name}}'	,	'30'	,	CURRENT_TIMESTAMP()	,	CURRENT_TIMESTAMP()	,	114	);

-- Cluster Workload Overview
INSERT INTO chart_query (C_QUERY_ID, QUERY_TYPE, API_QUERY, LEGEND, QUERY_STEP, CREATE_TIME, UPDATE_TIME, PANEL_ID) values (	223	,	'METRIC'	,	 '/api/v1/query?query=sum(kube_pod_status_phase{namespace=~"$namespace",phase="Running"}) OR on() vector(0)'	,	 'Running'	,	 '60'	,	CURRENT_TIMESTAMP()	,	CURRENT_TIMESTAMP()	,	122	);
INSERT INTO chart_query (C_QUERY_ID, QUERY_TYPE, API_QUERY, LEGEND, QUERY_STEP, CREATE_TIME, UPDATE_TIME, PANEL_ID) values (	224	,	'METRIC'	,	 '/api/v1/query?query=sum(kube_pod_status_phase{namespace=~"$namespace",phase="Pending"}) OR on() vector(0)'	,	 'Pending'	,	 '60'	,	CURRENT_TIMESTAMP()	,	CURRENT_TIMESTAMP()	,	122	);
INSERT INTO chart_query (C_QUERY_ID, QUERY_TYPE, API_QUERY, LEGEND, QUERY_STEP, CREATE_TIME, UPDATE_TIME, PANEL_ID) values (	225	,	'METRIC'	,	 '/api/v1/query?query=sum(kube_pod_status_phase{namespace=~"$namespace",phase="Failed"}) OR on() vector(0)'	,	 'Failed'	,	 '60'	,	CURRENT_TIMESTAMP()	,	CURRENT_TIMESTAMP()	,	122	);
INSERT INTO chart_query (C_QUERY_ID, QUERY_TYPE, API_QUERY, LEGEND, QUERY_STEP, CREATE_TIME, UPDATE_TIME, PANEL_ID) values (	226	,	'METRIC'	,	 '/api/v1/query?query=count(kube_deployment_status_condition{namespace="$namespace",condition="Available",status="true"} == 1) or on() vector(0)'	,	 'Available'	,	 '60'	,	CURRENT_TIMESTAMP()	,	CURRENT_TIMESTAMP()	,	123	);
INSERT INTO chart_query (C_QUERY_ID, QUERY_TYPE, API_QUERY, LEGEND, QUERY_STEP, CREATE_TIME, UPDATE_TIME, PANEL_ID) values (	227	,	'METRIC'	,	 '/api/v1/query?query=count(kube_deployment_status_condition{namespace="$namespace",condition="Available",status="false"} == 1) or on() vector(0)'	,	 'UnAvailable'	,	 '60'	,	CURRENT_TIMESTAMP()	,	CURRENT_TIMESTAMP()	,	123	);
INSERT INTO chart_query (C_QUERY_ID, QUERY_TYPE, API_QUERY, LEGEND, QUERY_STEP, CREATE_TIME, UPDATE_TIME, PANEL_ID) values (	228	,	'METRIC'	,	 '/api/v1/query?query=count(kube_statefulset_status_replicas_ready{namespace=~"$namespace"} > 0) or on() vector(0)'	,	 'Available'	,	 '60'	,	CURRENT_TIMESTAMP()	,	CURRENT_TIMESTAMP()	,	124	);
INSERT INTO chart_query (C_QUERY_ID, QUERY_TYPE, API_QUERY, LEGEND, QUERY_STEP, CREATE_TIME, UPDATE_TIME, PANEL_ID) values (	229	,	'METRIC'	,	 '/api/v1/query?query=count(kube_statefulset_status_replicas_ready{namespace=~"$namespace"} == 0) or on() vector(0)'	,	 'UnAvailable'	,	 '60'	,	CURRENT_TIMESTAMP()	,	CURRENT_TIMESTAMP()	,	124	);
INSERT INTO chart_query (C_QUERY_ID, QUERY_TYPE, API_QUERY, LEGEND, QUERY_STEP, CREATE_TIME, UPDATE_TIME, PANEL_ID) values (	230	,	'METRIC'	,	 '/api/v1/query?query=count(kube_daemonset_status_number_unavailable{namespace="$namespace"} == 0) or on() vector(0)'	,	 'Available'	,	 '60'	,	CURRENT_TIMESTAMP()	,	CURRENT_TIMESTAMP()	,	125	);
INSERT INTO chart_query (C_QUERY_ID, QUERY_TYPE, API_QUERY, LEGEND, QUERY_STEP, CREATE_TIME, UPDATE_TIME, PANEL_ID) values (	231	,	'METRIC'	,	 '/api/v1/query?query=count(kube_daemonset_status_number_unavailable{namespace="$namespace"} != 0) or on() vector(0)'	,	 'UnAvailable'	,	 '60'	,	CURRENT_TIMESTAMP()	,	CURRENT_TIMESTAMP()	,	125	);
INSERT INTO chart_query (C_QUERY_ID, QUERY_TYPE, API_QUERY, LEGEND, QUERY_STEP, CREATE_TIME, UPDATE_TIME, PANEL_ID) values (	232	,	'METRIC'	,	 '/api/v1/query?query=count(kube_job_complete{namespace="$namespace", condition="true"} == 1) or on() vector(0)'	,	 'Completed'	,	 '60'	,	CURRENT_TIMESTAMP()	,	CURRENT_TIMESTAMP()	,	126	);
INSERT INTO chart_query (C_QUERY_ID, QUERY_TYPE, API_QUERY, LEGEND, QUERY_STEP, CREATE_TIME, UPDATE_TIME, PANEL_ID) values (	233	,	'METRIC'	,	 '/api/v1/query?query=count(kube_job_status_succeeded{namespace="$namespace"} != 0) or on() vector(0)'	,	 'Succeeded'	,	 '60'	,	CURRENT_TIMESTAMP()	,	CURRENT_TIMESTAMP()	,	126	);
INSERT INTO chart_query (C_QUERY_ID, QUERY_TYPE, API_QUERY, LEGEND, QUERY_STEP, CREATE_TIME, UPDATE_TIME, PANEL_ID) values (	234	,	'METRIC'	,	 '/api/v1/query?query=count(kube_job_status_failed{namespace="$namespace"} != 0) or on() vector(0)'	,	 'Failed'	,	 '60'	,	CURRENT_TIMESTAMP()	,	CURRENT_TIMESTAMP()	,	126	);
INSERT INTO chart_query (C_QUERY_ID, QUERY_TYPE, API_QUERY, LEGEND, QUERY_STEP, CREATE_TIME, UPDATE_TIME, PANEL_ID) values (	235	,	'METRIC'	,	 '/api/v1/query?query=count(kube_job_status_active{namespace="$namespace"} != 0) or on() vector(0)'	,	 'Running'	,	 '60'	,	CURRENT_TIMESTAMP()	,	CURRENT_TIMESTAMP()	,	126	);
INSERT INTO chart_query (C_QUERY_ID, QUERY_TYPE, API_QUERY, LEGEND, QUERY_STEP, CREATE_TIME, UPDATE_TIME, PANEL_ID) values (	236	,	'METRIC'	,	 '/api/v1/query?query=count(kube_cronjob_spec_suspend{namespace="$namespace"} != 0) or on() vector(0)'	,	 'Suspend'	,	 '60'	,	CURRENT_TIMESTAMP()	,	CURRENT_TIMESTAMP()	,	127	);
INSERT INTO chart_query (C_QUERY_ID, QUERY_TYPE, API_QUERY, LEGEND, QUERY_STEP, CREATE_TIME, UPDATE_TIME, PANEL_ID) values (	237	,	'METRIC'	,	 '/api/v1/query?query=count(kube_cronjob_spec_suspend{namespace="$namespace"} == 0) or on() vector(0)'	,	 'Continue'	,	 '60'	,	CURRENT_TIMESTAMP()	,	CURRENT_TIMESTAMP()	,	127	);
INSERT INTO chart_query (C_QUERY_ID, QUERY_TYPE, API_QUERY, LEGEND, QUERY_STEP, CREATE_TIME, UPDATE_TIME, PANEL_ID) values (	238	,	'METRIC'	,	 '/api/v1/query?query=count(kube_cronjob_status_active{namespace="$namespace"} != 0) or on() vector(0)'	,	 'Running'	,	 '60'	,	CURRENT_TIMESTAMP()	,	CURRENT_TIMESTAMP()	,	127	);

INSERT INTO chart_query (C_QUERY_ID, QUERY_TYPE, API_QUERY, LEGEND, QUERY_STEP, CREATE_TIME, UPDATE_TIME, PANEL_ID) values (	239	,	'KUBERNETES'	,	 '/monitoring/cluster/namespace/$namespace/events'	,	 ''	,	 '60'	,	CURRENT_TIMESTAMP()	,	CURRENT_TIMESTAMP()	,	128	);


-- VM Monitoring
INSERT INTO page_variable (VARIABLE_ID, NAME, SORT_ORDER, EDGE_FIELDS, VARIABLE_TYPE, REFRESH_INTERVAL, HIDDEN_YN, JOB_NAME, API_QUERY,  CREATE_TIME, UPDATE_TIME, PAGE_ID) values (	6	,	 'node'	,	1	,	 'instance,host_ip'	,	 'metric_label_values'	,	 '10s'	,	 'N'	,	 'external-node-metrics'	,	 '/api/v1/query?query=node_load1'	,	CURRENT_TIMESTAMP()	,	CURRENT_TIMESTAMP()	,	2	);

-- JVM Application
INSERT INTO page_variable (VARIABLE_ID, NAME, SORT_ORDER, EDGE_FIELDS, VARIABLE_TYPE, REFRESH_INTERVAL, HIDDEN_YN, JOB_NAME, API_QUERY,  CREATE_TIME, UPDATE_TIME, PAGE_ID) values (	14	,	 'application'	,	1	,	 'instance'	,	 'metric_label_values'	,	 '10s'	,	 'N'	,	 'jmx-metrics'	,	 '/api/v1/query?query=jvm_info{job="jmx-metrics"}'	,	CURRENT_TIMESTAMP()	,	CURRENT_TIMESTAMP()	,	4	);
INSERT INTO page_variable (VARIABLE_ID, NAME, SORT_ORDER, EDGE_FIELDS, VARIABLE_TYPE, REFRESH_INTERVAL, HIDDEN_YN, JOB_NAME, API_QUERY,  CREATE_TIME, UPDATE_TIME, PAGE_ID) values (	15	,	 'instance'	,	2	,	 ''	,	 'metric_label_values'	,	 '10s'	,	 'Y'	,	 'jmx-metrics'	,	 '/api/v1/query?query=jvm_info{job="jmx-metrics", application="$application"}'	,	CURRENT_TIMESTAMP()	,	CURRENT_TIMESTAMP()	,	4	);

-- Database
INSERT INTO page_variable (VARIABLE_ID, NAME, SORT_ORDER, EDGE_FIELDS, VARIABLE_TYPE, REFRESH_INTERVAL, HIDDEN_YN, JOB_NAME, API_QUERY,  CREATE_TIME, UPDATE_TIME, PAGE_ID) values (	17	,	 'dbinstance'	,	1	,	 ''	,	 'metric_label_values'	,	 '10s'	,	 'N'	,	 'oracle-metrics'	,	 '/api/v1/query?query=oracledb_up{job=~"$job"}'	,	CURRENT_TIMESTAMP()	,	CURRENT_TIMESTAMP()	,	5	);
INSERT INTO page_variable (VARIABLE_ID, NAME, SORT_ORDER, EDGE_FIELDS, VARIABLE_TYPE, REFRESH_INTERVAL, HIDDEN_YN, JOB_NAME, API_QUERY,  CREATE_TIME, UPDATE_TIME, PAGE_ID) values (	18	,	 'host'	,	2	,	 ''	,	 'metric_label_values'	,	 '10s'	,	 'Y'	,	 'oracle-metrics'	,	 '/api/v1/query?query=oracledb_up{job=~"$job"}'	,	CURRENT_TIMESTAMP()	,	CURRENT_TIMESTAMP()	,	5	);

-- Cluster Workload Overview
INSERT INTO page_variable (VARIABLE_ID, NAME, SORT_ORDER, EDGE_FIELDS, VARIABLE_TYPE, REFRESH_INTERVAL, HIDDEN_YN, JOB_NAME, API_QUERY,  CREATE_TIME, UPDATE_TIME, PAGE_ID) values (	19	,	 'namespace'	,	1	,	 ''	,	 'metric_label_values'	,	 '10s'	,	 'N'	,	 'expose-kubernetes-metrics'	,	 '/api/v1/query?query=count(kube_namespace_status_phase{phase="Active",namespace!=""})by(namespace)'	,	CURRENT_TIMESTAMP()	,	CURRENT_TIMESTAMP()	,	8	);