INSERT INTO page (PAGE_ID, TITLE, NAV, CREATE_TIME, UPDATE_TIME, MENU_ID) values (	1	,	 'Virtual Machine Overview'	,	'Home<i class="feather icon-chevron-right" ></i>Monitoring<i class="feather icon-chevron-right" ></i>Virtual Machine<i class="feather icon-chevron-right" ></i>Overview',	CURRENT_TIMESTAMP()	,	CURRENT_TIMESTAMP()	,	140	);
INSERT INTO page (PAGE_ID, TITLE, NAV, CREATE_TIME, UPDATE_TIME, MENU_ID) values (	2	,	 'Virtual Machine Overview 현황'	,	'Home<i class="feather icon-chevron-right" ></i>Monitoring<i class="feather icon-chevron-right" ></i>Virtual Machine<i class="feather icon-chevron-right" ></i>Monitoring',	CURRENT_TIMESTAMP()	,	CURRENT_TIMESTAMP()	,	141	);
INSERT INTO page (PAGE_ID, TITLE, NAV, CREATE_TIME, UPDATE_TIME, MENU_ID) values (	3	,	 '보험코어 JVM 현황'	,	'Home<i class="feather icon-chevron-right" ></i>Monitoring<i class="feather icon-chevron-right" ></i>JVM<i class="feather icon-chevron-right" ></i>Overview'	,	CURRENT_TIMESTAMP()	,	CURRENT_TIMESTAMP()	,	120	);
INSERT INTO page (PAGE_ID, TITLE, NAV, CREATE_TIME, UPDATE_TIME, MENU_ID) values (	4	,	 '보험코어 어플리케이션 JVM'	,	'Home<i class="feather icon-chevron-right" ></i>Monitoring<i class="feather icon-chevron-right" ></i>JVM<i class="feather icon-chevron-right" ></i>Application'	,	CURRENT_TIMESTAMP()	,	CURRENT_TIMESTAMP()	,	121	);
INSERT INTO page (PAGE_ID, TITLE, NAV, CREATE_TIME, UPDATE_TIME, MENU_ID) values (	5	,	 '보험코어 Database 현황'	,	'Home<i class="feather icon-chevron-right" ></i>Monitoring<i class="feather icon-chevron-right" ></i>Database'	,	CURRENT_TIMESTAMP()	,	CURRENT_TIMESTAMP()	,	130	);

INSERT INTO page_row (PAGE_ROW_ID, TITLE, SORT_ORDER, ROW_TYPE, CREATE_TIME, UPDATE_TIME, PAGE_ID) values (	1	,	 '보험코어 VM 현황'	,	1	,	 'P'	,	CURRENT_TIMESTAMP()	,	CURRENT_TIMESTAMP()	,	1	);
INSERT INTO page_row (PAGE_ROW_ID, TITLE, SORT_ORDER, ROW_TYPE, CREATE_TIME, UPDATE_TIME, PAGE_ID) values (	2	,	 '보험코어 VM 리소스'	,	2	,	 'P'	,	CURRENT_TIMESTAMP()	,	CURRENT_TIMESTAMP()	,	1	);
INSERT INTO page_row (PAGE_ROW_ID, TITLE, SORT_ORDER, ROW_TYPE, CREATE_TIME, UPDATE_TIME, PAGE_ID) values (	3	,	 '#Bar'	,	1	,	 'D'	,	CURRENT_TIMESTAMP()	,	CURRENT_TIMESTAMP()	,	2	);
INSERT INTO page_row (PAGE_ROW_ID, TITLE, SORT_ORDER, ROW_TYPE, CREATE_TIME, UPDATE_TIME, PAGE_ID) values (	4	,	 'CPU'	,	2	,	 'P'	,	CURRENT_TIMESTAMP()	,	CURRENT_TIMESTAMP()	,	2	);
INSERT INTO page_row (PAGE_ROW_ID, TITLE, SORT_ORDER, ROW_TYPE, CREATE_TIME, UPDATE_TIME, PAGE_ID) values (	5	,	 'Memory'	,	3	,	 'P'	,	CURRENT_TIMESTAMP()	,	CURRENT_TIMESTAMP()	,	2	);
INSERT INTO page_row (PAGE_ROW_ID, TITLE, SORT_ORDER, ROW_TYPE, CREATE_TIME, UPDATE_TIME, PAGE_ID) values (	6	,	 'Disk'	,	4	,	 'P'	,	CURRENT_TIMESTAMP()	,	CURRENT_TIMESTAMP()	,	2	);
INSERT INTO page_row (PAGE_ROW_ID, TITLE, SORT_ORDER, ROW_TYPE, CREATE_TIME, UPDATE_TIME, PAGE_ID) values (	7	,	 'Network'	,	5	,	 'P'	,	CURRENT_TIMESTAMP()	,	CURRENT_TIMESTAMP()	,	2	);
INSERT INTO page_row (PAGE_ROW_ID, TITLE, SORT_ORDER, ROW_TYPE, CREATE_TIME, UPDATE_TIME, PAGE_ID) values (	8	,	 'File System'	,	6	,	 'P'	,	CURRENT_TIMESTAMP()	,	CURRENT_TIMESTAMP()	,	2	);
INSERT INTO page_row (PAGE_ROW_ID, TITLE, SORT_ORDER, ROW_TYPE, CREATE_TIME, UPDATE_TIME, PAGE_ID) values (	9	,	 'Process'	,	7	,	 'P'	,	CURRENT_TIMESTAMP()	,	CURRENT_TIMESTAMP()	,	2	);
INSERT INTO page_row (PAGE_ROW_ID, TITLE, SORT_ORDER, ROW_TYPE, CREATE_TIME, UPDATE_TIME, PAGE_ID) values (	10	,	 '보험코어 JVM 현황'	,	2	,	 'P'	,	CURRENT_TIMESTAMP()	,	CURRENT_TIMESTAMP()	,	3	);
INSERT INTO page_row (PAGE_ROW_ID, TITLE, SORT_ORDER, ROW_TYPE, CREATE_TIME, UPDATE_TIME, PAGE_ID) values (	11	,	 '보험코어 JVM Inspector'	,	3	,	 'P'	,	CURRENT_TIMESTAMP()	,	CURRENT_TIMESTAMP()	,	3	);
INSERT INTO page_row (PAGE_ROW_ID, TITLE, SORT_ORDER, ROW_TYPE, CREATE_TIME, UPDATE_TIME, PAGE_ID) values (	12	,	 '#Bar'	,	1	,	 'V'	,	CURRENT_TIMESTAMP()	,	CURRENT_TIMESTAMP()	,	4	);
INSERT INTO page_row (PAGE_ROW_ID, TITLE, SORT_ORDER, ROW_TYPE, CREATE_TIME, UPDATE_TIME, PAGE_ID) values (	13	,	 '#Bar'	,	2	,	 'D'	,	CURRENT_TIMESTAMP()	,	CURRENT_TIMESTAMP()	,	4	);
INSERT INTO page_row (PAGE_ROW_ID, TITLE, SORT_ORDER, ROW_TYPE, CREATE_TIME, UPDATE_TIME, PAGE_ID) values (	14	,	 '보험코어 JVM Inspector'	,	3	,	 'P'	,	CURRENT_TIMESTAMP()	,	CURRENT_TIMESTAMP()	,	4	);
INSERT INTO page_row (PAGE_ROW_ID, TITLE, SORT_ORDER, ROW_TYPE, CREATE_TIME, UPDATE_TIME, PAGE_ID) values (	15	,	 '보험코어 데이터베이스'	,	1	,	 'P'	,	CURRENT_TIMESTAMP()	,	CURRENT_TIMESTAMP()	,	5	);
INSERT INTO page_row (PAGE_ROW_ID, TITLE, SORT_ORDER, ROW_TYPE, CREATE_TIME, UPDATE_TIME, PAGE_ID) values (	16	,	 '#Bar'	,	2	,	 'D'	,	CURRENT_TIMESTAMP()	,	CURRENT_TIMESTAMP()	,	5	);
INSERT INTO page_row (PAGE_ROW_ID, TITLE, SORT_ORDER, ROW_TYPE, CREATE_TIME, UPDATE_TIME, PAGE_ID) values (	17	,	 '보험코어 데이터베이스 Status'	,	3	,	 'P'	,	CURRENT_TIMESTAMP()	,	CURRENT_TIMESTAMP()	,	5	);

INSERT INTO page_row_panel (PANEL_ID, TITLE, SORT_ORDER, PANEL_TYPE, FRAGMENT_NAME, CHART_TYPE, REFRESH_INTERVAL, YAXIS_LABEL, YAXIS_UNIT, YAXIS_MIN, YAXIS_MAX, XAXIS_MODE, CREATE_TIME, UPDATE_TIME, PAGE_ROW_ID) values (	1	,	 'VM'	,	1	,	 'BADGE'	,	'value-card-panel'	,	 ''	,	60000	,	 ''	,	 'float'	,	 ''	,	 ''	,	 ''	,	CURRENT_TIMESTAMP()	,	CURRENT_TIMESTAMP()	,	1	);
INSERT INTO page_row_panel (PANEL_ID, TITLE, SORT_ORDER, PANEL_TYPE, FRAGMENT_NAME, CHART_TYPE, REFRESH_INTERVAL, YAXIS_LABEL, YAXIS_UNIT, YAXIS_MIN, YAXIS_MAX, XAXIS_MODE, CREATE_TIME, UPDATE_TIME, PAGE_ROW_ID) values (	2	,	 'Core'	,	2	,	 'BADGE'	,	'value-card-panel'	,	 ''	,	60000	,	 ''	,	 'float'	,	 ''	,	 ''	,	 ''	,	CURRENT_TIMESTAMP()	,	CURRENT_TIMESTAMP()	,	1	);
INSERT INTO page_row_panel (PANEL_ID, TITLE, SORT_ORDER, PANEL_TYPE, FRAGMENT_NAME, CHART_TYPE, REFRESH_INTERVAL, YAXIS_LABEL, YAXIS_UNIT, YAXIS_MIN, YAXIS_MAX, XAXIS_MODE, CREATE_TIME, UPDATE_TIME, PAGE_ROW_ID) values (	3	,	 'Avg. CPU'	,	3	,	 'CHART'	,	'headless-card-panel'	,	 'solidgauge'	,	60000	,	 ''	,	 '%'	,	 '0'	,	 '100'	,	 ''	,	CURRENT_TIMESTAMP()	,	CURRENT_TIMESTAMP()	,	1	);
INSERT INTO page_row_panel (PANEL_ID, TITLE, SORT_ORDER, PANEL_TYPE, FRAGMENT_NAME, CHART_TYPE, REFRESH_INTERVAL, YAXIS_LABEL, YAXIS_UNIT, YAXIS_MIN, YAXIS_MAX, XAXIS_MODE, CREATE_TIME, UPDATE_TIME, PAGE_ROW_ID) values (	4	,	 'Avg. Memory'	,	4	,	 'CHART'	,	'headless-card-panel'	,	 'solidgauge'	,	60000	,	 ''	,	 '%'	,	 '0'	,	 '100'	,	 ''	,	CURRENT_TIMESTAMP()	,	CURRENT_TIMESTAMP()	,	1	);
INSERT INTO page_row_panel (PANEL_ID, TITLE, SORT_ORDER, PANEL_TYPE, FRAGMENT_NAME, CHART_TYPE, REFRESH_INTERVAL, YAXIS_LABEL, YAXIS_UNIT, YAXIS_MIN, YAXIS_MAX, XAXIS_MODE, CREATE_TIME, UPDATE_TIME, PAGE_ROW_ID) values (	5	,	 'Avg. Disk'	,	5	,	 'CHART'	,	'headless-card-panel'	,	 'solidgauge'	,	60000	,	 ''	,	 '%'	,	 '0'	,	 '100'	,	 ''	,	CURRENT_TIMESTAMP()	,	CURRENT_TIMESTAMP()	,	1	);
INSERT INTO page_row_panel (PANEL_ID, TITLE, SORT_ORDER, PANEL_TYPE, FRAGMENT_NAME, CHART_TYPE, REFRESH_INTERVAL, YAXIS_LABEL, YAXIS_UNIT, YAXIS_MIN, YAXIS_MAX, XAXIS_MODE, CREATE_TIME, UPDATE_TIME, PAGE_ROW_ID) values (	6	,	 'CPU'	,	1	,	 'CHART'	,	 'head-card-panel'	,	 'line'	,	60000	,	 ''	,	 '%'	,	 '0'	,	 '100'	,	 'datetime'	,	CURRENT_TIMESTAMP()	,	CURRENT_TIMESTAMP()	,	2	);
INSERT INTO page_row_panel (PANEL_ID, TITLE, SORT_ORDER, PANEL_TYPE, FRAGMENT_NAME, CHART_TYPE, REFRESH_INTERVAL, YAXIS_LABEL, YAXIS_UNIT, YAXIS_MIN, YAXIS_MAX, XAXIS_MODE, CREATE_TIME, UPDATE_TIME, PAGE_ROW_ID) values (	7	,	 'Memory'	,	2	,	 'CHART'	,	 'head-card-panel'	,	 'line'	,	60000	,	 ''	,	 'bytes'	,	 '0'	,	 'auto'	,	 'datetime'	,	CURRENT_TIMESTAMP()	,	CURRENT_TIMESTAMP()	,	2	);
INSERT INTO page_row_panel (PANEL_ID, TITLE, SORT_ORDER, PANEL_TYPE, FRAGMENT_NAME, CHART_TYPE, REFRESH_INTERVAL, YAXIS_LABEL, YAXIS_UNIT, YAXIS_MIN, YAXIS_MAX, XAXIS_MODE, CREATE_TIME, UPDATE_TIME, PAGE_ROW_ID) values (	8	,	 'Disk I/O'	,	3	,	 'CHART'	,	 'head-card-panel'	,	 'line'	,	60000	,	 'IO read (-) / write (+)'	,	 'iops'	,	 'auto'	,	 'auto'	,	 'datetime'	,	CURRENT_TIMESTAMP()	,	CURRENT_TIMESTAMP()	,	2	);
INSERT INTO page_row_panel (PANEL_ID, TITLE, SORT_ORDER, PANEL_TYPE, FRAGMENT_NAME, CHART_TYPE, REFRESH_INTERVAL, YAXIS_LABEL, YAXIS_UNIT, YAXIS_MIN, YAXIS_MAX, XAXIS_MODE, CREATE_TIME, UPDATE_TIME, PAGE_ROW_ID) values (	9	,	 'Network'	,	4	,	 'CHART'	,	 'head-card-panel'	,	 'line'	,	60000	,	 'recv (+) / trans (-)'	,	 'bps'	,	 'auto'	,	 'auto'	,	 'datetime'	,	CURRENT_TIMESTAMP()	,	CURRENT_TIMESTAMP()	,	2	);
INSERT INTO page_row_panel (PANEL_ID, TITLE, SORT_ORDER, PANEL_TYPE, FRAGMENT_NAME, CHART_TYPE, REFRESH_INTERVAL, YAXIS_LABEL, YAXIS_UNIT, YAXIS_MIN, YAXIS_MAX, XAXIS_MODE, CREATE_TIME, UPDATE_TIME, PAGE_ROW_ID) values (	10	,	 'Process'	,	5	,	 'TABLE'	,	 'head-card-panel-in-table'	,	 ''	,	60000	,	 ''	,	 ''	,	 ''	,	 ''	,	 ''	,	CURRENT_TIMESTAMP()	,	CURRENT_TIMESTAMP()	,	2	);
INSERT INTO page_row_panel (PANEL_ID, TITLE, SORT_ORDER, PANEL_TYPE, FRAGMENT_NAME, CHART_TYPE, REFRESH_INTERVAL, YAXIS_LABEL, YAXIS_UNIT, YAXIS_MIN, YAXIS_MAX, XAXIS_MODE, CREATE_TIME, UPDATE_TIME, PAGE_ROW_ID) values (	11	,	 'File System'	,	6	,	 'TABLE'	,	 'head-card-panel-in-table'	,	 ''	,	60000	,	 ''	,	 ''	,	 ''	,	 ''	,	 ''	,	CURRENT_TIMESTAMP()	,	CURRENT_TIMESTAMP()	,	2	);
INSERT INTO page_row_panel (PANEL_ID, TITLE, SORT_ORDER, PANEL_TYPE, FRAGMENT_NAME, CHART_TYPE, REFRESH_INTERVAL, YAXIS_LABEL, YAXIS_UNIT, YAXIS_MIN, YAXIS_MAX, XAXIS_MODE, CREATE_TIME, UPDATE_TIME, PAGE_ROW_ID) values (	12	,	 'CPU Basic'	,	1	,	 'CARD'	,	null	,	 'Area'	,	60000	,	 ''	,	 '%'	,	 '0'	,	 '100'	,	 'datetime'	,	CURRENT_TIMESTAMP()	,	CURRENT_TIMESTAMP()	,	4	);
INSERT INTO page_row_panel (PANEL_ID, TITLE, SORT_ORDER, PANEL_TYPE, FRAGMENT_NAME, CHART_TYPE, REFRESH_INTERVAL, YAXIS_LABEL, YAXIS_UNIT, YAXIS_MIN, YAXIS_MAX, XAXIS_MODE, CREATE_TIME, UPDATE_TIME, PAGE_ROW_ID) values (	13	,	 'CPU'	,	2	,	 'CARD'	,	null	,	 'Area'	,	60000	,	 'percentage'	,	 '%'	,	 '0'	,	 '100'	,	 'datetime'	,	CURRENT_TIMESTAMP()	,	CURRENT_TIMESTAMP()	,	4	);
INSERT INTO page_row_panel (PANEL_ID, TITLE, SORT_ORDER, PANEL_TYPE, FRAGMENT_NAME, CHART_TYPE, REFRESH_INTERVAL, YAXIS_LABEL, YAXIS_UNIT, YAXIS_MIN, YAXIS_MAX, XAXIS_MODE, CREATE_TIME, UPDATE_TIME, PAGE_ROW_ID) values (	14	,	 'System Load'	,	3	,	 'CARD'	,	null	,	 'Area'	,	60000	,	 'counter'	,	 'float'	,	 '0'	,	 'auto'	,	 'datetime'	,	CURRENT_TIMESTAMP()	,	CURRENT_TIMESTAMP()	,	4	);
INSERT INTO page_row_panel (PANEL_ID, TITLE, SORT_ORDER, PANEL_TYPE, FRAGMENT_NAME, CHART_TYPE, REFRESH_INTERVAL, YAXIS_LABEL, YAXIS_UNIT, YAXIS_MIN, YAXIS_MAX, XAXIS_MODE, CREATE_TIME, UPDATE_TIME, PAGE_ROW_ID) values (	15	,	 'Process Status'	,	4	,	 'CARD'	,	null	,	 'Area'	,	60000	,	 'counter'	,	 'float'	,	 '0'	,	 'auto'	,	 'datetime'	,	CURRENT_TIMESTAMP()	,	CURRENT_TIMESTAMP()	,	4	);
INSERT INTO page_row_panel (PANEL_ID, TITLE, SORT_ORDER, PANEL_TYPE, FRAGMENT_NAME, CHART_TYPE, REFRESH_INTERVAL, YAXIS_LABEL, YAXIS_UNIT, YAXIS_MIN, YAXIS_MAX, XAXIS_MODE, CREATE_TIME, UPDATE_TIME, PAGE_ROW_ID) values (	16	,	 'Memory Basic'	,	5	,	 'CARD'	,	null	,	 'Area'	,	60000	,	 ''	,	 'bytes'	,	 '0'	,	 'auto'	,	 'datetime'	,	CURRENT_TIMESTAMP()	,	CURRENT_TIMESTAMP()	,	5	);
INSERT INTO page_row_panel (PANEL_ID, TITLE, SORT_ORDER, PANEL_TYPE, FRAGMENT_NAME, CHART_TYPE, REFRESH_INTERVAL, YAXIS_LABEL, YAXIS_UNIT, YAXIS_MIN, YAXIS_MAX, XAXIS_MODE, CREATE_TIME, UPDATE_TIME, PAGE_ROW_ID) values (	17	,	 'Memory Stack'	,	6	,	 'CARD'	,	null	,	 'Area'	,	60000	,	 ''	,	 'bytes'	,	 '0'	,	 'auto'	,	 'datetime'	,	CURRENT_TIMESTAMP()	,	CURRENT_TIMESTAMP()	,	5	);
INSERT INTO page_row_panel (PANEL_ID, TITLE, SORT_ORDER, PANEL_TYPE, FRAGMENT_NAME, CHART_TYPE, REFRESH_INTERVAL, YAXIS_LABEL, YAXIS_UNIT, YAXIS_MIN, YAXIS_MAX, XAXIS_MODE, CREATE_TIME, UPDATE_TIME, PAGE_ROW_ID) values (	18	,	 'Memory Active/Inactive'	,	7	,	 'CARD'	,	null	,	 'Area'	,	60000	,	 'bytes'	,	 'bytes'	,	 '0'	,	 'auto'	,	 'datetime'	,	CURRENT_TIMESTAMP()	,	CURRENT_TIMESTAMP()	,	5	);
INSERT INTO page_row_panel (PANEL_ID, TITLE, SORT_ORDER, PANEL_TYPE, FRAGMENT_NAME, CHART_TYPE, REFRESH_INTERVAL, YAXIS_LABEL, YAXIS_UNIT, YAXIS_MIN, YAXIS_MAX, XAXIS_MODE, CREATE_TIME, UPDATE_TIME, PAGE_ROW_ID) values (	19	,	 'Memory Page In/Out'	,	8	,	 'CARD'	,	null	,	 'Area'	,	60000	,	 'pages out (-) / in (+)'	,	 'float'	,	 'auto'	,	 'auto'	,	 'datetime'	,	CURRENT_TIMESTAMP()	,	CURRENT_TIMESTAMP()	,	5	);
INSERT INTO page_row_panel (PANEL_ID, TITLE, SORT_ORDER, PANEL_TYPE, FRAGMENT_NAME, CHART_TYPE, REFRESH_INTERVAL, YAXIS_LABEL, YAXIS_UNIT, YAXIS_MIN, YAXIS_MAX, XAXIS_MODE, CREATE_TIME, UPDATE_TIME, PAGE_ROW_ID) values (	20	,	 'Disk Space Used Basic'	,	9	,	 'CARD'	,	null	,	 'Area'	,	60000	,	 ''	,	 '%'	,	 '0'	,	 '100'	,	 'datetime'	,	CURRENT_TIMESTAMP()	,	CURRENT_TIMESTAMP()	,	6	);
INSERT INTO page_row_panel (PANEL_ID, TITLE, SORT_ORDER, PANEL_TYPE, FRAGMENT_NAME, CHART_TYPE, REFRESH_INTERVAL, YAXIS_LABEL, YAXIS_UNIT, YAXIS_MIN, YAXIS_MAX, XAXIS_MODE, CREATE_TIME, UPDATE_TIME, PAGE_ROW_ID) values (	21	,	 'Disk Space Used'	,	10	,	 'CARD'	,	null	,	 'Area'	,	60000	,	 'bytes'	,	 'bytes'	,	 '0'	,	 'auto'	,	 'datetime'	,	CURRENT_TIMESTAMP()	,	CURRENT_TIMESTAMP()	,	6	);
INSERT INTO page_row_panel (PANEL_ID, TITLE, SORT_ORDER, PANEL_TYPE, FRAGMENT_NAME, CHART_TYPE, REFRESH_INTERVAL, YAXIS_LABEL, YAXIS_UNIT, YAXIS_MIN, YAXIS_MAX, XAXIS_MODE, CREATE_TIME, UPDATE_TIME, PAGE_ROW_ID) values (	22	,	 'Disk I/O(Read/Write Bytes)'	,	11	,	 'CARD'	,	null	,	 'Area'	,	60000	,	 'bytes read (-) / write (+)'	,	 'bytes'	,	 'auto'	,	 'auto'	,	 'datetime'	,	CURRENT_TIMESTAMP()	,	CURRENT_TIMESTAMP()	,	6	);
INSERT INTO page_row_panel (PANEL_ID, TITLE, SORT_ORDER, PANEL_TYPE, FRAGMENT_NAME, CHART_TYPE, REFRESH_INTERVAL, YAXIS_LABEL, YAXIS_UNIT, YAXIS_MIN, YAXIS_MAX, XAXIS_MODE, CREATE_TIME, UPDATE_TIME, PAGE_ROW_ID) values (	23	,	 'Disk IOps'	,	12	,	 'CARD'	,	null	,	 'Area'	,	60000	,	 'IO read (-) / write (+)'	,	 'iops'	,	 'auto'	,	 'auto'	,	 'datetime'	,	CURRENT_TIMESTAMP()	,	CURRENT_TIMESTAMP()	,	6	);
INSERT INTO page_row_panel (PANEL_ID, TITLE, SORT_ORDER, PANEL_TYPE, FRAGMENT_NAME, CHART_TYPE, REFRESH_INTERVAL, YAXIS_LABEL, YAXIS_UNIT, YAXIS_MIN, YAXIS_MAX, XAXIS_MODE, CREATE_TIME, UPDATE_TIME, PAGE_ROW_ID) values (	24	,	 'Network Traffic basic'	,	13	,	 'CARD'	,	null	,	 'Area'	,	60000	,	 'recv (+) / trans (-)'	,	 'bps'	,	 'auto'	,	 'auto'	,	 'datetime'	,	CURRENT_TIMESTAMP()	,	CURRENT_TIMESTAMP()	,	7	);
INSERT INTO page_row_panel (PANEL_ID, TITLE, SORT_ORDER, PANEL_TYPE, FRAGMENT_NAME, CHART_TYPE, REFRESH_INTERVAL, YAXIS_LABEL, YAXIS_UNIT, YAXIS_MIN, YAXIS_MAX, XAXIS_MODE, CREATE_TIME, UPDATE_TIME, PAGE_ROW_ID) values (	25	,	 'Network Traffic by packets'	,	14	,	 'CARD'	,	null	,	 'Area'	,	60000	,	 'packets out (-) / in (+)'	,	 'pps'	,	 'auto'	,	 'auto'	,	 'datetime'	,	CURRENT_TIMESTAMP()	,	CURRENT_TIMESTAMP()	,	7	);
INSERT INTO page_row_panel (PANEL_ID, TITLE, SORT_ORDER, PANEL_TYPE, FRAGMENT_NAME, CHART_TYPE, REFRESH_INTERVAL, YAXIS_LABEL, YAXIS_UNIT, YAXIS_MIN, YAXIS_MAX, XAXIS_MODE, CREATE_TIME, UPDATE_TIME, PAGE_ROW_ID) values (	26	,	 'File System Table '	,	15	,	 'CARD'	,	null	,	 'Table'	,	60000	,	 ''	,	 ''	,	 ''	,	 ''	,	 ''	,	CURRENT_TIMESTAMP()	,	CURRENT_TIMESTAMP()	,	8	);
INSERT INTO page_row_panel (PANEL_ID, TITLE, SORT_ORDER, PANEL_TYPE, FRAGMENT_NAME, CHART_TYPE, REFRESH_INTERVAL, YAXIS_LABEL, YAXIS_UNIT, YAXIS_MIN, YAXIS_MAX, XAXIS_MODE, CREATE_TIME, UPDATE_TIME, PAGE_ROW_ID) values (	27	,	 'Process '	,	16	,	 'CARD'	,	null	,	 'Table'	,	60000	,	 ''	,	 ''	,	 ''	,	 ''	,	 ''	,	CURRENT_TIMESTAMP()	,	CURRENT_TIMESTAMP()	,	9	);
INSERT INTO page_row_panel (PANEL_ID, TITLE, SORT_ORDER, PANEL_TYPE, FRAGMENT_NAME, CHART_TYPE, REFRESH_INTERVAL, YAXIS_LABEL, YAXIS_UNIT, YAXIS_MIN, YAXIS_MAX, XAXIS_MODE, CREATE_TIME, UPDATE_TIME, PAGE_ROW_ID) values (	28	,	 'JVM'	,	1	,	 'CARD'	,	null	,	 ''	,	60000	,	 ''	,	 'float'	,	 ''	,	 ''	,	 ''	,	CURRENT_TIMESTAMP()	,	CURRENT_TIMESTAMP()	,	10	);
INSERT INTO page_row_panel (PANEL_ID, TITLE, SORT_ORDER, PANEL_TYPE, FRAGMENT_NAME, CHART_TYPE, REFRESH_INTERVAL, YAXIS_LABEL, YAXIS_UNIT, YAXIS_MIN, YAXIS_MAX, XAXIS_MODE, CREATE_TIME, UPDATE_TIME, PAGE_ROW_ID) values (	29	,	 'Avg. CPU'	,	2	,	 'CARD'	,	null	,	 ''	,	60000	,	 ''	,	 '%'	,	 ''	,	 ''	,	 ''	,	CURRENT_TIMESTAMP()	,	CURRENT_TIMESTAMP()	,	10	);
INSERT INTO page_row_panel (PANEL_ID, TITLE, SORT_ORDER, PANEL_TYPE, FRAGMENT_NAME, CHART_TYPE, REFRESH_INTERVAL, YAXIS_LABEL, YAXIS_UNIT, YAXIS_MIN, YAXIS_MAX, XAXIS_MODE, CREATE_TIME, UPDATE_TIME, PAGE_ROW_ID) values (	30	,	 'Avg. Heap Memory'	,	3	,	 'CARD'	,	null	,	 ''	,	60000	,	 ''	,	 '%'	,	 ''	,	 ''	,	 ''	,	CURRENT_TIMESTAMP()	,	CURRENT_TIMESTAMP()	,	10	);
INSERT INTO page_row_panel (PANEL_ID, TITLE, SORT_ORDER, PANEL_TYPE, FRAGMENT_NAME, CHART_TYPE, REFRESH_INTERVAL, YAXIS_LABEL, YAXIS_UNIT, YAXIS_MIN, YAXIS_MAX, XAXIS_MODE, CREATE_TIME, UPDATE_TIME, PAGE_ROW_ID) values (	31	,	 'Active Threads'	,	4	,	 'CARD'	,	null	,	 ''	,	60000	,	 ''	,	 '%'	,	 ''	,	 ''	,	 ''	,	CURRENT_TIMESTAMP()	,	CURRENT_TIMESTAMP()	,	10	);
INSERT INTO page_row_panel (PANEL_ID, TITLE, SORT_ORDER, PANEL_TYPE, FRAGMENT_NAME, CHART_TYPE, REFRESH_INTERVAL, YAXIS_LABEL, YAXIS_UNIT, YAXIS_MIN, YAXIS_MAX, XAXIS_MODE, CREATE_TIME, UPDATE_TIME, PAGE_ROW_ID) values (	32	,	 'Avg. GC Time'	,	5	,	 'CARD'	,	null	,	 ''	,	60000	,	 ''	,	 '%'	,	 ''	,	 ''	,	 ''	,	CURRENT_TIMESTAMP()	,	CURRENT_TIMESTAMP()	,	10	);
INSERT INTO page_row_panel (PANEL_ID, TITLE, SORT_ORDER, PANEL_TYPE, FRAGMENT_NAME, CHART_TYPE, REFRESH_INTERVAL, YAXIS_LABEL, YAXIS_UNIT, YAXIS_MIN, YAXIS_MAX, XAXIS_MODE, CREATE_TIME, UPDATE_TIME, PAGE_ROW_ID) values (	33	,	 'Heap Used [Memory bytes]'	,	6	,	 'CARD'	,	null	,	 'Area'	,	60000	,	 ''	,	 'bytes'	,	 '0'	,	 'auto'	,	 'datetime'	,	CURRENT_TIMESTAMP()	,	CURRENT_TIMESTAMP()	,	11	);
INSERT INTO page_row_panel (PANEL_ID, TITLE, SORT_ORDER, PANEL_TYPE, FRAGMENT_NAME, CHART_TYPE, REFRESH_INTERVAL, YAXIS_LABEL, YAXIS_UNIT, YAXIS_MIN, YAXIS_MAX, XAXIS_MODE, CREATE_TIME, UPDATE_TIME, PAGE_ROW_ID) values (	34	,	 'Non Heap Usage [Memory bytes]'	,	7	,	 'CARD'	,	null	,	 'Area'	,	60000	,	 ''	,	 'bytes'	,	 '0'	,	 'auto'	,	 'datetime'	,	CURRENT_TIMESTAMP()	,	CURRENT_TIMESTAMP()	,	11	);
INSERT INTO page_row_panel (PANEL_ID, TITLE, SORT_ORDER, PANEL_TYPE, FRAGMENT_NAME, CHART_TYPE, REFRESH_INTERVAL, YAXIS_LABEL, YAXIS_UNIT, YAXIS_MIN, YAXIS_MAX, XAXIS_MODE, CREATE_TIME, UPDATE_TIME, PAGE_ROW_ID) values (	35	,	 'PS Eden [Memory bytes]'	,	8	,	 'CARD'	,	null	,	 'Area'	,	60000	,	 ''	,	 'bytes'	,	 '0'	,	 'auto'	,	 'datetime'	,	CURRENT_TIMESTAMP()	,	CURRENT_TIMESTAMP()	,	11	);
INSERT INTO page_row_panel (PANEL_ID, TITLE, SORT_ORDER, PANEL_TYPE, FRAGMENT_NAME, CHART_TYPE, REFRESH_INTERVAL, YAXIS_LABEL, YAXIS_UNIT, YAXIS_MIN, YAXIS_MAX, XAXIS_MODE, CREATE_TIME, UPDATE_TIME, PAGE_ROW_ID) values (	36	,	 'PS Old Gen [Memory bytes]'	,	9	,	 'CARD'	,	null	,	 'Area'	,	60000	,	 ''	,	 'bytes'	,	 '0'	,	 'auto'	,	 'datetime'	,	CURRENT_TIMESTAMP()	,	CURRENT_TIMESTAMP()	,	11	);
INSERT INTO page_row_panel (PANEL_ID, TITLE, SORT_ORDER, PANEL_TYPE, FRAGMENT_NAME, CHART_TYPE, REFRESH_INTERVAL, YAXIS_LABEL, YAXIS_UNIT, YAXIS_MIN, YAXIS_MAX, XAXIS_MODE, CREATE_TIME, UPDATE_TIME, PAGE_ROW_ID) values (	37	,	 'Thread used'	,	10	,	 'CARD'	,	null	,	 'Area'	,	60000	,	 ''	,	 'float'	,	 '0'	,	 'auto'	,	 'datetime'	,	CURRENT_TIMESTAMP()	,	CURRENT_TIMESTAMP()	,	11	);
INSERT INTO page_row_panel (PANEL_ID, TITLE, SORT_ORDER, PANEL_TYPE, FRAGMENT_NAME, CHART_TYPE, REFRESH_INTERVAL, YAXIS_LABEL, YAXIS_UNIT, YAXIS_MIN, YAXIS_MAX, XAXIS_MODE, CREATE_TIME, UPDATE_TIME, PAGE_ROW_ID) values (	38	,	 'GC Count'	,	11	,	 'CARD'	,	null	,	 'Area'	,	60000	,	 ''	,	 'float'	,	 '0'	,	 'auto'	,	 'datetime'	,	CURRENT_TIMESTAMP()	,	CURRENT_TIMESTAMP()	,	11	);
INSERT INTO page_row_panel (PANEL_ID, TITLE, SORT_ORDER, PANEL_TYPE, FRAGMENT_NAME, CHART_TYPE, REFRESH_INTERVAL, YAXIS_LABEL, YAXIS_UNIT, YAXIS_MIN, YAXIS_MAX, XAXIS_MODE, CREATE_TIME, UPDATE_TIME, PAGE_ROW_ID) values (	39	,	 'GC Time / 5 min.rate'	,	12	,	 'CARD'	,	null	,	 'Area'	,	60000	,	 ''	,	 'sec'	,	 '0'	,	 'auto'	,	 'datetime'	,	CURRENT_TIMESTAMP()	,	CURRENT_TIMESTAMP()	,	11	);
INSERT INTO page_row_panel (PANEL_ID, TITLE, SORT_ORDER, PANEL_TYPE, FRAGMENT_NAME, CHART_TYPE, REFRESH_INTERVAL, YAXIS_LABEL, YAXIS_UNIT, YAXIS_MIN, YAXIS_MAX, XAXIS_MODE, CREATE_TIME, UPDATE_TIME, PAGE_ROW_ID) values (	40	,	 'Class loading'	,	13	,	 'CARD'	,	null	,	 'Area'	,	60000	,	 ''	,	 'float'	,	 '0'	,	 'auto'	,	 'datetime'	,	CURRENT_TIMESTAMP()	,	CURRENT_TIMESTAMP()	,	11	);
INSERT INTO page_row_panel (PANEL_ID, TITLE, SORT_ORDER, PANEL_TYPE, FRAGMENT_NAME, CHART_TYPE, REFRESH_INTERVAL, YAXIS_LABEL, YAXIS_UNIT, YAXIS_MIN, YAXIS_MAX, XAXIS_MODE, CREATE_TIME, UPDATE_TIME, PAGE_ROW_ID) values (	41	,	 'Uptime'	,	1	,	 'CARD'	,	null	,	 ''	,	60000	,	 ''	,	 'float'	,	 ''	,	 ''	,	 ''	,	CURRENT_TIMESTAMP()	,	CURRENT_TIMESTAMP()	,	13	);
INSERT INTO page_row_panel (PANEL_ID, TITLE, SORT_ORDER, PANEL_TYPE, FRAGMENT_NAME, CHART_TYPE, REFRESH_INTERVAL, YAXIS_LABEL, YAXIS_UNIT, YAXIS_MIN, YAXIS_MAX, XAXIS_MODE, CREATE_TIME, UPDATE_TIME, PAGE_ROW_ID) values (	42	,	 'Start time'	,	2	,	 'CARD'	,	null	,	 ''	,	60000	,	 ''	,	 'time'	,	 ''	,	 ''	,	 ''	,	CURRENT_TIMESTAMP()	,	CURRENT_TIMESTAMP()	,	13	);
INSERT INTO page_row_panel (PANEL_ID, TITLE, SORT_ORDER, PANEL_TYPE, FRAGMENT_NAME, CHART_TYPE, REFRESH_INTERVAL, YAXIS_LABEL, YAXIS_UNIT, YAXIS_MIN, YAXIS_MAX, XAXIS_MODE, CREATE_TIME, UPDATE_TIME, PAGE_ROW_ID) values (	43	,	 'Heap used'	,	3	,	 'CARD'	,	null	,	 'Sparkline'	,	60000	,	 ''	,	 '%'	,	 ''	,	 ''	,	 ''	,	CURRENT_TIMESTAMP()	,	CURRENT_TIMESTAMP()	,	13	);
INSERT INTO page_row_panel (PANEL_ID, TITLE, SORT_ORDER, PANEL_TYPE, FRAGMENT_NAME, CHART_TYPE, REFRESH_INTERVAL, YAXIS_LABEL, YAXIS_UNIT, YAXIS_MIN, YAXIS_MAX, XAXIS_MODE, CREATE_TIME, UPDATE_TIME, PAGE_ROW_ID) values (	44	,	 'JVM version'	,	4	,	 'CARD'	,	null	,	 ''	,	60000	,	 ''	,	 'text'	,	 ''	,	 ''	,	 ''	,	CURRENT_TIMESTAMP()	,	CURRENT_TIMESTAMP()	,	13	);
INSERT INTO page_row_panel (PANEL_ID, TITLE, SORT_ORDER, PANEL_TYPE, FRAGMENT_NAME, CHART_TYPE, REFRESH_INTERVAL, YAXIS_LABEL, YAXIS_UNIT, YAXIS_MIN, YAXIS_MAX, XAXIS_MODE, CREATE_TIME, UPDATE_TIME, PAGE_ROW_ID) values (	45	,	 'JVM CPU Usage [%]'	,	5	,	 'CARD'	,	null	,	 'Area'	,	60000	,	 ''	,	 '%'	,	 '0'	,	 '100'	,	 'datetime'	,	CURRENT_TIMESTAMP()	,	CURRENT_TIMESTAMP()	,	14	);
INSERT INTO page_row_panel (PANEL_ID, TITLE, SORT_ORDER, PANEL_TYPE, FRAGMENT_NAME, CHART_TYPE, REFRESH_INTERVAL, YAXIS_LABEL, YAXIS_UNIT, YAXIS_MIN, YAXIS_MAX, XAXIS_MODE, CREATE_TIME, UPDATE_TIME, PAGE_ROW_ID) values (	46	,	 'Request (count)'	,	6	,	 'CARD'	,	null	,	 'Area'	,	60000	,	 'counter'	,	 'float'	,	 '0'	,	 'auto'	,	 'datetime'	,	CURRENT_TIMESTAMP()	,	CURRENT_TIMESTAMP()	,	14	);
INSERT INTO page_row_panel (PANEL_ID, TITLE, SORT_ORDER, PANEL_TYPE, FRAGMENT_NAME, CHART_TYPE, REFRESH_INTERVAL, YAXIS_LABEL, YAXIS_UNIT, YAXIS_MIN, YAXIS_MAX, XAXIS_MODE, CREATE_TIME, UPDATE_TIME, PAGE_ROW_ID) values (	47	,	 'Heap Used [Memory bytes]'	,	7	,	 'CARD'	,	null	,	 'Area'	,	60000	,	 ''	,	 'bytes'	,	 '0'	,	 'auto'	,	 'datetime'	,	CURRENT_TIMESTAMP()	,	CURRENT_TIMESTAMP()	,	14	);
INSERT INTO page_row_panel (PANEL_ID, TITLE, SORT_ORDER, PANEL_TYPE, FRAGMENT_NAME, CHART_TYPE, REFRESH_INTERVAL, YAXIS_LABEL, YAXIS_UNIT, YAXIS_MIN, YAXIS_MAX, XAXIS_MODE, CREATE_TIME, UPDATE_TIME, PAGE_ROW_ID) values (	48	,	 'Non Heap Usage [Memory bytes]'	,	8	,	 'CARD'	,	null	,	 'Area'	,	60000	,	 ''	,	 'bytes'	,	 '0'	,	 'auto'	,	 'datetime'	,	CURRENT_TIMESTAMP()	,	CURRENT_TIMESTAMP()	,	14	);
INSERT INTO page_row_panel (PANEL_ID, TITLE, SORT_ORDER, PANEL_TYPE, FRAGMENT_NAME, CHART_TYPE, REFRESH_INTERVAL, YAXIS_LABEL, YAXIS_UNIT, YAXIS_MIN, YAXIS_MAX, XAXIS_MODE, CREATE_TIME, UPDATE_TIME, PAGE_ROW_ID) values (	49	,	 'PS Eden [Memory bytes]'	,	9	,	 'CARD'	,	null	,	 'Area'	,	60000	,	 ''	,	 'bytes'	,	 '0'	,	 'auto'	,	 'datetime'	,	CURRENT_TIMESTAMP()	,	CURRENT_TIMESTAMP()	,	14	);
INSERT INTO page_row_panel (PANEL_ID, TITLE, SORT_ORDER, PANEL_TYPE, FRAGMENT_NAME, CHART_TYPE, REFRESH_INTERVAL, YAXIS_LABEL, YAXIS_UNIT, YAXIS_MIN, YAXIS_MAX, XAXIS_MODE, CREATE_TIME, UPDATE_TIME, PAGE_ROW_ID) values (	50	,	 'PS Old Gen [Memory bytes]'	,	10	,	 'CARD'	,	null	,	 'Area'	,	60000	,	 ''	,	 'bytes'	,	 '0'	,	 'auto'	,	 'datetime'	,	CURRENT_TIMESTAMP()	,	CURRENT_TIMESTAMP()	,	14	);
INSERT INTO page_row_panel (PANEL_ID, TITLE, SORT_ORDER, PANEL_TYPE, FRAGMENT_NAME, CHART_TYPE, REFRESH_INTERVAL, YAXIS_LABEL, YAXIS_UNIT, YAXIS_MIN, YAXIS_MAX, XAXIS_MODE, CREATE_TIME, UPDATE_TIME, PAGE_ROW_ID) values (	51	,	 'Thread used'	,	11	,	 'CARD'	,	null	,	 'Area'	,	60000	,	 ''	,	 'float'	,	 '0'	,	 'auto'	,	 'datetime'	,	CURRENT_TIMESTAMP()	,	CURRENT_TIMESTAMP()	,	14	);
INSERT INTO page_row_panel (PANEL_ID, TITLE, SORT_ORDER, PANEL_TYPE, FRAGMENT_NAME, CHART_TYPE, REFRESH_INTERVAL, YAXIS_LABEL, YAXIS_UNIT, YAXIS_MIN, YAXIS_MAX, XAXIS_MODE, CREATE_TIME, UPDATE_TIME, PAGE_ROW_ID) values (	52	,	 'Class loading'	,	12	,	 'CARD'	,	null	,	 'Area'	,	60000	,	 ''	,	 'float'	,	 '0'	,	 'auto'	,	 'datetime'	,	CURRENT_TIMESTAMP()	,	CURRENT_TIMESTAMP()	,	14	);
INSERT INTO page_row_panel (PANEL_ID, TITLE, SORT_ORDER, PANEL_TYPE, FRAGMENT_NAME, CHART_TYPE, REFRESH_INTERVAL, YAXIS_LABEL, YAXIS_UNIT, YAXIS_MIN, YAXIS_MAX, XAXIS_MODE, CREATE_TIME, UPDATE_TIME, PAGE_ROW_ID) values (	53	,	 'GC Count'	,	13	,	 'CARD'	,	null	,	 'Area'	,	60000	,	 ''	,	 'sec'	,	 '0'	,	 'auto'	,	 'datetime'	,	CURRENT_TIMESTAMP()	,	CURRENT_TIMESTAMP()	,	14	);
INSERT INTO page_row_panel (PANEL_ID, TITLE, SORT_ORDER, PANEL_TYPE, FRAGMENT_NAME, CHART_TYPE, REFRESH_INTERVAL, YAXIS_LABEL, YAXIS_UNIT, YAXIS_MIN, YAXIS_MAX, XAXIS_MODE, CREATE_TIME, UPDATE_TIME, PAGE_ROW_ID) values (	54	,	 'GC Time / 5 min.rate'	,	14	,	 'CARD'	,	null	,	 'Area'	,	60000	,	 ''	,	 'float'	,	 '0'	,	 'auto'	,	 'datetime'	,	CURRENT_TIMESTAMP()	,	CURRENT_TIMESTAMP()	,	14	);
INSERT INTO page_row_panel (PANEL_ID, TITLE, SORT_ORDER, PANEL_TYPE, FRAGMENT_NAME, CHART_TYPE, REFRESH_INTERVAL, YAXIS_LABEL, YAXIS_UNIT, YAXIS_MIN, YAXIS_MAX, XAXIS_MODE, CREATE_TIME, UPDATE_TIME, PAGE_ROW_ID) values (	55	,	 'Available Node'	,	1	,	 'CARD'	,	null	,	 ''	,	60000	,	 ''	,	 'float'	,	 ''	,	 ''	,	 ''	,	CURRENT_TIMESTAMP()	,	CURRENT_TIMESTAMP()	,	15	);
INSERT INTO page_row_panel (PANEL_ID, TITLE, SORT_ORDER, PANEL_TYPE, FRAGMENT_NAME, CHART_TYPE, REFRESH_INTERVAL, YAXIS_LABEL, YAXIS_UNIT, YAXIS_MIN, YAXIS_MAX, XAXIS_MODE, CREATE_TIME, UPDATE_TIME, PAGE_ROW_ID) values (	56	,	 'CPU Usage'	,	2	,	 'CARD'	,	null	,	 ''	,	60000	,	 ''	,	 '%'	,	 ''	,	 ''	,	 ''	,	CURRENT_TIMESTAMP()	,	CURRENT_TIMESTAMP()	,	15	);
INSERT INTO page_row_panel (PANEL_ID, TITLE, SORT_ORDER, PANEL_TYPE, FRAGMENT_NAME, CHART_TYPE, REFRESH_INTERVAL, YAXIS_LABEL, YAXIS_UNIT, YAXIS_MIN, YAXIS_MAX, XAXIS_MODE, CREATE_TIME, UPDATE_TIME, PAGE_ROW_ID) values (	57	,	 'Memory Usage'	,	3	,	 'CARD'	,	null	,	 ''	,	60000	,	 ''	,	 '%'	,	 ''	,	 ''	,	 ''	,	CURRENT_TIMESTAMP()	,	CURRENT_TIMESTAMP()	,	15	);
INSERT INTO page_row_panel (PANEL_ID, TITLE, SORT_ORDER, PANEL_TYPE, FRAGMENT_NAME, CHART_TYPE, REFRESH_INTERVAL, YAXIS_LABEL, YAXIS_UNIT, YAXIS_MIN, YAXIS_MAX, XAXIS_MODE, CREATE_TIME, UPDATE_TIME, PAGE_ROW_ID) values (	58	,	 'Filesystem Usage'	,	4	,	 'CARD'	,	null	,	 ''	,	60000	,	 ''	,	 '%'	,	 ''	,	 ''	,	 ''	,	CURRENT_TIMESTAMP()	,	CURRENT_TIMESTAMP()	,	15	);
INSERT INTO page_row_panel (PANEL_ID, TITLE, SORT_ORDER, PANEL_TYPE, FRAGMENT_NAME, CHART_TYPE, REFRESH_INTERVAL, YAXIS_LABEL, YAXIS_UNIT, YAXIS_MIN, YAXIS_MAX, XAXIS_MODE, CREATE_TIME, UPDATE_TIME, PAGE_ROW_ID) values (	59	,	 'Execute count'	,	5	,	 'CARD'	,	null	,	 'Sparkline'	,	60000	,	 ''	,	 'float'	,	 '0'	,	 'auto'	,	 'datetime'	,	CURRENT_TIMESTAMP()	,	CURRENT_TIMESTAMP()	,	16	);
INSERT INTO page_row_panel (PANEL_ID, TITLE, SORT_ORDER, PANEL_TYPE, FRAGMENT_NAME, CHART_TYPE, REFRESH_INTERVAL, YAXIS_LABEL, YAXIS_UNIT, YAXIS_MIN, YAXIS_MAX, XAXIS_MODE, CREATE_TIME, UPDATE_TIME, PAGE_ROW_ID) values (	60	,	 'Number of commit'	,	6	,	 'CARD'	,	null	,	 'Sparkline'	,	60000	,	 ''	,	 'float'	,	 '0'	,	 'auto'	,	 'datetime'	,	CURRENT_TIMESTAMP()	,	CURRENT_TIMESTAMP()	,	16	);
INSERT INTO page_row_panel (PANEL_ID, TITLE, SORT_ORDER, PANEL_TYPE, FRAGMENT_NAME, CHART_TYPE, REFRESH_INTERVAL, YAXIS_LABEL, YAXIS_UNIT, YAXIS_MIN, YAXIS_MAX, XAXIS_MODE, CREATE_TIME, UPDATE_TIME, PAGE_ROW_ID) values (	61	,	 'Active session'	,	7	,	 'CARD'	,	null	,	 'Sparkline'	,	60000	,	 ''	,	 'float'	,	 '0'	,	 'auto'	,	 'datetime'	,	CURRENT_TIMESTAMP()	,	CURRENT_TIMESTAMP()	,	16	);
INSERT INTO page_row_panel (PANEL_ID, TITLE, SORT_ORDER, PANEL_TYPE, FRAGMENT_NAME, CHART_TYPE, REFRESH_INTERVAL, YAXIS_LABEL, YAXIS_UNIT, YAXIS_MIN, YAXIS_MAX, XAXIS_MODE, CREATE_TIME, UPDATE_TIME, PAGE_ROW_ID) values (	62	,	 'Process count'	,	8	,	 'CARD'	,	null	,	 'Sparkline'	,	60000	,	 ''	,	 'float'	,	 '0'	,	 'auto'	,	 'datetime'	,	CURRENT_TIMESTAMP()	,	CURRENT_TIMESTAMP()	,	16	);
INSERT INTO page_row_panel (PANEL_ID, TITLE, SORT_ORDER, PANEL_TYPE, FRAGMENT_NAME, CHART_TYPE, REFRESH_INTERVAL, YAXIS_LABEL, YAXIS_UNIT, YAXIS_MIN, YAXIS_MAX, XAXIS_MODE, CREATE_TIME, UPDATE_TIME, PAGE_ROW_ID) values (	63	,	 'User rollback'	,	9	,	 'CARD'	,	null	,	 'Sparkline'	,	60000	,	 ''	,	 'float'	,	 '0'	,	 'auto'	,	 'datetime'	,	CURRENT_TIMESTAMP()	,	CURRENT_TIMESTAMP()	,	16	);
INSERT INTO page_row_panel (PANEL_ID, TITLE, SORT_ORDER, PANEL_TYPE, FRAGMENT_NAME, CHART_TYPE, REFRESH_INTERVAL, YAXIS_LABEL, YAXIS_UNIT, YAXIS_MIN, YAXIS_MAX, XAXIS_MODE, CREATE_TIME, UPDATE_TIME, PAGE_ROW_ID) values (	64	,	 'Concurrent wait time'	,	10	,	 'CARD'	,	null	,	 'Line'	,	60000	,	 ''	,	 'sec'	,	 '0'	,	 'auto'	,	 'datetime'	,	CURRENT_TIMESTAMP()	,	CURRENT_TIMESTAMP()	,	16	);
INSERT INTO page_row_panel (PANEL_ID, TITLE, SORT_ORDER, PANEL_TYPE, FRAGMENT_NAME, CHART_TYPE, REFRESH_INTERVAL, YAXIS_LABEL, YAXIS_UNIT, YAXIS_MIN, YAXIS_MAX, XAXIS_MODE, CREATE_TIME, UPDATE_TIME, PAGE_ROW_ID) values (	65	,	 'Commit wait time'	,	11	,	 'CARD'	,	null	,	 'Line'	,	60000	,	 ''	,	 'sec'	,	 '0'	,	 'auto'	,	 'datetime'	,	CURRENT_TIMESTAMP()	,	CURRENT_TIMESTAMP()	,	16	);
INSERT INTO page_row_panel (PANEL_ID, TITLE, SORT_ORDER, PANEL_TYPE, FRAGMENT_NAME, CHART_TYPE, REFRESH_INTERVAL, YAXIS_LABEL, YAXIS_UNIT, YAXIS_MIN, YAXIS_MAX, XAXIS_MODE, CREATE_TIME, UPDATE_TIME, PAGE_ROW_ID) values (	66	,	 'Application waiting'	,	12	,	 'CARD'	,	null	,	 'Line'	,	60000	,	 ''	,	 'sec'	,	 '0'	,	 'auto'	,	 'datetime'	,	CURRENT_TIMESTAMP()	,	CURRENT_TIMESTAMP()	,	16	);
INSERT INTO page_row_panel (PANEL_ID, TITLE, SORT_ORDER, PANEL_TYPE, FRAGMENT_NAME, CHART_TYPE, REFRESH_INTERVAL, YAXIS_LABEL, YAXIS_UNIT, YAXIS_MIN, YAXIS_MAX, XAXIS_MODE, CREATE_TIME, UPDATE_TIME, PAGE_ROW_ID) values (	67	,	 'Network waiting'	,	13	,	 'CARD'	,	null	,	 'Line'	,	60000	,	 ''	,	 'sec'	,	 '0'	,	 'auto'	,	 'datetime'	,	CURRENT_TIMESTAMP()	,	CURRENT_TIMESTAMP()	,	16	);
INSERT INTO page_row_panel (PANEL_ID, TITLE, SORT_ORDER, PANEL_TYPE, FRAGMENT_NAME, CHART_TYPE, REFRESH_INTERVAL, YAXIS_LABEL, YAXIS_UNIT, YAXIS_MIN, YAXIS_MAX, XAXIS_MODE, CREATE_TIME, UPDATE_TIME, PAGE_ROW_ID) values (	68	,	 'System I/O wait'	,	14	,	 'CARD'	,	null	,	 'Line'	,	60000	,	 ''	,	 'sec'	,	 '0'	,	 'auto'	,	 'datetime'	,	CURRENT_TIMESTAMP()	,	CURRENT_TIMESTAMP()	,	16	);
INSERT INTO page_row_panel (PANEL_ID, TITLE, SORT_ORDER, PANEL_TYPE, FRAGMENT_NAME, CHART_TYPE, REFRESH_INTERVAL, YAXIS_LABEL, YAXIS_UNIT, YAXIS_MIN, YAXIS_MAX, XAXIS_MODE, CREATE_TIME, UPDATE_TIME, PAGE_ROW_ID) values (	69	,	 'User I/O wait'	,	15	,	 'CARD'	,	null	,	 'Line'	,	60000	,	 ''	,	 'sec'	,	 '0'	,	 'auto'	,	 'datetime'	,	CURRENT_TIMESTAMP()	,	CURRENT_TIMESTAMP()	,	16	);
INSERT INTO page_row_panel (PANEL_ID, TITLE, SORT_ORDER, PANEL_TYPE, FRAGMENT_NAME, CHART_TYPE, REFRESH_INTERVAL, YAXIS_LABEL, YAXIS_UNIT, YAXIS_MIN, YAXIS_MAX, XAXIS_MODE, CREATE_TIME, UPDATE_TIME, PAGE_ROW_ID) values (	70	,	 'Configuring wait'	,	16	,	 'CARD'	,	null	,	 'Line'	,	60000	,	 ''	,	 'sec'	,	 '0'	,	 'auto'	,	 'datetime'	,	CURRENT_TIMESTAMP()	,	CURRENT_TIMESTAMP()	,	16	);
INSERT INTO page_row_panel (PANEL_ID, TITLE, SORT_ORDER, PANEL_TYPE, FRAGMENT_NAME, CHART_TYPE, REFRESH_INTERVAL, YAXIS_LABEL, YAXIS_UNIT, YAXIS_MIN, YAXIS_MAX, XAXIS_MODE, CREATE_TIME, UPDATE_TIME, PAGE_ROW_ID) values (	71	,	 'Scheduler wait'	,	17	,	 'CARD'	,	null	,	 'Line'	,	60000	,	 ''	,	 'sec'	,	 '0'	,	 'auto'	,	 'datetime'	,	CURRENT_TIMESTAMP()	,	CURRENT_TIMESTAMP()	,	16	);
INSERT INTO page_row_panel (PANEL_ID, TITLE, SORT_ORDER, PANEL_TYPE, FRAGMENT_NAME, CHART_TYPE, REFRESH_INTERVAL, YAXIS_LABEL, YAXIS_UNIT, YAXIS_MIN, YAXIS_MAX, XAXIS_MODE, CREATE_TIME, UPDATE_TIME, PAGE_ROW_ID) values (	72	,	 'Resource utilization'	,	18	,	 'CARD'	,	null	,	 'Area'	,	60000	,	 ''	,	 'float'	,	 '0'	,	 'auto'	,	 'datetime'	,	CURRENT_TIMESTAMP()	,	CURRENT_TIMESTAMP()	,	16	);
INSERT INTO page_row_panel (PANEL_ID, TITLE, SORT_ORDER, PANEL_TYPE, FRAGMENT_NAME, CHART_TYPE, REFRESH_INTERVAL, YAXIS_LABEL, YAXIS_UNIT, YAXIS_MIN, YAXIS_MAX, XAXIS_MODE, CREATE_TIME, UPDATE_TIME, PAGE_ROW_ID) values (	73	,	 'Table spaces'	,	19	,	 'CARD'	,	null	,	 'Table'	,	60000	,	 ''	,	 ''	,	 ''	,	 ''	,	 ''	,	CURRENT_TIMESTAMP()	,	CURRENT_TIMESTAMP()	,	16	);

INSERT INTO chart_query (C_QUERY_ID, API_QUERY, LEGEND, QUERY_STEP, CREATE_TIME, UPDATE_TIME, PANEL_ID) values (	1	,	 '/api/v1/query?query=sum(node_uname_info{zone!="external"})'	,	 ''	,	 '240'	,	CURRENT_TIMESTAMP()	,	CURRENT_TIMESTAMP()	,	1	);
INSERT INTO chart_query (C_QUERY_ID, API_QUERY, LEGEND, QUERY_STEP, CREATE_TIME, UPDATE_TIME, PANEL_ID) values (	2	,	 '/api/v1/query?query=sum(count(count(node_cpu_seconds_total{zone!="external"}) by (cpu, node)) by (cpu))'	,	 ''	,	 '240'	,	CURRENT_TIMESTAMP()	,	CURRENT_TIMESTAMP()	,	2	);
INSERT INTO chart_query (C_QUERY_ID, API_QUERY, LEGEND, QUERY_STEP, CREATE_TIME, UPDATE_TIME, PANEL_ID) values (	3	,	 '/api/v1/query?query=(1 - avg(irate(node_cpu_seconds_total{mode="idle",node=~"^.*$", zone!="external"}[5m]))) * 100'	,	 ''	,	 '240'	,	CURRENT_TIMESTAMP()	,	CURRENT_TIMESTAMP()	,	3	);
INSERT INTO chart_query (C_QUERY_ID, API_QUERY, LEGEND, QUERY_STEP, CREATE_TIME, UPDATE_TIME, PANEL_ID) values (	4	,	 '/api/v1/query?query=(1 - sum(node_memory_MemAvailable_bytes{node=~"^.*$", zone!="external"}) / sum(node_memory_MemTotal_bytes{node=~"^.*$", zone!="external"})) * 100'	,	 ''	,	 '240'	,	CURRENT_TIMESTAMP()	,	CURRENT_TIMESTAMP()	,	4	);
INSERT INTO chart_query (C_QUERY_ID, API_QUERY, LEGEND, QUERY_STEP, CREATE_TIME, UPDATE_TIME, PANEL_ID) values (	5	,	 '/api/v1/query?query=(sum(node_filesystem_size_bytes{device!~"rootfs|HarddiskVolume.+",node=~"^.*$", zone!="external"}) - sum(node_filesystem_free_bytes{device!~"rootfs|HarddiskVolume.+",node=~"^.*$", zone!="external"})) / sum(node_filesystem_size_bytes{device!~"rootfs|HarddiskVolume.+",node=~"^.*$", zone!="external"}) * 100'	,	 ''	,	 '240'	,	CURRENT_TIMESTAMP()	,	CURRENT_TIMESTAMP()	,	5	);
INSERT INTO chart_query (C_QUERY_ID, API_QUERY, LEGEND, QUERY_STEP, CREATE_TIME, UPDATE_TIME, PANEL_ID) values (	6	,	 '/api/v1/query_range?query=100 * (1-(avg(irate(node_cpu_seconds_total{mode="idle", zone!="external"}[5m]))))'	,	 'Cluster'	,	 '15'	,	CURRENT_TIMESTAMP()	,	CURRENT_TIMESTAMP()	,	6	);
INSERT INTO chart_query (C_QUERY_ID, API_QUERY, LEGEND, QUERY_STEP, CREATE_TIME, UPDATE_TIME, PANEL_ID) values (	7	,	 '/api/v1/query_range?query=100 * (1-(avg(irate(node_cpu_seconds_total{mode="idle", zone!="external"}[5m])) by (node)))'	,	 '{{node}}'	,	 '15'	,	CURRENT_TIMESTAMP()	,	CURRENT_TIMESTAMP()	,	6	);
INSERT INTO chart_query (C_QUERY_ID, API_QUERY, LEGEND, QUERY_STEP, CREATE_TIME, UPDATE_TIME, PANEL_ID) values (	8	,	 '/api/v1/query_range?query=100 * (1 - sum(node_memory_MemAvailable_bytes{zone!="external"}) / sum(node_memory_MemTotal_bytes{zone!="external"}))'	,	 'Cluster'	,	 '15'	,	CURRENT_TIMESTAMP()	,	CURRENT_TIMESTAMP()	,	7	);
INSERT INTO chart_query (C_QUERY_ID, API_QUERY, LEGEND, QUERY_STEP, CREATE_TIME, UPDATE_TIME, PANEL_ID) values (	9	,	 '/api/v1/query_range?query=100 * (1- sum(node_memory_MemAvailable_bytes{zone!="external"}) by (node) / sum(node_memory_MemTotal_bytes{zone!="external"}) by (node))'	,	 '{{node}}'	,	 '15'	,	CURRENT_TIMESTAMP()	,	CURRENT_TIMESTAMP()	,	7	);
INSERT INTO chart_query (C_QUERY_ID, API_QUERY, LEGEND, QUERY_STEP, CREATE_TIME, UPDATE_TIME, PANEL_ID) values (	10	,	 '/api/v1/query_range?query=- irate(node_disk_reads_completed_total{instance=~".*", zone!="external"}[5m])'	,	 '{{device}}_Reads completed ({{node}})'	,	 '15'	,	CURRENT_TIMESTAMP()	,	CURRENT_TIMESTAMP()	,	8	);
INSERT INTO chart_query (C_QUERY_ID, API_QUERY, LEGEND, QUERY_STEP, CREATE_TIME, UPDATE_TIME, PANEL_ID) values (	11	,	 '/api/v1/query_range?query=irate(node_disk_writes_completed_total{instance=~".*", zone!="external"}[5m])'	,	 '{{device}}_Writes completed ({{node}})'	,	 '15'	,	CURRENT_TIMESTAMP()	,	CURRENT_TIMESTAMP()	,	8	);
INSERT INTO chart_query (C_QUERY_ID, API_QUERY, LEGEND, QUERY_STEP, CREATE_TIME, UPDATE_TIME, PANEL_ID) values (	12	,	 '/api/v1/query_range?query=sum (rate (container_network_receive_bytes_total{zone!="external"}[5m]))by (node)'	,	 '{{node}} Received'	,	 '15'	,	CURRENT_TIMESTAMP()	,	CURRENT_TIMESTAMP()	,	9	);
INSERT INTO chart_query (C_QUERY_ID, API_QUERY, LEGEND, QUERY_STEP, CREATE_TIME, UPDATE_TIME, PANEL_ID) values (	13	,	 '/api/v1/query_range?query=- sum (rate (container_network_transmit_bytes_total{zone!="external"}[5m])) by (node)'	,	 '{{node}} Sent'	,	 '15'	,	CURRENT_TIMESTAMP()	,	CURRENT_TIMESTAMP()	,	9	);
INSERT INTO chart_query (C_QUERY_ID, API_QUERY, LEGEND, QUERY_STEP, CREATE_TIME, UPDATE_TIME, PANEL_ID) values (	14	,	 '/api/v1/query_range?query=sum (rate (wmi_container_network_receive_bytes_total{zone!="external"}[5m]))by (node)'	,	 '{{node}} Received'	,	 '15'	,	CURRENT_TIMESTAMP()	,	CURRENT_TIMESTAMP()	,	9	);
INSERT INTO chart_query (C_QUERY_ID, API_QUERY, LEGEND, QUERY_STEP, CREATE_TIME, UPDATE_TIME, PANEL_ID) values (	15	,	 '/api/v1/query_range?query=- sum (rate (wmi_container_network_transmit_bytes_total{zone!="external"}[5m]))by (node)'	,	 '{{node}} Sent'	,	 '15'	,	CURRENT_TIMESTAMP()	,	CURRENT_TIMESTAMP()	,	9	);
INSERT INTO chart_query (C_QUERY_ID, API_QUERY, LEGEND, QUERY_STEP, CREATE_TIME, UPDATE_TIME, PANEL_ID) values (	16	,	 '/api/v1/query?query=100 * (topk(5,(rate(namedprocess_namegroup_cpu_seconds_total{zone!="external"} [5m])+rate(namedprocess_namegroup_cpu_seconds_total{zone!="external"} [5m])) or (irate(namedprocess_namegroup_cpu_seconds_total{zone!="external"} [5m])+irate(namedprocess_namegroup_cpu_seconds_total{zone!="external"} [5m]))))'	,	 'CPU(%)'	,	 '15'	,	CURRENT_TIMESTAMP()	,	CURRENT_TIMESTAMP()	,	10	);
INSERT INTO chart_query (C_QUERY_ID, API_QUERY, LEGEND, QUERY_STEP, CREATE_TIME, UPDATE_TIME, PANEL_ID) values (	17	,	 '/api/v1/query?query=avg(node_filesystem_size_bytes{instance=~".*", fstype=~"ext.*|xfs", mountpoint !~".*pod.*", zone!="external"}-0) by (node, device, fstype, mountpoint)'	,	 'Total'	,	 ''	,	CURRENT_TIMESTAMP()	,	CURRENT_TIMESTAMP()	,	11	);
INSERT INTO chart_query (C_QUERY_ID, API_QUERY, LEGEND, QUERY_STEP, CREATE_TIME, UPDATE_TIME, PANEL_ID) values (	18	,	 '/api/v1/query?query=avg(node_filesystem_avail_bytes {instance=~".*", fstype=~"ext.*|xfs", mountpoint !~".*pod.*", zone!="external"}-0) by (node, device, fstype, mountpoint)'	,	 'Avail'	,	 ''	,	CURRENT_TIMESTAMP()	,	CURRENT_TIMESTAMP()	,	11	);
INSERT INTO chart_query (C_QUERY_ID, API_QUERY, LEGEND, QUERY_STEP, CREATE_TIME, UPDATE_TIME, PANEL_ID) values (	19	,	 '/api/v1/query?query=avg(node_filesystem_size_bytes {instance=~".*", fstype=~"ext.*|xfs", mountpoint !~".*pod.*", zone!="external"} - node_filesystem_avail_bytes {instance=~".*", fstype=~"ext.*|xfs", mountpoint !~".*pod.*", zone!="external"}) by (node, device, fstype, mountpoint)'	,	 'Used'	,	 ''	,	CURRENT_TIMESTAMP()	,	CURRENT_TIMESTAMP()	,	11	);
INSERT INTO chart_query (C_QUERY_ID, API_QUERY, LEGEND, QUERY_STEP, CREATE_TIME, UPDATE_TIME, PANEL_ID) values (	20	,	 '/api/v1/query?query=100 * (avg((node_filesystem_size_bytes {instance=~".*", fstype=~"ext.*|xfs", mountpoint !~".*pod.*", zone!="external"} - node_filesystem_avail_bytes {instance=~".*", fstype=~"ext.*|xfs", mountpoint !~".*pod.*", zone!="external"}) / node_filesystem_size_bytes {instance=~".*", fstype=~"ext.*|xfs", mountpoint !~".*pod.*", zone!="external"}) by (node, device, fstype, mountpoint))'	,	 'Use(%)'	,	 ''	,	CURRENT_TIMESTAMP()	,	CURRENT_TIMESTAMP()	,	11	);

INSERT INTO chart_query (C_QUERY_ID, API_QUERY, LEGEND, QUERY_STEP, CREATE_TIME, UPDATE_TIME, PANEL_ID) values (	22	,	 '/api/v1/query_range?query=sum by (instance)(irate(node_cpu_seconds_total{mode="system",instance=~"$node:$port",job=~"$job"}[5m])) * 100'	,	 'Busy System'	,	 '15'	,	CURRENT_TIMESTAMP()	,	CURRENT_TIMESTAMP()	,	12	);
INSERT INTO chart_query (C_QUERY_ID, API_QUERY, LEGEND, QUERY_STEP, CREATE_TIME, UPDATE_TIME, PANEL_ID) values (	23	,	 '/api/v1/query_range?query=sum by (instance)(irate(node_cpu_seconds_total{mode="user",instance=~"$node:$port",job=~"$job"}[5m])) * 100'	,	 'Busy User'	,	 '15'	,	CURRENT_TIMESTAMP()	,	CURRENT_TIMESTAMP()	,	12	);
INSERT INTO chart_query (C_QUERY_ID, API_QUERY, LEGEND, QUERY_STEP, CREATE_TIME, UPDATE_TIME, PANEL_ID) values (	24	,	 '/api/v1/query_range?query=sum by (instance)(irate(node_cpu_seconds_total{mode="iowait",instance=~"$node:$port",job=~"$job"}[5m])) * 100'	,	 'Busy Iowait'	,	 '15'	,	CURRENT_TIMESTAMP()	,	CURRENT_TIMESTAMP()	,	12	);
INSERT INTO chart_query (C_QUERY_ID, API_QUERY, LEGEND, QUERY_STEP, CREATE_TIME, UPDATE_TIME, PANEL_ID) values (	25	,	 '/api/v1/query_range?query=sum by (instance)(irate(node_cpu_seconds_total{mode=~".*irq",instance=~"$node:$port",job=~"$job"}[5m])) * 100'	,	 'Busy IRQs'	,	 '15'	,	CURRENT_TIMESTAMP()	,	CURRENT_TIMESTAMP()	,	12	);
INSERT INTO chart_query (C_QUERY_ID, API_QUERY, LEGEND, QUERY_STEP, CREATE_TIME, UPDATE_TIME, PANEL_ID) values (	26	,	 '/api/v1/query_range?query=sum (irate(node_cpu_seconds_total{mode!="idle",mode!="user",mode!="system",mode!="iowait",mode!="irq",mode!="softirq",instance=~"$node:$port",job=~"$job"}[5m])) * 100'	,	 'Busy Other'	,	 '15'	,	CURRENT_TIMESTAMP()	,	CURRENT_TIMESTAMP()	,	12	);
INSERT INTO chart_query (C_QUERY_ID, API_QUERY, LEGEND, QUERY_STEP, CREATE_TIME, UPDATE_TIME, PANEL_ID) values (	27	,	 '/api/v1/query_range?query=sum by (mode)(irate(node_cpu_seconds_total{mode="idle",instance=~"$node:$port",job=~"$job"}[5m])) * 100'	,	 'Idle'	,	 '15'	,	CURRENT_TIMESTAMP()	,	CURRENT_TIMESTAMP()	,	12	);
INSERT INTO chart_query (C_QUERY_ID, API_QUERY, LEGEND, QUERY_STEP, CREATE_TIME, UPDATE_TIME, PANEL_ID) values (	37	,	 '/api/v1/query_range?query=node_load1{instance=~"$node:$port",job=~"$job"}'	,	 'Load 1m'	,	 '15'	,	CURRENT_TIMESTAMP()	,	CURRENT_TIMESTAMP()	,	14	);
INSERT INTO chart_query (C_QUERY_ID, API_QUERY, LEGEND, QUERY_STEP, CREATE_TIME, UPDATE_TIME, PANEL_ID) values (	38	,	 '/api/v1/query_range?query=node_load5{instance=~"$node:$port",job=~"$job"}'	,	 'Load 5m'	,	 '15'	,	CURRENT_TIMESTAMP()	,	CURRENT_TIMESTAMP()	,	14	);
INSERT INTO chart_query (C_QUERY_ID, API_QUERY, LEGEND, QUERY_STEP, CREATE_TIME, UPDATE_TIME, PANEL_ID) values (	39	,	 '/api/v1/query_range?query=node_load15{instance=~"$node:$port",job=~"$job"}'	,	 'Load 15m'	,	 '15'	,	CURRENT_TIMESTAMP()	,	CURRENT_TIMESTAMP()	,	14	);
INSERT INTO chart_query (C_QUERY_ID, API_QUERY, LEGEND, QUERY_STEP, CREATE_TIME, UPDATE_TIME, PANEL_ID) values (	40	,	 '/api/v1/query_range?query=node_procs_blocked{instance=~"$node:$port",job=~"$job"}'	,	 'Processes blocked waiting for I/O to complete'	,	 '15'	,	CURRENT_TIMESTAMP()	,	CURRENT_TIMESTAMP()	,	15	);
INSERT INTO chart_query (C_QUERY_ID, API_QUERY, LEGEND, QUERY_STEP, CREATE_TIME, UPDATE_TIME, PANEL_ID) values (	41	,	 '/api/v1/query_range?query=node_procs_running{instance=~"$node:$port",job=~"$job"}'	,	 'Processes in runnable state'	,	 '15'	,	CURRENT_TIMESTAMP()	,	CURRENT_TIMESTAMP()	,	15	);
INSERT INTO chart_query (C_QUERY_ID, API_QUERY, LEGEND, QUERY_STEP, CREATE_TIME, UPDATE_TIME, PANEL_ID) values (	42	,	 '/api/v1/query_range?query=node_memory_MemTotal_bytes{instance=~"$node:$port",job=~"$job"}'	,	 'RAM Total'	,	 '15'	,	CURRENT_TIMESTAMP()	,	CURRENT_TIMESTAMP()	,	16	);
INSERT INTO chart_query (C_QUERY_ID, API_QUERY, LEGEND, QUERY_STEP, CREATE_TIME, UPDATE_TIME, PANEL_ID) values (	43	,	 '/api/v1/query_range?query=node_memory_MemTotal_bytes{instance=~"$node:$port",job=~"$job"} - node_memory_MemFree_bytes{instance=~"$node:$port",job=~"$job"} - (node_memory_Cached_bytes{instance=~"$node:$port",job=~"$job"} + node_memory_Buffers_bytes{instance=~"$node:$port",job=~"$job"})'	,	 'RAM Used'	,	 '15'	,	CURRENT_TIMESTAMP()	,	CURRENT_TIMESTAMP()	,	16	);
INSERT INTO chart_query (C_QUERY_ID, API_QUERY, LEGEND, QUERY_STEP, CREATE_TIME, UPDATE_TIME, PANEL_ID) values (	44	,	 '/api/v1/query_range?query=node_memory_Cached_bytes{instance=~"$node:$port",job=~"$job"} + node_memory_Buffers_bytes{instance=~"$node:$port",job=~"$job"}'	,	 'RAM Cache + Buffer'	,	 '15'	,	CURRENT_TIMESTAMP()	,	CURRENT_TIMESTAMP()	,	16	);
INSERT INTO chart_query (C_QUERY_ID, API_QUERY, LEGEND, QUERY_STEP, CREATE_TIME, UPDATE_TIME, PANEL_ID) values (	45	,	 '/api/v1/query_range?query=node_memory_MemFree_bytes{instance=~"$node:$port",job=~"$job"}'	,	 'RAM Free'	,	 '15'	,	CURRENT_TIMESTAMP()	,	CURRENT_TIMESTAMP()	,	16	);
INSERT INTO chart_query (C_QUERY_ID, API_QUERY, LEGEND, QUERY_STEP, CREATE_TIME, UPDATE_TIME, PANEL_ID) values (	46	,	 '/api/v1/query_range?query=(node_memory_SwapTotal_bytes{instance=~"$node:$port",job=~"$job"} - node_memory_SwapFree_bytes{instance=~"$node:$port",job=~"$job"})'	,	 'SWAP Used'	,	 '15'	,	CURRENT_TIMESTAMP()	,	CURRENT_TIMESTAMP()	,	16	);
INSERT INTO chart_query (C_QUERY_ID, API_QUERY, LEGEND, QUERY_STEP, CREATE_TIME, UPDATE_TIME, PANEL_ID) values (	47	,	 '/api/v1/query_range?query=node_memory_MemTotal_bytes{instance=~"$node:$port",job=~"$job"} - node_memory_MemFree_bytes{instance=~"$node:$port",job=~"$job"} - node_memory_Buffers_bytes{instance=~"$node:$port",job=~"$job"} - node_memory_Cached_bytes{instance=~"$node:$port",job=~"$job"} - node_memory_Slab_bytes{instance=~"$node:$port",job=~"$job"} - node_memory_PageTables_bytes{instance=~"$node:$port",job=~"$job"} - node_memory_SwapCached_bytes{instance=~"$node:$port",job=~"$job"}'	,	 'Apps - Memory used by user-space applications'	,	 '15'	,	CURRENT_TIMESTAMP()	,	CURRENT_TIMESTAMP()	,	17	);
INSERT INTO chart_query (C_QUERY_ID, API_QUERY, LEGEND, QUERY_STEP, CREATE_TIME, UPDATE_TIME, PANEL_ID) values (	48	,	 '/api/v1/query_range?query=node_memory_PageTables_bytes{instance=~"$node:$port",job=~"$job"}'	,	 'PageTables - Memory used to map between virtual and physical memory addresses'	,	 '15'	,	CURRENT_TIMESTAMP()	,	CURRENT_TIMESTAMP()	,	17	);
INSERT INTO chart_query (C_QUERY_ID, API_QUERY, LEGEND, QUERY_STEP, CREATE_TIME, UPDATE_TIME, PANEL_ID) values (	49	,	 '/api/v1/query_range?query=node_memory_SwapCached_bytes{instance=~"$node:$port",job=~"$job"}'	,	 'SwapCache - fetched from swap but not yet been modified'	,	 '15'	,	CURRENT_TIMESTAMP()	,	CURRENT_TIMESTAMP()	,	17	);
INSERT INTO chart_query (C_QUERY_ID, API_QUERY, LEGEND, QUERY_STEP, CREATE_TIME, UPDATE_TIME, PANEL_ID) values (	50	,	 '/api/v1/query_range?query=node_memory_Slab_bytes{instance=~"$node:$port",job=~"$job"}'	,	 'Slab - Memory used by the kernel to cache data structures for its own use)'	,	 '15'	,	CURRENT_TIMESTAMP()	,	CURRENT_TIMESTAMP()	,	17	);
INSERT INTO chart_query (C_QUERY_ID, API_QUERY, LEGEND, QUERY_STEP, CREATE_TIME, UPDATE_TIME, PANEL_ID) values (	51	,	 '/api/v1/query_range?query=node_memory_Cached_bytes{instance=~"$node:$port",job=~"$job"}'	,	 'Slab - Memory used by the kernel to cache data structures for its own use)'	,	 '15'	,	CURRENT_TIMESTAMP()	,	CURRENT_TIMESTAMP()	,	17	);
INSERT INTO chart_query (C_QUERY_ID, API_QUERY, LEGEND, QUERY_STEP, CREATE_TIME, UPDATE_TIME, PANEL_ID) values (	52	,	 '/api/v1/query_range?query=node_memory_Buffers_bytes{instance=~"$node:$port",job=~"$job"}'	,	 'Buffers - Block device (e.g. harddisk) cache'	,	 '15'	,	CURRENT_TIMESTAMP()	,	CURRENT_TIMESTAMP()	,	17	);
INSERT INTO chart_query (C_QUERY_ID, API_QUERY, LEGEND, QUERY_STEP, CREATE_TIME, UPDATE_TIME, PANEL_ID) values (	53	,	 '/api/v1/query_range?query=node_memory_MemFree_bytes{instance=~"$node:$port",job=~"$job"}'	,	 'Unused - Free memory unassigned'	,	 '15'	,	CURRENT_TIMESTAMP()	,	CURRENT_TIMESTAMP()	,	17	);
INSERT INTO chart_query (C_QUERY_ID, API_QUERY, LEGEND, QUERY_STEP, CREATE_TIME, UPDATE_TIME, PANEL_ID) values (	54	,	 '/api/v1/query_range?query=(node_memory_SwapTotal_bytes{instance=~"$node:$port",job=~"$job"} - node_memory_SwapFree_bytes{instance=~"$node:$port",job=~"$job"})'	,	 'Swap - Swap space used'	,	 '15'	,	CURRENT_TIMESTAMP()	,	CURRENT_TIMESTAMP()	,	17	);
INSERT INTO chart_query (C_QUERY_ID, API_QUERY, LEGEND, QUERY_STEP, CREATE_TIME, UPDATE_TIME, PANEL_ID) values (	55	,	 '/api/v1/query_range?query=node_memory_HardwareCorrupted_bytes{instance=~"$node:$port",job=~"$job"}'	,	 'Hardware Corrupted - Amount of RAM that the kernel identified as corrupted / not working'	,	 '15'	,	CURRENT_TIMESTAMP()	,	CURRENT_TIMESTAMP()	,	17	);
INSERT INTO chart_query (C_QUERY_ID, API_QUERY, LEGEND, QUERY_STEP, CREATE_TIME, UPDATE_TIME, PANEL_ID) values (	56	,	 '/api/v1/query_range?query=node_memory_Inactive_file_bytes{instance=~"$node:$port",job=~"$job"}'	,	 'Inactive_file - File-backed memory on inactive LRU list'	,	 '15'	,	CURRENT_TIMESTAMP()	,	CURRENT_TIMESTAMP()	,	18	);
INSERT INTO chart_query (C_QUERY_ID, API_QUERY, LEGEND, QUERY_STEP, CREATE_TIME, UPDATE_TIME, PANEL_ID) values (	57	,	 '/api/v1/query_range?query=node_memory_Inactive_anon_bytes{instance=~"$node:$port",job=~"$job"}'	,	 'Inactive_anon - Anonymous and swap cache on inactive LRU list, including tmpfs (shmem)'	,	 '15'	,	CURRENT_TIMESTAMP()	,	CURRENT_TIMESTAMP()	,	18	);
INSERT INTO chart_query (C_QUERY_ID, API_QUERY, LEGEND, QUERY_STEP, CREATE_TIME, UPDATE_TIME, PANEL_ID) values (	58	,	 '/api/v1/query_range?query=node_memory_Active_file_bytes{instance=~"$node:$port",job=~"$job"}'	,	 'Active_file - File-backed memory on active LRU list'	,	 '15'	,	CURRENT_TIMESTAMP()	,	CURRENT_TIMESTAMP()	,	18	);
INSERT INTO chart_query (C_QUERY_ID, API_QUERY, LEGEND, QUERY_STEP, CREATE_TIME, UPDATE_TIME, PANEL_ID) values (	59	,	 '/api/v1/query_range?query=node_memory_Active_anon_bytes{instance=~"$node:$port",job=~"$job"}'	,	 'Active_anon - Anonymous and swap cache on active least-recently-used (LRU) list, including tmpfs'	,	 '15'	,	CURRENT_TIMESTAMP()	,	CURRENT_TIMESTAMP()	,	18	);
INSERT INTO chart_query (C_QUERY_ID, API_QUERY, LEGEND, QUERY_STEP, CREATE_TIME, UPDATE_TIME, PANEL_ID) values (	60	,	 '/api/v1/query_range?query=irate(node_vmstat_pgpgin{instance=~"$node:$port",job=~"$job"}[5m])'	,	 'Pagesin - Page in operations'	,	 '15'	,	CURRENT_TIMESTAMP()	,	CURRENT_TIMESTAMP()	,	19	);
INSERT INTO chart_query (C_QUERY_ID, API_QUERY, LEGEND, QUERY_STEP, CREATE_TIME, UPDATE_TIME, PANEL_ID) values (	61	,	 '/api/v1/query_range?query=irate(node_vmstat_pgpgout{instance=~"$node:$port",job=~"$job"}[5m])'	,	 'Pagesout - Page out operations'	,	 '15'	,	CURRENT_TIMESTAMP()	,	CURRENT_TIMESTAMP()	,	19	);
INSERT INTO chart_query (C_QUERY_ID, API_QUERY, LEGEND, QUERY_STEP, CREATE_TIME, UPDATE_TIME, PANEL_ID) values (	62	,	 '/api/v1/query_range?query=100 - ((node_filesystem_avail_bytes{instance=~"$node:$port",job=~"$job",device!~"rootfs"} * 100) / node_filesystem_size_bytes{instance=~"$node:$port",job=~"$job",device!~"rootfs"})'	,	 '{{mountpoint}}'	,	 '15'	,	CURRENT_TIMESTAMP()	,	CURRENT_TIMESTAMP()	,	20	);
INSERT INTO chart_query (C_QUERY_ID, API_QUERY, LEGEND, QUERY_STEP, CREATE_TIME, UPDATE_TIME, PANEL_ID) values (	63	,	 '/api/v1/query_range?query=node_filesystem_size_bytes{instance=~"$node:$port",job=~"$job",device!~"rootfs"} - node_filesystem_avail_bytes{instance=~"$node:$port",job=~"$job",device!~"rootfs"}'	,	 '{{mountpoint}}'	,	 '15'	,	CURRENT_TIMESTAMP()	,	CURRENT_TIMESTAMP()	,	21	);
INSERT INTO chart_query (C_QUERY_ID, API_QUERY, LEGEND, QUERY_STEP, CREATE_TIME, UPDATE_TIME, PANEL_ID) values (	64	,	 '/api/v1/query_range?query=irate(node_disk_read_bytes_total{instance=~"$node:$port",job=~"$job",device=~"[a-z]*[a-z]"}[5m])'	,	 '{{device}} - Successfully read bytes'	,	 '15'	,	CURRENT_TIMESTAMP()	,	CURRENT_TIMESTAMP()	,	22	);
INSERT INTO chart_query (C_QUERY_ID, API_QUERY, LEGEND, QUERY_STEP, CREATE_TIME, UPDATE_TIME, PANEL_ID) values (	65	,	 '/api/v1/query_range?query=irate(node_disk_written_bytes_total{instance=~"$node:$port",job=~"$job",device=~"[a-z]*[a-z]"}[5m])'	,	 '{{device}} - Successfully written bytes'	,	 '15'	,	CURRENT_TIMESTAMP()	,	CURRENT_TIMESTAMP()	,	22	);
INSERT INTO chart_query (C_QUERY_ID, API_QUERY, LEGEND, QUERY_STEP, CREATE_TIME, UPDATE_TIME, PANEL_ID) values (	66	,	 '/api/v1/query_range?query=irate(node_disk_reads_completed_total{instance=~"$node:$port",job=~"$job",device=~"[a-z]*[a-z]"}[5m])'	,	 '{{device}} - Reads completed'	,	 '15'	,	CURRENT_TIMESTAMP()	,	CURRENT_TIMESTAMP()	,	23	);
INSERT INTO chart_query (C_QUERY_ID, API_QUERY, LEGEND, QUERY_STEP, CREATE_TIME, UPDATE_TIME, PANEL_ID) values (	67	,	 '/api/v1/query_range?query=irate(node_disk_writes_completed_total{instance=~"$node:$port",job=~"$job",device=~"[a-z]*[a-z]"}[5m])'	,	 '{{device}} - Writes completed'	,	 '15'	,	CURRENT_TIMESTAMP()	,	CURRENT_TIMESTAMP()	,	23	);
INSERT INTO chart_query (C_QUERY_ID, API_QUERY, LEGEND, QUERY_STEP, CREATE_TIME, UPDATE_TIME, PANEL_ID) values (	68	,	 '/api/v1/query_range?query=irate(node_network_receive_bytes_total{instance=~"$node:$port",job=~"$job"}[5m])*8'	,	 'recv {{device}}'	,	 '15'	,	CURRENT_TIMESTAMP()	,	CURRENT_TIMESTAMP()	,	24	);
INSERT INTO chart_query (C_QUERY_ID, API_QUERY, LEGEND, QUERY_STEP, CREATE_TIME, UPDATE_TIME, PANEL_ID) values (	69	,	 '/api/v1/query_range?query=irate(node_network_transmit_bytes_total{instance=~"$node:$port",job=~"$job"}[5m])*8'	,	 'trans {{device}}'	,	 '15'	,	CURRENT_TIMESTAMP()	,	CURRENT_TIMESTAMP()	,	24	);
INSERT INTO chart_query (C_QUERY_ID, API_QUERY, LEGEND, QUERY_STEP, CREATE_TIME, UPDATE_TIME, PANEL_ID) values (	70	,	 '/api/v1/query_range?query=irate(node_network_receive_packets_total{instance=~"$node:$port",job=~"$job"}[5m])'	,	 '{{device}} - Receive'	,	 '15'	,	CURRENT_TIMESTAMP()	,	CURRENT_TIMESTAMP()	,	25	);
INSERT INTO chart_query (C_QUERY_ID, API_QUERY, LEGEND, QUERY_STEP, CREATE_TIME, UPDATE_TIME, PANEL_ID) values (	71	,	 '/api/v1/query_range?query=irate(node_network_transmit_packets_total{instance=~"$node:$port",job=~"$job"}[5m])'	,	 '{{device}} - Transmit'	,	 '15'	,	CURRENT_TIMESTAMP()	,	CURRENT_TIMESTAMP()	,	25	);
INSERT INTO chart_query (C_QUERY_ID, API_QUERY, LEGEND, QUERY_STEP, CREATE_TIME, UPDATE_TIME, PANEL_ID) values (	72	,	 '/api/v1/query_range?query=node_filesystem_size_bytes{instance=~"$node",fstype=~"ext.*|xfs",mountpoint !~".*pod.*"}-0'	,	 ''	,	 '15'	,	CURRENT_TIMESTAMP()	,	CURRENT_TIMESTAMP()	,	26	);
INSERT INTO chart_query (C_QUERY_ID, API_QUERY, LEGEND, QUERY_STEP, CREATE_TIME, UPDATE_TIME, PANEL_ID) values (	73	,	 '/api/v1/query_range?query=node_filesystem_avail_bytes {instance=~"$node",fstype=~"ext.*|xfs",mountpoint !~".*pod.*"}-0'	,	 ''	,	 '15'	,	CURRENT_TIMESTAMP()	,	CURRENT_TIMESTAMP()	,	26	);
INSERT INTO chart_query (C_QUERY_ID, API_QUERY, LEGEND, QUERY_STEP, CREATE_TIME, UPDATE_TIME, PANEL_ID) values (	74	,	 '/api/v1/query_range?query=(node_filesystem_size_bytes{instance=~"$node",fstype=~"ext.*|xfs",mountpoint !~".*pod.*"}-node_filesystem_free_bytes{instance=~"$node",fstype=~"ext.*|xfs",mountpoint !~".*pod.*"}) *100/(node_filesystem_avail_bytes {instance=~"$node",fstype=~"ext.*|xfs",mountpoint !~".*pod.*"}+(node_filesystem_size_bytes{instance=~"$node",fstype=~"ext.*|xfs",mountpoint !~".*pod.*"}-node_filesystem_free_bytes{instance=~"$node",fstype=~"ext.*|xfs",mountpoint !~".*pod.*"}))'	,	 ''	,	 '15'	,	CURRENT_TIMESTAMP()	,	CURRENT_TIMESTAMP()	,	26	);
INSERT INTO chart_query (C_QUERY_ID, API_QUERY, LEGEND, QUERY_STEP, CREATE_TIME, UPDATE_TIME, PANEL_ID) values (	75	,	 '/api/v1/query_range?query=topk(5,(rate(namedprocess_namegroup_cpu_seconds_total{groupname=~"$processes",instance=~"$host"}[$interval])+rate(namedprocess_namegroup_cpu_seconds_total{groupname=~"$processes",instance=~"$host"}[$interval]))or(irate(namedprocess_namegroup_cpu_seconds_total{groupname=~"$processes",instance=~"$host"}[5m])+irate(namedprocess_namegroup_cpu_seconds_total{groupname=~"$processes",instance=~"$host"}[5m])))'	,	 ''	,	 '15'	,	CURRENT_TIMESTAMP()	,	CURRENT_TIMESTAMP()	,	27	);
INSERT INTO chart_query (C_QUERY_ID, API_QUERY, LEGEND, QUERY_STEP, CREATE_TIME, UPDATE_TIME, PANEL_ID) values (	76	,	 '/api/v1/query?query=sum(jvm_info{job="$job", application=~"$application", instance=~"$instance"})'	,	 ''	,	 ''	,	CURRENT_TIMESTAMP()	,	CURRENT_TIMESTAMP()	,	28	);
INSERT INTO chart_query (C_QUERY_ID, API_QUERY, LEGEND, QUERY_STEP, CREATE_TIME, UPDATE_TIME, PANEL_ID) values (	77	,	 '/api/v1/query_range?query=avg(irate(os_process_cpu_load{job="$job", application=~"$application", instance=~"$instance"}[5m]))'	,	 ''	,	 '15'	,	CURRENT_TIMESTAMP()	,	CURRENT_TIMESTAMP()	,	29	);
INSERT INTO chart_query (C_QUERY_ID, API_QUERY, LEGEND, QUERY_STEP, CREATE_TIME, UPDATE_TIME, PANEL_ID) values (	78	,	 '/api/v1/query_range?query=avg((jvm_memory_bytes_used{area="heap",job="$job", application=~"$application", instance=~"$instance"} / jvm_memory_bytes_max{area="heap",job="$job", application=~"$application", instance=~"$instance"} >= 0) * 100)'	,	 ''	,	 '15'	,	CURRENT_TIMESTAMP()	,	CURRENT_TIMESTAMP()	,	30	);
INSERT INTO chart_query (C_QUERY_ID, API_QUERY, LEGEND, QUERY_STEP, CREATE_TIME, UPDATE_TIME, PANEL_ID) values (	79	,	 '/api/v1/query?query=sum(jvm_threads_current{job="$job", application=~"$application", instance=~"$instance"})'	,	 ''	,	 ''	,	CURRENT_TIMESTAMP()	,	CURRENT_TIMESTAMP()	,	31	);
INSERT INTO chart_query (C_QUERY_ID, API_QUERY, LEGEND, QUERY_STEP, CREATE_TIME, UPDATE_TIME, PANEL_ID) values (	80	,	 '/api/v1/query?query=avg(rate(jvm_gc_collection_seconds_sum{job="$job", application=~"$application", instance=~"$instance"}[5m]))'	,	 ''	,	 ''	,	CURRENT_TIMESTAMP()	,	CURRENT_TIMESTAMP()	,	32	);
INSERT INTO chart_query (C_QUERY_ID, API_QUERY, LEGEND, QUERY_STEP, CREATE_TIME, UPDATE_TIME, PANEL_ID) values (	81	,	 '/api/v1/query_range?query=jvm_memory_bytes_used{area="heap",job="$job",application=~"$application", instance=~"$instance"}'	,	 'Used'	,	 '15'	,	CURRENT_TIMESTAMP()	,	CURRENT_TIMESTAMP()	,	33	);
INSERT INTO chart_query (C_QUERY_ID, API_QUERY, LEGEND, QUERY_STEP, CREATE_TIME, UPDATE_TIME, PANEL_ID) values (	82	,	 '/api/v1/query_range?query=jvm_memory_bytes_max{area="heap",job="$job",application=~"$application", instance=~"$instance"}'	,	 'Max'	,	 '15'	,	CURRENT_TIMESTAMP()	,	CURRENT_TIMESTAMP()	,	33	);
INSERT INTO chart_query (C_QUERY_ID, API_QUERY, LEGEND, QUERY_STEP, CREATE_TIME, UPDATE_TIME, PANEL_ID) values (	83	,	 '/api/v1/query_range?query=jvm_memory_bytes_used{area="heap",job="$job", application=~"$application", instance=~"$instance"} / jvm_memory_bytes_max{area="$memarea",job="$job", application=~"$application", instance=~"$instance"} >= 0"'	,	 'Used(%)'	,	 '15'	,	CURRENT_TIMESTAMP()	,	CURRENT_TIMESTAMP()	,	33	);
INSERT INTO chart_query (C_QUERY_ID, API_QUERY, LEGEND, QUERY_STEP, CREATE_TIME, UPDATE_TIME, PANEL_ID) values (	84	,	 '/api/v1/query_range?query=jvm_memory_bytes_used{area="nonheap",job="$job",application=~"$application", instance=~"$instance"}'	,	 'Used'	,	 '15'	,	CURRENT_TIMESTAMP()	,	CURRENT_TIMESTAMP()	,	34	);
INSERT INTO chart_query (C_QUERY_ID, API_QUERY, LEGEND, QUERY_STEP, CREATE_TIME, UPDATE_TIME, PANEL_ID) values (	85	,	 '/api/v1/query_range?query=jvm_memory_bytes_max{area="nonheap",job="$job",application=~"$application", instance=~"$instance"}'	,	 'Max'	,	 '15'	,	CURRENT_TIMESTAMP()	,	CURRENT_TIMESTAMP()	,	34	);
INSERT INTO chart_query (C_QUERY_ID, API_QUERY, LEGEND, QUERY_STEP, CREATE_TIME, UPDATE_TIME, PANEL_ID) values (	86	,	 '/api/v1/query_range?query=jvm_memory_bytes_used{area="nonheap",job="$job", application=~"$application", instance=~"$instance"} / jvm_memory_bytes_max{area="$memarea",job="$job", application=~"$application", instance=~"$instance"} >= 0'	,	 'Used(%)'	,	 '15'	,	CURRENT_TIMESTAMP()	,	CURRENT_TIMESTAMP()	,	34	);
INSERT INTO chart_query (C_QUERY_ID, API_QUERY, LEGEND, QUERY_STEP, CREATE_TIME, UPDATE_TIME, PANEL_ID) values (	87	,	 '/api/v1/query_range?query=jvm_memory_pool_bytes_max{pool="Eden Space", job="$job", application=~"$application", instance=~"$instance"}'	,	 'Max'	,	 '15'	,	CURRENT_TIMESTAMP()	,	CURRENT_TIMESTAMP()	,	35	);
INSERT INTO chart_query (C_QUERY_ID, API_QUERY, LEGEND, QUERY_STEP, CREATE_TIME, UPDATE_TIME, PANEL_ID) values (	88	,	 '/api/v1/query_range?query=jvm_memory_pool_bytes_used{pool="Eden Space",job="$job", application=~"$application", instance=~"$instance"}'	,	 'Used'	,	 '15'	,	CURRENT_TIMESTAMP()	,	CURRENT_TIMESTAMP()	,	35	);
INSERT INTO chart_query (C_QUERY_ID, API_QUERY, LEGEND, QUERY_STEP, CREATE_TIME, UPDATE_TIME, PANEL_ID) values (	89	,	 '/api/v1/query_range?query=jvm_memory_pool_bytes_committed{pool="Eden Space",job="$job", application=~"$application", instance=~"$instance"}'	,	 'Commited'	,	 '15'	,	CURRENT_TIMESTAMP()	,	CURRENT_TIMESTAMP()	,	35	);
INSERT INTO chart_query (C_QUERY_ID, API_QUERY, LEGEND, QUERY_STEP, CREATE_TIME, UPDATE_TIME, PANEL_ID) values (	90	,	 '/api/v1/query_range?query=jvm_memory_pool_bytes_max{pool="Tenured Gen", job="$job", application=~"$application", instance=~"$instance"}'	,	 'Max'	,	 '15'	,	CURRENT_TIMESTAMP()	,	CURRENT_TIMESTAMP()	,	36	);
INSERT INTO chart_query (C_QUERY_ID, API_QUERY, LEGEND, QUERY_STEP, CREATE_TIME, UPDATE_TIME, PANEL_ID) values (	91	,	 '/api/v1/query_range?query=jvm_memory_pool_bytes_used{pool="Tenured Gen",job="$job", application=~"$application", instance=~"$instance"}'	,	 'Used'	,	 '15'	,	CURRENT_TIMESTAMP()	,	CURRENT_TIMESTAMP()	,	36	);
INSERT INTO chart_query (C_QUERY_ID, API_QUERY, LEGEND, QUERY_STEP, CREATE_TIME, UPDATE_TIME, PANEL_ID) values (	92	,	 '/api/v1/query_range?query=jvm_memory_pool_bytes_committed{pool="Tenured Gen",job="$job", application=~"$application", instance=~"$instance"}'	,	 'Commited'	,	 '15'	,	CURRENT_TIMESTAMP()	,	CURRENT_TIMESTAMP()	,	36	);
INSERT INTO chart_query (C_QUERY_ID, API_QUERY, LEGEND, QUERY_STEP, CREATE_TIME, UPDATE_TIME, PANEL_ID) values (	93	,	 '/api/v1/query_range?query=jvm_threads_current{job="$job", application=~"$application", instance=~"$instance"}'	,	 'JVM current threads'	,	 '15'	,	CURRENT_TIMESTAMP()	,	CURRENT_TIMESTAMP()	,	37	);
INSERT INTO chart_query (C_QUERY_ID, API_QUERY, LEGEND, QUERY_STEP, CREATE_TIME, UPDATE_TIME, PANEL_ID) values (	94	,	 '/api/v1/query_range?query=jvm_threads_daemon{job="$job", application=~"$application", instance=~"$instance"}'	,	 'JVM daemon threads'	,	 '15'	,	CURRENT_TIMESTAMP()	,	CURRENT_TIMESTAMP()	,	37	);
INSERT INTO chart_query (C_QUERY_ID, API_QUERY, LEGEND, QUERY_STEP, CREATE_TIME, UPDATE_TIME, PANEL_ID) values (	95	,	 '/api/v1/query_range?query=jvm_threads_deadlocked{job="$job", application=~"$application", instance=~"$instance"}'	,	 'JVM deadlock threads'	,	 '15'	,	CURRENT_TIMESTAMP()	,	CURRENT_TIMESTAMP()	,	37	);
INSERT INTO chart_query (C_QUERY_ID, API_QUERY, LEGEND, QUERY_STEP, CREATE_TIME, UPDATE_TIME, PANEL_ID) values (	96	,	 '/api/v1/query_range?query=increase(jvm_gc_collection_seconds_count{job="$job", application=~"$application", instance=~"$instance"}[$__interval])'	,	 'loaded'	,	 '15'	,	CURRENT_TIMESTAMP()	,	CURRENT_TIMESTAMP()	,	38	);
INSERT INTO chart_query (C_QUERY_ID, API_QUERY, LEGEND, QUERY_STEP, CREATE_TIME, UPDATE_TIME, PANEL_ID) values (	97	,	 '/api/v1/query_range?query=increase(jvm_gc_collection_seconds_sum{job="$job", application=~"$application", instance=~"$instance"}[$__interval])'	,	 '{{gc}}'	,	 '15'	,	CURRENT_TIMESTAMP()	,	CURRENT_TIMESTAMP()	,	39	);
INSERT INTO chart_query (C_QUERY_ID, API_QUERY, LEGEND, QUERY_STEP, CREATE_TIME, UPDATE_TIME, PANEL_ID) values (	98	,	 '/api/v1/query_range?query=jvm_classes_loaded{job="$job", application=~"$application", instance=~"$instance"}'	,	 '{{application}-{instance}}'	,	 '15'	,	CURRENT_TIMESTAMP()	,	CURRENT_TIMESTAMP()	,	40	);
INSERT INTO chart_query (C_QUERY_ID, API_QUERY, LEGEND, QUERY_STEP, CREATE_TIME, UPDATE_TIME, PANEL_ID) values (	99	,	 '/api/v1/query?query=time() - process_start_time_seconds{job="$job",instance="$instance"}'	,	 ''	,	 ''	,	CURRENT_TIMESTAMP()	,	CURRENT_TIMESTAMP()	,	41	);
INSERT INTO chart_query (C_QUERY_ID, API_QUERY, LEGEND, QUERY_STEP, CREATE_TIME, UPDATE_TIME, PANEL_ID) values (	100	,	 '/api/v1/query?query=process_start_time_seconds{job="$job",instance="$instance"}*1000'	,	 ''	,	 ''	,	CURRENT_TIMESTAMP()	,	CURRENT_TIMESTAMP()	,	42	);
INSERT INTO chart_query (C_QUERY_ID, API_QUERY, LEGEND, QUERY_STEP, CREATE_TIME, UPDATE_TIME, PANEL_ID) values (	101	,	 '/api/v1/query_range?query=(sum(jvm_memory_bytes_used{area="heap",application=~"$application", instance=~"$instance"})*100) / sum(jvm_memory_bytes_max{area="heap", application=~"$application", instance=~"$instance"})'	,	 ''	,	 '15'	,	CURRENT_TIMESTAMP()	,	CURRENT_TIMESTAMP()	,	43	);
INSERT INTO chart_query (C_QUERY_ID, API_QUERY, LEGEND, QUERY_STEP, CREATE_TIME, UPDATE_TIME, PANEL_ID) values (	102	,	 '/api/v1/query?query=jvm_info{application=~"$application", instance=~"$instance"}'	,	 ''	,	 ''	,	CURRENT_TIMESTAMP()	,	CURRENT_TIMESTAMP()	,	44	);
INSERT INTO chart_query (C_QUERY_ID, API_QUERY, LEGEND, QUERY_STEP, CREATE_TIME, UPDATE_TIME, PANEL_ID) values (	103	,	 '/api/v1/query_range?query=os_system_cpu_load{job="$job", application=~"$application", instance=~"$instance"}'	,	 'System'	,	 '15'	,	CURRENT_TIMESTAMP()	,	CURRENT_TIMESTAMP()	,	45	);
INSERT INTO chart_query (C_QUERY_ID, API_QUERY, LEGEND, QUERY_STEP, CREATE_TIME, UPDATE_TIME, PANEL_ID) values (	104	,	 '/api/v1/query_range?query=os_process_cpu_load{job="$job", application=~"$application", instance=~"$instance"}'	,	 'JVM'	,	 '15'	,	CURRENT_TIMESTAMP()	,	CURRENT_TIMESTAMP()	,	45	);
INSERT INTO chart_query (C_QUERY_ID, API_QUERY, LEGEND, QUERY_STEP, CREATE_TIME, UPDATE_TIME, PANEL_ID) values (	105	,	 ''	,	 'Request'	,	 '15'	,	CURRENT_TIMESTAMP()	,	CURRENT_TIMESTAMP()	,	46	);
INSERT INTO chart_query (C_QUERY_ID, API_QUERY, LEGEND, QUERY_STEP, CREATE_TIME, UPDATE_TIME, PANEL_ID) values (	106	,	 '/api/v1/query_range?query=jvm_memory_bytes_used{area="heap",job="$job",application=~"$application", instance=~"$instance"}'	,	 'Used'	,	 '15'	,	CURRENT_TIMESTAMP()	,	CURRENT_TIMESTAMP()	,	33	);
INSERT INTO chart_query (C_QUERY_ID, API_QUERY, LEGEND, QUERY_STEP, CREATE_TIME, UPDATE_TIME, PANEL_ID) values (	107	,	 '/api/v1/query_range?query=jvm_memory_bytes_max{area="heap",job="$job",application=~"$application", instance=~"$instance"}'	,	 'Max'	,	 '15'	,	CURRENT_TIMESTAMP()	,	CURRENT_TIMESTAMP()	,	33	);
INSERT INTO chart_query (C_QUERY_ID, API_QUERY, LEGEND, QUERY_STEP, CREATE_TIME, UPDATE_TIME, PANEL_ID) values (	108	,	 '/api/v1/query_range?query=jvm_memory_bytes_used{area="heap",job="$job", application=~"$application", instance=~"$instance"} / jvm_memory_bytes_max{area="$memarea",job="$job", application=~"$application", instance=~"$instance"} >= 0"'	,	 'Used(%)'	,	 '15'	,	CURRENT_TIMESTAMP()	,	CURRENT_TIMESTAMP()	,	33	);
INSERT INTO chart_query (C_QUERY_ID, API_QUERY, LEGEND, QUERY_STEP, CREATE_TIME, UPDATE_TIME, PANEL_ID) values (	109	,	 '/api/v1/query_range?query=jvm_memory_bytes_used{area="nonheap",job="$job",application=~"$application", instance=~"$instance"}'	,	 'Used'	,	 '15'	,	CURRENT_TIMESTAMP()	,	CURRENT_TIMESTAMP()	,	34	);
INSERT INTO chart_query (C_QUERY_ID, API_QUERY, LEGEND, QUERY_STEP, CREATE_TIME, UPDATE_TIME, PANEL_ID) values (	110	,	 '/api/v1/query_range?query=jvm_memory_bytes_max{area="nonheap",job="$job",application=~"$application", instance=~"$instance"}'	,	 'Max'	,	 '15'	,	CURRENT_TIMESTAMP()	,	CURRENT_TIMESTAMP()	,	34	);
INSERT INTO chart_query (C_QUERY_ID, API_QUERY, LEGEND, QUERY_STEP, CREATE_TIME, UPDATE_TIME, PANEL_ID) values (	111	,	 '/api/v1/query_range?query=jvm_memory_bytes_used{area="nonheap",job="$job", application=~"$application", instance=~"$instance"} / jvm_memory_bytes_max{area="$memarea",job="$job", application=~"$application", instance=~"$instance"} >= 0'	,	 'Used(%)'	,	 '15'	,	CURRENT_TIMESTAMP()	,	CURRENT_TIMESTAMP()	,	34	);
INSERT INTO chart_query (C_QUERY_ID, API_QUERY, LEGEND, QUERY_STEP, CREATE_TIME, UPDATE_TIME, PANEL_ID) values (	112	,	 '/api/v1/query_range?query=jvm_memory_pool_bytes_max{pool="Eden Space", job="$job", application=~"$application", instance=~"$instance"}'	,	 'Max'	,	 '15'	,	CURRENT_TIMESTAMP()	,	CURRENT_TIMESTAMP()	,	35	);
INSERT INTO chart_query (C_QUERY_ID, API_QUERY, LEGEND, QUERY_STEP, CREATE_TIME, UPDATE_TIME, PANEL_ID) values (	113	,	 '/api/v1/query_range?query=jvm_memory_pool_bytes_used{pool="Eden Space",job="$job", application=~"$application", instance=~"$instance"}'	,	 'Used'	,	 '15'	,	CURRENT_TIMESTAMP()	,	CURRENT_TIMESTAMP()	,	35	);
INSERT INTO chart_query (C_QUERY_ID, API_QUERY, LEGEND, QUERY_STEP, CREATE_TIME, UPDATE_TIME, PANEL_ID) values (	114	,	 '/api/v1/query_range?query=jvm_memory_pool_bytes_committed{pool="Eden Space",job="$job", application=~"$application", instance=~"$instance"}'	,	 'Commited'	,	 '15'	,	CURRENT_TIMESTAMP()	,	CURRENT_TIMESTAMP()	,	35	);
INSERT INTO chart_query (C_QUERY_ID, API_QUERY, LEGEND, QUERY_STEP, CREATE_TIME, UPDATE_TIME, PANEL_ID) values (	115	,	 '/api/v1/query_range?query=jvm_memory_pool_bytes_max{pool="Tenured Gen", job="$job", application=~"$application", instance=~"$instance"}'	,	 'Max'	,	 '15'	,	CURRENT_TIMESTAMP()	,	CURRENT_TIMESTAMP()	,	36	);
INSERT INTO chart_query (C_QUERY_ID, API_QUERY, LEGEND, QUERY_STEP, CREATE_TIME, UPDATE_TIME, PANEL_ID) values (	116	,	 '/api/v1/query_range?query=jvm_memory_pool_bytes_used{pool="Tenured Gen",job="$job", application=~"$application", instance=~"$instance"}'	,	 'Used'	,	 '15'	,	CURRENT_TIMESTAMP()	,	CURRENT_TIMESTAMP()	,	36	);
INSERT INTO chart_query (C_QUERY_ID, API_QUERY, LEGEND, QUERY_STEP, CREATE_TIME, UPDATE_TIME, PANEL_ID) values (	117	,	 '/api/v1/query_range?query=jvm_memory_pool_bytes_committed{pool="Tenured Gen",job="$job", application=~"$application", instance=~"$instance"}'	,	 'Commited'	,	 '15'	,	CURRENT_TIMESTAMP()	,	CURRENT_TIMESTAMP()	,	36	);
INSERT INTO chart_query (C_QUERY_ID, API_QUERY, LEGEND, QUERY_STEP, CREATE_TIME, UPDATE_TIME, PANEL_ID) values (	118	,	 '/api/v1/query_range?query=jvm_threads_current{job="$job", application=~"$application", instance=~"$instance"}'	,	 'JVM current threads'	,	 '15'	,	CURRENT_TIMESTAMP()	,	CURRENT_TIMESTAMP()	,	37	);
INSERT INTO chart_query (C_QUERY_ID, API_QUERY, LEGEND, QUERY_STEP, CREATE_TIME, UPDATE_TIME, PANEL_ID) values (	119	,	 '/api/v1/query_range?query=jvm_threads_daemon{job="$job", application=~"$application", instance=~"$instance"}'	,	 'JVM daemon threads'	,	 '15'	,	CURRENT_TIMESTAMP()	,	CURRENT_TIMESTAMP()	,	37	);
INSERT INTO chart_query (C_QUERY_ID, API_QUERY, LEGEND, QUERY_STEP, CREATE_TIME, UPDATE_TIME, PANEL_ID) values (	120	,	 '/api/v1/query_range?query=jvm_threads_deadlocked{job="$job", application=~"$application", instance=~"$instance"}'	,	 'JVM deadlock threads'	,	 '15'	,	CURRENT_TIMESTAMP()	,	CURRENT_TIMESTAMP()	,	37	);
INSERT INTO chart_query (C_QUERY_ID, API_QUERY, LEGEND, QUERY_STEP, CREATE_TIME, UPDATE_TIME, PANEL_ID) values (	121	,	 '/api/v1/query_range?query=jvm_classes_loaded{job="$job", application=~"$application", instance=~"$instance"}'	,	 'loaded'	,	 '15'	,	CURRENT_TIMESTAMP()	,	CURRENT_TIMESTAMP()	,	40	);
INSERT INTO chart_query (C_QUERY_ID, API_QUERY, LEGEND, QUERY_STEP, CREATE_TIME, UPDATE_TIME, PANEL_ID) values (	122	,	 '/api/v1/query_range?query=increase(jvm_gc_collection_seconds_count{job="$job", application=~"$application", instance=~"$instance"}[$__interval])'	,	 '{{gc}}'	,	 '15'	,	CURRENT_TIMESTAMP()	,	CURRENT_TIMESTAMP()	,	38	);
INSERT INTO chart_query (C_QUERY_ID, API_QUERY, LEGEND, QUERY_STEP, CREATE_TIME, UPDATE_TIME, PANEL_ID) values (	123	,	 '/api/v1/query_range?query=increase(jvm_gc_collection_seconds_sum{job="$job", application=~"$application", instance=~"$instance"}[$__interval])'	,	 '{{gc}}'	,	 '15'	,	CURRENT_TIMESTAMP()	,	CURRENT_TIMESTAMP()	,	39	);
INSERT INTO chart_query (C_QUERY_ID, API_QUERY, LEGEND, QUERY_STEP, CREATE_TIME, UPDATE_TIME, PANEL_ID) values (	124	,	 '/api/v1/query?query=node_uname_info{instance=~"$instance.*"}'	,	 ''	,	 ''	,	CURRENT_TIMESTAMP()	,	CURRENT_TIMESTAMP()	,	55	);
INSERT INTO chart_query (C_QUERY_ID, API_QUERY, LEGEND, QUERY_STEP, CREATE_TIME, UPDATE_TIME, PANEL_ID) values (	125	,	 '/api/v1/query_range?query=(((count(count(node_cpu_seconds_total{node=~"$Host"}) by (cpu))) - avg(sum by (mode)(irate(node_cpu_seconds_total{mode="idle",node=~"$Host"}[5m])))) * 100) / count(count(node_cpu_seconds_total{node=~"$Host"}) by (cpu))'	,	 ''	,	 '900'	,	CURRENT_TIMESTAMP()	,	CURRENT_TIMESTAMP()	,	56	);
INSERT INTO chart_query (C_QUERY_ID, API_QUERY, LEGEND, QUERY_STEP, CREATE_TIME, UPDATE_TIME, PANEL_ID) values (	126	,	 '/api/v1/query_range?query=((node_memory_MemTotal_bytes{node=~"$Host"} - node_memory_MemFree_bytes{node=~"$Host"}) / (node_memory_MemTotal_bytes{node=~"$Host"} )) * 100"'	,	 ''	,	 '900'	,	CURRENT_TIMESTAMP()	,	CURRENT_TIMESTAMP()	,	57	);
INSERT INTO chart_query (C_QUERY_ID, API_QUERY, LEGEND, QUERY_STEP, CREATE_TIME, UPDATE_TIME, PANEL_ID) values (	127	,	 '/api/v1/query_range?query=100 - ((node_memory_MemAvailable_bytes{node=~"$Host"} * 100) / node_memory_MemTotal_bytes{node=~"$Host"})'	,	 ''	,	 '900'	,	CURRENT_TIMESTAMP()	,	CURRENT_TIMESTAMP()	,	57	);
INSERT INTO chart_query (C_QUERY_ID, API_QUERY, LEGEND, QUERY_STEP, CREATE_TIME, UPDATE_TIME, PANEL_ID) values (	128	,	 '/api/v1/query_range?query=(sum(node_filesystem_size_bytes{device!~"rootfs|HarddiskVolume.+",node=~"$Host"})-sum(node_filesystem_free_bytes{device!~"rootfs|HarddiskVolume.+",node=~"$Host"})) / sum(node_filesystem_size_bytes{device!~"rootfs|HarddiskVolume.+",node=~"$Host"}) * 100'	,	 ''	,	 '900'	,	CURRENT_TIMESTAMP()	,	CURRENT_TIMESTAMP()	,	58	);
INSERT INTO chart_query (C_QUERY_ID, API_QUERY, LEGEND, QUERY_STEP, CREATE_TIME, UPDATE_TIME, PANEL_ID) values (	129	,	 '/api/v1/query_range?query=oracledb_activity_execute_count{instance="$host"}'	,	 ''	,	 '60'	,	CURRENT_TIMESTAMP()	,	CURRENT_TIMESTAMP()	,	59	);
INSERT INTO chart_query (C_QUERY_ID, API_QUERY, LEGEND, QUERY_STEP, CREATE_TIME, UPDATE_TIME, PANEL_ID) values (	130	,	 '/api/v1/query_range?query=oracledb_activity_user_commits{instance="$host"}'	,	 ''	,	 '60'	,	CURRENT_TIMESTAMP()	,	CURRENT_TIMESTAMP()	,	60	);
INSERT INTO chart_query (C_QUERY_ID, API_QUERY, LEGEND, QUERY_STEP, CREATE_TIME, UPDATE_TIME, PANEL_ID) values (	131	,	 '/api/v1/query_range?query=oracledb_sessions_value{status="ACTIVE",type="USER"}'	,	 ''	,	 '60'	,	CURRENT_TIMESTAMP()	,	CURRENT_TIMESTAMP()	,	61	);
INSERT INTO chart_query (C_QUERY_ID, API_QUERY, LEGEND, QUERY_STEP, CREATE_TIME, UPDATE_TIME, PANEL_ID) values (	132	,	 '/api/v1/query_range?query=oracledb_process_count{instance="$host"}'	,	 '{{descr}} - Process count'	,	 '60'	,	CURRENT_TIMESTAMP()	,	CURRENT_TIMESTAMP()	,	62	);
INSERT INTO chart_query (C_QUERY_ID, API_QUERY, LEGEND, QUERY_STEP, CREATE_TIME, UPDATE_TIME, PANEL_ID) values (	133	,	 '/api/v1/query_range?query=oracledb_activity_user_rollbacks{instance="$host"}'	,	 '{{descr}} - User rollback'	,	 '60'	,	CURRENT_TIMESTAMP()	,	CURRENT_TIMESTAMP()	,	63	);
INSERT INTO chart_query (C_QUERY_ID, API_QUERY, LEGEND, QUERY_STEP, CREATE_TIME, UPDATE_TIME, PANEL_ID) values (	134	,	 '/api/v1/query_range?query=oracledb_wait_time_concurrency{instance="$host"}'	,	 '{{descr}} - Concurrent wait time'	,	 '60'	,	CURRENT_TIMESTAMP()	,	CURRENT_TIMESTAMP()	,	64	);
INSERT INTO chart_query (C_QUERY_ID, API_QUERY, LEGEND, QUERY_STEP, CREATE_TIME, UPDATE_TIME, PANEL_ID) values (	135	,	 '/api/v1/query_range?query=oracledb_wait_time_commit{instance="$host"}'	,	 '{{descr}} - commit'	,	 '60'	,	CURRENT_TIMESTAMP()	,	CURRENT_TIMESTAMP()	,	65	);
INSERT INTO chart_query (C_QUERY_ID, API_QUERY, LEGEND, QUERY_STEP, CREATE_TIME, UPDATE_TIME, PANEL_ID) values (	136	,	 '/api/v1/query_range?query=oracledb_wait_time_application{instance="$host"}'	,	 '{{descr}} - Application waiting'	,	 '60'	,	CURRENT_TIMESTAMP()	,	CURRENT_TIMESTAMP()	,	66	);
INSERT INTO chart_query (C_QUERY_ID, API_QUERY, LEGEND, QUERY_STEP, CREATE_TIME, UPDATE_TIME, PANEL_ID) values (	137	,	 '/api/v1/query_range?query=oracledb_wait_time_network{instance="$host"}'	,	 '{{descr}} - Network waiting'	,	 '60'	,	CURRENT_TIMESTAMP()	,	CURRENT_TIMESTAMP()	,	67	);
INSERT INTO chart_query (C_QUERY_ID, API_QUERY, LEGEND, QUERY_STEP, CREATE_TIME, UPDATE_TIME, PANEL_ID) values (	138	,	 '/api/v1/query_range?query=oracledb_wait_time_system_io{instance="$host"}'	,	 '{{descr}} - System I/O waiting'	,	 '60'	,	CURRENT_TIMESTAMP()	,	CURRENT_TIMESTAMP()	,	68	);
INSERT INTO chart_query (C_QUERY_ID, API_QUERY, LEGEND, QUERY_STEP, CREATE_TIME, UPDATE_TIME, PANEL_ID) values (	139	,	 '/api/v1/query_range?query=oracledb_wait_time_user_io{instance="$host"}'	,	 '{{descr}} - User I/O waiting'	,	 '60'	,	CURRENT_TIMESTAMP()	,	CURRENT_TIMESTAMP()	,	69	);
INSERT INTO chart_query (C_QUERY_ID, API_QUERY, LEGEND, QUERY_STEP, CREATE_TIME, UPDATE_TIME, PANEL_ID) values (	140	,	 '/api/v1/query_range?query=oracledb_wait_time_configuration{instance="$host"}'	,	 '{{descr}} - Configure wait time'	,	 '60'	,	CURRENT_TIMESTAMP()	,	CURRENT_TIMESTAMP()	,	70	);
INSERT INTO chart_query (C_QUERY_ID, API_QUERY, LEGEND, QUERY_STEP, CREATE_TIME, UPDATE_TIME, PANEL_ID) values (	141	,	 '/api/v1/query_range?query=oracledb_wait_time_scheduler{instance="$host"}'	,	 '{{descr}} - Scheduler  waiting time'	,	 '60'	,	CURRENT_TIMESTAMP()	,	CURRENT_TIMESTAMP()	,	71	);
INSERT INTO chart_query (C_QUERY_ID, API_QUERY, LEGEND, QUERY_STEP, CREATE_TIME, UPDATE_TIME, PANEL_ID) values (	142	,	 '/api/v1/query_range?query=oracledb_resource_current_utilization{instance="$host"}'	,	 'Resource utilization - {{resource_name}}'	,	 '60'	,	CURRENT_TIMESTAMP()	,	CURRENT_TIMESTAMP()	,	72	);
INSERT INTO chart_query (C_QUERY_ID, API_QUERY, LEGEND, QUERY_STEP, CREATE_TIME, UPDATE_TIME, PANEL_ID) values (	143	,	 '/api/v1/query?query=1-(oracledb_tablespace_free{instance="$host"}/oracledb_tablespace_max_bytes{instance="$host"})'	,	 ''	,	 '60'	,	CURRENT_TIMESTAMP()	,	CURRENT_TIMESTAMP()	,	73	);
INSERT INTO chart_query (C_QUERY_ID, API_QUERY, LEGEND, QUERY_STEP, CREATE_TIME, UPDATE_TIME, PANEL_ID) values (	144	,	 '/api/v1/query?query=oracledb_tablespace_free{instance="$host"}'	,	 ''	,	 '60'	,	CURRENT_TIMESTAMP()	,	CURRENT_TIMESTAMP()	,	73	);

INSERT INTO page_variable (VARIABLE_ID, NAME, SORT_ORDER, EDGE_FIELDS, VARIABLE_TYPE, REFRESH_INTERVAL, HIDDEN_YN, JOB_NAME, API_QUERY,  CREATE_TIME, UPDATE_TIME, PAGE_ID) values (	1	,	 'node'	,	1	,	 ''	,	 'metric_label_values'	,	 '10s'	,	 'N'	,	 'external-node-metrics'	,	 '/api/v1/query?query=count(node_uname_info{job=~"$job"}) by (instance)'	,	CURRENT_TIMESTAMP()	,	CURRENT_TIMESTAMP()	,	1	);
INSERT INTO page_variable (VARIABLE_ID, NAME, SORT_ORDER, EDGE_FIELDS, VARIABLE_TYPE, REFRESH_INTERVAL, HIDDEN_YN, JOB_NAME, API_QUERY,  CREATE_TIME, UPDATE_TIME, PAGE_ID) values (	2	,	 'name'	,	2	,	 ''	,	 'metric_label_values'	,	 '10s'	,	 'Y'	,	 'external-node-metrics'	,	 '/api/v1/query?query=count(node_uname_info) by (nodename)'	,	CURRENT_TIMESTAMP()	,	CURRENT_TIMESTAMP()	,	1	);
INSERT INTO page_variable (VARIABLE_ID, NAME, SORT_ORDER, EDGE_FIELDS, VARIABLE_TYPE, REFRESH_INTERVAL, HIDDEN_YN, JOB_NAME, API_QUERY,  CREATE_TIME, UPDATE_TIME, PAGE_ID) values (	3	,	 'port'	,	3	,	 ''	,	 'metric_label_values'	,	 '10s'	,	 'Y'	,	 'external-node-metrics'	,	 '/api/v1/query?query=label_replace(count(node_uname_info{job=~"job"}) by (instance), "Port", "$1", "instance" ,".*:(.*)")'	,	CURRENT_TIMESTAMP()	,	CURRENT_TIMESTAMP()	,	1	);
INSERT INTO page_variable (VARIABLE_ID, NAME, SORT_ORDER, EDGE_FIELDS, VARIABLE_TYPE, REFRESH_INTERVAL, HIDDEN_YN, JOB_NAME, API_QUERY,  CREATE_TIME, UPDATE_TIME, PAGE_ID) values (	4	,	 'host'	,	4	,	 ''	,	 'metric_label_values'	,	 '10s'	,	 'Y'	,	 'process-metrics'	,	 '/api/v1/query?query=count(namedprocess_namegroup_num_procs) by (instance)'	,	CURRENT_TIMESTAMP()	,	CURRENT_TIMESTAMP()	,	1	);
INSERT INTO page_variable (VARIABLE_ID, NAME, SORT_ORDER, EDGE_FIELDS, VARIABLE_TYPE, REFRESH_INTERVAL, HIDDEN_YN, JOB_NAME, API_QUERY,  CREATE_TIME, UPDATE_TIME, PAGE_ID) values (	5	,	 'processes'	,	5	,	 ''	,	 'metric_label_values'	,	 '10s'	,	 'Y'	,	 'process-metrics'	,	 '/api/v1/query?query=count(namedprocess_namegroup_cpu_seconds_total{instance=~"$Node"}) by (groupname)'	,	CURRENT_TIMESTAMP()	,	CURRENT_TIMESTAMP()	,	1	);
INSERT INTO page_variable (VARIABLE_ID, NAME, SORT_ORDER, EDGE_FIELDS, VARIABLE_TYPE, REFRESH_INTERVAL, HIDDEN_YN, JOB_NAME, API_QUERY,  CREATE_TIME, UPDATE_TIME, PAGE_ID) values (	6	,	 'node'	,	1	,	 ''	,	 'metric_label_values'	,	 '10s'	,	 'N'	,	 'external-node-metrics'	,	 '/api/v1/query?query=count(node_uname_info{job=~"$job"}) by (instance)'	,	CURRENT_TIMESTAMP()	,	CURRENT_TIMESTAMP()	,	2	);
INSERT INTO page_variable (VARIABLE_ID, NAME, SORT_ORDER, EDGE_FIELDS, VARIABLE_TYPE, REFRESH_INTERVAL, HIDDEN_YN, JOB_NAME, API_QUERY,  CREATE_TIME, UPDATE_TIME, PAGE_ID) values (	7	,	 'name'	,	2	,	 ''	,	 'metric_label_values'	,	 '10s'	,	 'Y'	,	 'external-node-metrics'	,	 '/api/v1/query?query=count(node_uname_info) by (nodename)'	,	CURRENT_TIMESTAMP()	,	CURRENT_TIMESTAMP()	,	2	);
INSERT INTO page_variable (VARIABLE_ID, NAME, SORT_ORDER, EDGE_FIELDS, VARIABLE_TYPE, REFRESH_INTERVAL, HIDDEN_YN, JOB_NAME, API_QUERY,  CREATE_TIME, UPDATE_TIME, PAGE_ID) values (	8	,	 'port'	,	3	,	 ''	,	 'metric_label_values'	,	 '10s'	,	 'Y'	,	 'external-node-metrics'	,	 '/api/v1/query?query=label_replace(count(node_uname_info{job=~"job"}) by (instance), "Port", "$1", "instance" ,".*:(.*)")'	,	CURRENT_TIMESTAMP()	,	CURRENT_TIMESTAMP()	,	2	);
INSERT INTO page_variable (VARIABLE_ID, NAME, SORT_ORDER, EDGE_FIELDS, VARIABLE_TYPE, REFRESH_INTERVAL, HIDDEN_YN, JOB_NAME, API_QUERY,  CREATE_TIME, UPDATE_TIME, PAGE_ID) values (	9	,	 'host'	,	4	,	 ''	,	 'metric_label_values'	,	 '10s'	,	 'Y'	,	 'process-metrics'	,	 '/api/v1/query?query=count(namedprocess_namegroup_num_procs) by (instance)'	,	CURRENT_TIMESTAMP()	,	CURRENT_TIMESTAMP()	,	2	);
INSERT INTO page_variable (VARIABLE_ID, NAME, SORT_ORDER, EDGE_FIELDS, VARIABLE_TYPE, REFRESH_INTERVAL, HIDDEN_YN, JOB_NAME, API_QUERY,  CREATE_TIME, UPDATE_TIME, PAGE_ID) values (	10	,	 'processes'	,	5	,	 ''	,	 'metric_label_values'	,	 '10s'	,	 'Y'	,	 'process-metrics'	,	 '/api/v1/query?query=count(namedprocess_namegroup_cpu_seconds_total{instance=~"$Node"}) by (groupname)'	,	CURRENT_TIMESTAMP()	,	CURRENT_TIMESTAMP()	,	2	);
INSERT INTO page_variable (VARIABLE_ID, NAME, SORT_ORDER, EDGE_FIELDS, VARIABLE_TYPE, REFRESH_INTERVAL, HIDDEN_YN, JOB_NAME, API_QUERY,  CREATE_TIME, UPDATE_TIME, PAGE_ID) values (	11	,	 'instance'	,	1	,	 ''	,	 'metric_label_values'	,	 '10s'	,	 'N'	,	 'jmx-metrics'	,	 '/api/v1/query?query=jvm_info{job="$job"}'	,	CURRENT_TIMESTAMP()	,	CURRENT_TIMESTAMP()	,	3	);
INSERT INTO page_variable (VARIABLE_ID, NAME, SORT_ORDER, EDGE_FIELDS, VARIABLE_TYPE, REFRESH_INTERVAL, HIDDEN_YN, JOB_NAME, API_QUERY,  CREATE_TIME, UPDATE_TIME, PAGE_ID) values (	12	,	 'mempool'	,	2	,	 ''	,	 'metric_label_values'	,	 '10s'	,	 'Y'	,	 'jmx-metrics'	,	 '/api/v1/query?query=jvm_memory_pool_bytes_max{job="$job", instance="$instance"}'	,	CURRENT_TIMESTAMP()	,	CURRENT_TIMESTAMP()	,	3	);
INSERT INTO page_variable (VARIABLE_ID, NAME, SORT_ORDER, EDGE_FIELDS, VARIABLE_TYPE, REFRESH_INTERVAL, HIDDEN_YN, JOB_NAME, API_QUERY,  CREATE_TIME, UPDATE_TIME, PAGE_ID) values (	13	,	 'memarea'	,	3	,	 ''	,	 'metric_label_values'	,	 '10s'	,	 'Y'	,	 'jmx-metrics'	,	 '/api/v1/query?query=jvm_memory_bytes_used{job="$job", instance="$instance"}'	,	CURRENT_TIMESTAMP()	,	CURRENT_TIMESTAMP()	,	3	);
INSERT INTO page_variable (VARIABLE_ID, NAME, SORT_ORDER, EDGE_FIELDS, VARIABLE_TYPE, REFRESH_INTERVAL, HIDDEN_YN, JOB_NAME, API_QUERY,  CREATE_TIME, UPDATE_TIME, PAGE_ID) values (	14	,	 'instance'	,	1	,	 ''	,	 'metric_label_values'	,	 '10s'	,	 'N'	,	 'jmx-metrics'	,	 '/api/v1/query?query=jvm_info{job="$job"}'	,	CURRENT_TIMESTAMP()	,	CURRENT_TIMESTAMP()	,	4	);
INSERT INTO page_variable (VARIABLE_ID, NAME, SORT_ORDER, EDGE_FIELDS, VARIABLE_TYPE, REFRESH_INTERVAL, HIDDEN_YN, JOB_NAME, API_QUERY,  CREATE_TIME, UPDATE_TIME, PAGE_ID) values (	15	,	 'mempool'	,	2	,	 ''	,	 'metric_label_values'	,	 '10s'	,	 'Y'	,	 'jmx-metrics'	,	 '/api/v1/query?query=jvm_memory_pool_bytes_max{job="$job", instance="$instance"}'	,	CURRENT_TIMESTAMP()	,	CURRENT_TIMESTAMP()	,	4	);
INSERT INTO page_variable (VARIABLE_ID, NAME, SORT_ORDER, EDGE_FIELDS, VARIABLE_TYPE, REFRESH_INTERVAL, HIDDEN_YN, JOB_NAME, API_QUERY,  CREATE_TIME, UPDATE_TIME, PAGE_ID) values (	16	,	 'memarea'	,	3	,	 ''	,	 'metric_label_values'	,	 '10s'	,	 'Y'	,	 'jmx-metrics'	,	 '/api/v1/query?query=jvm_memory_bytes_used{job="$job", instance="$instance"}'	,	CURRENT_TIMESTAMP()	,	CURRENT_TIMESTAMP()	,	4	);
INSERT INTO page_variable (VARIABLE_ID, NAME, SORT_ORDER, EDGE_FIELDS, VARIABLE_TYPE, REFRESH_INTERVAL, HIDDEN_YN, JOB_NAME, API_QUERY,  CREATE_TIME, UPDATE_TIME, PAGE_ID) values (	17	,	 'dbinstance'	,	1	,	 ''	,	 'metric_label_values'	,	 '10s'	,	 'N'	,	 'oracle-metrics'	,	 '/api/v1/query?query=oracledb_up{job=~"$job"}'	,	CURRENT_TIMESTAMP()	,	CURRENT_TIMESTAMP()	,	5	);
INSERT INTO page_variable (VARIABLE_ID, NAME, SORT_ORDER, EDGE_FIELDS, VARIABLE_TYPE, REFRESH_INTERVAL, HIDDEN_YN, JOB_NAME, API_QUERY,  CREATE_TIME, UPDATE_TIME, PAGE_ID) values (	18	,	 'host'	,	2	,	 ''	,	 'metric_label_values'	,	 '10s'	,	 'Y'	,	 'oracle-metrics'	,	 '/api/v1/query?query=oracledb_up{job=~"$job"}'	,	CURRENT_TIMESTAMP()	,	CURRENT_TIMESTAMP()	,	5	);