CREATE TABLE IF NOT EXISTS  `cluster_pod_usage` (`application` varchar(255) NOT NULL, `namespace` varchar(255) NOT NULL, `pod_count` int unsigned NOT NULL DEFAULT '0', `max_cpu` decimal(27,9) unsigned NOT NULL DEFAULT '0.000000000', `avg_cpu` decimal(27,9) unsigned NOT NULL DEFAULT '0.000000000', `max_memory` decimal(18,0) unsigned NOT NULL DEFAULT '0', `avg_memory` decimal(18,0) unsigned NOT NULL DEFAULT '0', `create_time` timestamp NOT NULL DEFAULT CURRENT_TIMESTAMP, PRIMARY KEY (`application`,`namespace`,`create_time`) ) ENGINE=InnoDB DEFAULT CHARSET=utf8;

INSERT INTO page (PAGE_ID, TITLE, NAV,CREATE_TIME, UPDATE_TIME, MENU_ID) values (	1	,	 'Virtual Machine Overview'	,	 'Home<i class="feather icon-chevron-right" ></i>Dashboard<i class="feather icon-chevron-right" ></i>Cluster Node<i class="feather icon-chevron-right" ></i>Overview'	,	CURRENT_TIMESTAMP()	,	CURRENT_TIMESTAMP()	,	140	);
INSERT INTO page (PAGE_ID, TITLE, NAV,CREATE_TIME, UPDATE_TIME, MENU_ID) values (	2	,	 'Virtual Machine Overview 현황'	,	 'Home<i class="feather icon-chevron-right" ></i>Dashboard<i class="feather icon-chevron-right" ></i>Cluster Node<i class="feather icon-chevron-right" ></i>Detail'	,	CURRENT_TIMESTAMP()	,	CURRENT_TIMESTAMP()	,	141	);
INSERT INTO page (PAGE_ID, TITLE, NAV,CREATE_TIME, UPDATE_TIME, MENU_ID) values (	3	,	 '보험코어 JVM 현황'	,	 'Home<i class="feather icon-chevron-right" ></i>Dashboard<i class="feather icon-chevron-right" ></i>Pod JVM<i class="feather icon-chevron-right" ></i>Overview'	,	CURRENT_TIMESTAMP()	,	CURRENT_TIMESTAMP()	,	120	);
INSERT INTO page (PAGE_ID, TITLE, NAV,CREATE_TIME, UPDATE_TIME, MENU_ID) values (	4	,	 '보험코어 어플리케이션 JVM'	,	 'Home<i class="feather icon-chevron-right" ></i>Dashboard<i class="feather icon-chevron-right" ></i>Pod JVM<i class="feather icon-chevron-right" ></i>Detail'	,	CURRENT_TIMESTAMP()	,	CURRENT_TIMESTAMP()	,	121	);
INSERT INTO page (PAGE_ID, TITLE, NAV,CREATE_TIME, UPDATE_TIME, MENU_ID) values (	5	,	 '보험코어 Database 현황'	,	 'Home<i class="feather icon-chevron-right" ></i>Dashboard<i class="feather icon-chevron-right" ></i>Database'	,	CURRENT_TIMESTAMP()	,	CURRENT_TIMESTAMP()	,	130	);
INSERT INTO page (PAGE_ID, TITLE, NAV,CREATE_TIME, UPDATE_TIME, MENU_ID) values (	6	,	 '보험코어 클러스터 현황'	,	 'Home<i class="feather icon-chevron-right"></i>Dashboard<i class="feather icon-chevron-right"></i>K8s Detail'	,	CURRENT_TIMESTAMP()	,	CURRENT_TIMESTAMP()	,	111	);
INSERT INTO page (PAGE_ID, TITLE, NAV,CREATE_TIME, UPDATE_TIME, MENU_ID) values (	7	,	 '보험코어 클러스터 Nodes'	,	 'Home<i class="feather icon-chevron-right"></i>K8s Cluster<i class="feather icon-chevron-right"></i>Nodes'	,	CURRENT_TIMESTAMP()	,	CURRENT_TIMESTAMP()	,	112	);
INSERT INTO page (PAGE_ID, TITLE, NAV,CREATE_TIME, UPDATE_TIME, MENU_ID) values (	8	,	 '보험코어 클러스터 Workload'	,	 'Home<i class="feather icon-chevron-right"></i>K8s Cluster<i class="feather icon-chevron-right"></i>Workloads<i class="feather icon-chevron-right"></i>Overview'	,	CURRENT_TIMESTAMP()	,	CURRENT_TIMESTAMP()	,	1120	);
INSERT INTO page (PAGE_ID, TITLE, NAV,CREATE_TIME, UPDATE_TIME, MENU_ID) values (	9	,	 '보험코어 클러스터 Pods'	,	 'Home<i class="feather icon-chevron-right"></i>K8s Cluster<i class="feather icon-chevron-right"></i>Workloads<i class="feather icon-chevron-right"></i>Pods'	,	CURRENT_TIMESTAMP()	,	CURRENT_TIMESTAMP()	,	1121	);
INSERT INTO page (PAGE_ID, TITLE, NAV,CREATE_TIME, UPDATE_TIME, MENU_ID) values (	10	,	 '보험코어 클러스터 Deployments'	,	 'Home<i class="feather icon-chevron-right"></i>K8s Cluster<i class="feather icon-chevron-right"></i>Workloads<i class="feather icon-chevron-right"></i>Deployments'	,	CURRENT_TIMESTAMP()	,	CURRENT_TIMESTAMP()	,	1122	);
INSERT INTO page (PAGE_ID, TITLE, NAV,CREATE_TIME, UPDATE_TIME, MENU_ID) values (	11	,	 '보험코어 클러스터 DaemonSets'	,	 'Home<i class="feather icon-chevron-right"></i>K8s Cluster<i class="feather icon-chevron-right"></i>Workloads<i class="feather icon-chevron-right"></i>DaemonSets'	,	CURRENT_TIMESTAMP()	,	CURRENT_TIMESTAMP()	,	1123	);
INSERT INTO page (PAGE_ID, TITLE, NAV,CREATE_TIME, UPDATE_TIME, MENU_ID) values (	12	,	 '보험코어 클러스터 StatefulSets'	,	 'Home<i class="feather icon-chevron-right" ></i>K8s Cluster<i class="feather icon-chevron-right" ></i>Workloads<i class="feather icon-chevron-right"></i>StatefulSets'	,	CURRENT_TIMESTAMP()	,	CURRENT_TIMESTAMP()	,	1124	);
INSERT INTO page (PAGE_ID, TITLE, NAV,CREATE_TIME, UPDATE_TIME, MENU_ID) values (	13	,	 '보험코어 클러스터 Storages'	,	 'Home<i class="feather icon-chevron-right"></i>K8s Cluster<i class="feather icon-chevron-right"></i>Storages'	,	CURRENT_TIMESTAMP()	,	CURRENT_TIMESTAMP()	,	113	);
INSERT INTO page (PAGE_ID, TITLE, NAV,CREATE_TIME, UPDATE_TIME, MENU_ID) values (	14	,	 '보험코어 클라우드 통합'	,	'Home<i class="feather icon-chevron-right"></i>Dashboard<i class="feather icon-chevron-right"></i>Overview'	,	CURRENT_TIMESTAMP()	,	CURRENT_TIMESTAMP()	,	99	);
INSERT INTO page (PAGE_ID, TITLE, NAV,CREATE_TIME, UPDATE_TIME, MENU_ID) values (	15	,	 '보험코어 어플리케이션 현황'	,	 'Home<i class="feather icon-chevron-right" ></i>Dashboard<i class="feather icon-chevron-right" ></i>Application'	,	CURRENT_TIMESTAMP()	,	CURRENT_TIMESTAMP()	,	100	);
INSERT INTO page (PAGE_ID, TITLE, NAV,CREATE_TIME, UPDATE_TIME, MENU_ID) values (	16	,	'보험코어 클라우드 통합 대쉬보드'	,	'Home<i class="feather icon-chevron-right" ></i>Dashboard<i class="feather icon-chevron-right" ></i>Overview'  	,	CURRENT_TIMESTAMP()	,	CURRENT_TIMESTAMP()	,	0	);
INSERT INTO page (PAGE_ID, TITLE, NAV,CREATE_TIME, UPDATE_TIME, MENU_ID) values (	17	,	'보험코어 어플리케이션 Topology'	,	''	,	CURRENT_TIMESTAMP()	,	CURRENT_TIMESTAMP()	,	101	);
INSERT INTO page (PAGE_ID, TITLE, NAV,CREATE_TIME, UPDATE_TIME, MENU_ID) values (	18	,	'보험코어 클러스터 Events'	,	'Home<i class="feather icon-chevron-right"></i>K8s Cluster<i class="feather icon-chevron-right"></i>Events'    	,	CURRENT_TIMESTAMP()	,	CURRENT_TIMESTAMP()	,	114	);
INSERT INTO page (PAGE_ID, TITLE, NAV,CREATE_TIME, UPDATE_TIME, MENU_ID) values (	19	,	'보험코어 Alarm List'	,	'Home<i class="feather icon-chevron-right"></i>Alarms<i class="feather icon-chevron-right"></i>List'    	,	CURRENT_TIMESTAMP()	,	CURRENT_TIMESTAMP()	,	150	);
INSERT INTO page (PAGE_ID, TITLE, NAV,CREATE_TIME, UPDATE_TIME, MENU_ID) values (	20	,	'Alarm 설정 목록'	,	'Home<i class="feather icon-chevron-right"></i>Alarms<i class="feather icon-chevron-right"></i>Config'    	,	CURRENT_TIMESTAMP()	,	CURRENT_TIMESTAMP()	,	500	);
INSERT INTO page (PAGE_ID, TITLE, NAV,CREATE_TIME, UPDATE_TIME, MENU_ID) values (	21	,	'보험코어 어플리케이션 릴리즈 목록'	,	''	,	CURRENT_TIMESTAMP()	,	CURRENT_TIMESTAMP()	,	201	);
INSERT INTO page (PAGE_ID, TITLE, NAV,CREATE_TIME, UPDATE_TIME, MENU_ID) values (	22	,	'보험코어 어플리케이션 사용 현황'	,	'Home<i class="feather icon-chevron-right"></i>Cluster usages'    	,	CURRENT_TIMESTAMP()	,	CURRENT_TIMESTAMP()	,	210	);
INSERT INTO page (PAGE_ID, TITLE, NAV,CREATE_TIME, UPDATE_TIME, MENU_ID) values (	23	,	'클러스터 Configmaps'	,	'Home<i class="feather icon-chevron-right"></i>K8s Cluster<i class="feather icon-chevron-right"></i>Configuration<i class="feather icon-chevron-right"></i>Configmaps'    	,	CURRENT_TIMESTAMP()	,	CURRENT_TIMESTAMP()	,	300	);
INSERT INTO page (PAGE_ID, TITLE, NAV,CREATE_TIME, UPDATE_TIME, MENU_ID) values (	24	,	'클러스터 Resource Quotas'	,	'Home<i class="feather icon-chevron-right"></i>K8s Cluster<i class="feather icon-chevron-right"></i>Configuration<i class="feather icon-chevron-right"></i>Resource Quotas'    	,	CURRENT_TIMESTAMP()	,	CURRENT_TIMESTAMP()	,	302	);
INSERT INTO page (PAGE_ID, TITLE, NAV,CREATE_TIME, UPDATE_TIME, MENU_ID) values (	25	,	'클러스터 HPA'	,	'Home<i class="feather icon-chevron-right"></i>K8s Cluster<i class="feather icon-chevron-right"></i>Configuration<i class="feather icon-chevron-right"></i>HPA'    	,	CURRENT_TIMESTAMP()	,	CURRENT_TIMESTAMP()	,	303	);
INSERT INTO page (PAGE_ID, TITLE, NAV,CREATE_TIME, UPDATE_TIME, MENU_ID) values (	26	,	'클러스터 Namespaces'	,	'Home<i class="feather icon-chevron-right"></i>K8s Cluster<i class="feather icon-chevron-right"></i>Configuration<i class="feather icon-chevron-right"></i>Namespaces'    	,	CURRENT_TIMESTAMP()	,	CURRENT_TIMESTAMP()	,	304	);
INSERT INTO page (PAGE_ID, TITLE, NAV,CREATE_TIME, UPDATE_TIME, MENU_ID) values (	27	,	'클러스터 Custom Resources'	,	'Home<i class="feather icon-chevron-right"></i>K8s Cluster<i class="feather icon-chevron-right"></i>Configuration<i class="feather icon-chevron-right"></i>Custom Resources'    	,	CURRENT_TIMESTAMP()	,	CURRENT_TIMESTAMP()	,	305	);
INSERT INTO page (PAGE_ID, TITLE, NAV,CREATE_TIME, UPDATE_TIME, MENU_ID) values (	28	,	'클러스터 Services'	,	'Home<i class="feather icon-chevron-right"></i>K8s Cluster<i class="feather icon-chevron-right"></i>Network<i class="feather icon-chevron-right"></i>Services'    	,	CURRENT_TIMESTAMP()	,	CURRENT_TIMESTAMP()	,	310	);
INSERT INTO page (PAGE_ID, TITLE, NAV,CREATE_TIME, UPDATE_TIME, MENU_ID) values (	29	,	'클러스터 네트워크 Ingresses'	,	'Home<i class="feather icon-chevron-right"></i>K8s Cluster<i class="feather icon-chevron-right"></i>Network<i class="feather icon-chevron-right"></i> Ingresses'    	,	CURRENT_TIMESTAMP()	,	CURRENT_TIMESTAMP()	,	311	);
INSERT INTO page (PAGE_ID, TITLE, NAV,CREATE_TIME, UPDATE_TIME, MENU_ID) values (	30	,	'클러스터 네트워크 Endpoints'	,	'Home<i class="feather icon-chevron-right"></i>K8s Cluster<i class="feather icon-chevron-right"></i>Network<i class="feather icon-chevron-right"></i>Endpoints'    	,	CURRENT_TIMESTAMP()	,	CURRENT_TIMESTAMP()	,	312	);
INSERT INTO page (PAGE_ID, TITLE, NAV,CREATE_TIME, UPDATE_TIME, MENU_ID) values (	31	,	'클러스터 네트워크 Polices'	,	'Home<i class="feather icon-chevron-right"></i>K8s Cluster<i class="feather icon-chevron-right"></i>Network<i class="feather icon-chevron-right"></i>Network Policies'    	,	CURRENT_TIMESTAMP()	,	CURRENT_TIMESTAMP()	,	313	);
INSERT INTO page (PAGE_ID, TITLE, NAV,CREATE_TIME, UPDATE_TIME, MENU_ID) values (	32	,	'클러스터 Service Accounts'	,	'Home<i class="feather icon-chevron-right"></i>K8s Cluster<i class="feather icon-chevron-right"></i>Access Control<i class="feather icon-chevron-right"></i>Service Accounts'    	,	CURRENT_TIMESTAMP()	,	CURRENT_TIMESTAMP()	,	320	);
INSERT INTO page (PAGE_ID, TITLE, NAV,CREATE_TIME, UPDATE_TIME, MENU_ID) values (	33	,	'클러스터 Role Bindings'	,	'Home<i class="feather icon-chevron-right"></i>K8s Cluster<i class="feather icon-chevron-right"></i>Access Control<i class="feather icon-chevron-right"></i>Role Bindings'    	,	CURRENT_TIMESTAMP()	,	CURRENT_TIMESTAMP()	,	321	);
INSERT INTO page (PAGE_ID, TITLE, NAV,CREATE_TIME, UPDATE_TIME, MENU_ID) values (	34	,	'클러스터 Roles'	,	'Home<i class="feather icon-chevron-right"></i>K8s Cluster<i class="feather icon-chevron-right"></i>Access Control<i class="feather icon-chevron-right"></i>Roles'    	,	CURRENT_TIMESTAMP()	,	CURRENT_TIMESTAMP()	,	322	);
INSERT INTO page (PAGE_ID, TITLE, NAV,CREATE_TIME, UPDATE_TIME, MENU_ID) values (	35	,	'클러스터 Secrets'	,	'Home<i class="feather icon-chevron-right"></i>K8s Cluster<i class="feather icon-chevron-right"></i>Access Control<i class="feather icon-chevron-right"></i>Secrets'    	,	CURRENT_TIMESTAMP()	,	CURRENT_TIMESTAMP()	,	301	);
INSERT INTO page (PAGE_ID, TITLE, NAV,CREATE_TIME, UPDATE_TIME, MENU_ID) values (	36	,	'클러스터 Pod Security Polices'	,	'Home<i class="feather icon-chevron-right"></i>K8s Cluster<i class="feather icon-chevron-right"></i>Access Control<i class="feather icon-chevron-right"></i>Pod Security Polices'    	,	CURRENT_TIMESTAMP()	,	CURRENT_TIMESTAMP()	,	323	);
INSERT INTO page (PAGE_ID, TITLE, NAV,CREATE_TIME, UPDATE_TIME, MENU_ID) values (	37	,	'사용자 Group 관리'	,	'Home<i class="feather icon-chevron-right"></i>Users<i class="feather icon-chevron-right"></i>Groups'    	,	CURRENT_TIMESTAMP()	,	CURRENT_TIMESTAMP()	,	400	);
INSERT INTO page (PAGE_ID, TITLE, NAV,CREATE_TIME, UPDATE_TIME, MENU_ID) values (	38	,	'사용자 관리'	,	'Home<i class="feather icon-chevron-right"></i>Users<i class="feather icon-chevron-right"></i>Users'    	,	CURRENT_TIMESTAMP()	,	CURRENT_TIMESTAMP()	,	410	);
INSERT INTO page (PAGE_ID, TITLE, NAV,CREATE_TIME, UPDATE_TIME, MENU_ID) values (	39	,	'사용자 Role 관리'	,	'Home<i class="feather icon-chevron-right"></i>Users<i class="feather icon-chevron-right"></i>Roles'    	,	CURRENT_TIMESTAMP()	,	CURRENT_TIMESTAMP()	,	420	);
INSERT INTO page (PAGE_ID, TITLE, NAV,CREATE_TIME, UPDATE_TIME, MENU_ID) values (	40	,	'클러스터 Key 관리'	,	''	,	CURRENT_TIMESTAMP()	,	CURRENT_TIMESTAMP()	,	440	);
INSERT INTO page (PAGE_ID, TITLE, NAV,CREATE_TIME, UPDATE_TIME, MENU_ID) values (	41	,	'Preference'	,	'Home<i class="feather icon-chevron-right"></i>Preference'    	,	CURRENT_TIMESTAMP()	,	CURRENT_TIMESTAMP()	,	520	);
INSERT INTO page (PAGE_ID, TITLE, NAV,CREATE_TIME, UPDATE_TIME, MENU_ID) values (	42	,	'보험코어 클러스터 Jobs'	,	'Home<i class="feather icon-chevron-right"></i>K8s Cluster<i class="feather icon-chevron-right"></i>Workloads<i class="feather icon-chevron-right"></i>Jobs'    	,	CURRENT_TIMESTAMP()	,	CURRENT_TIMESTAMP()	,	1125	);
INSERT INTO page (PAGE_ID, TITLE, NAV,CREATE_TIME, UPDATE_TIME, MENU_ID) values (	43	,	'보험코어 클러스터 CronJobs'	,	'Home<i class="feather icon-chevron-right"></i>K8s Cluster<i class="feather icon-chevron-right"></i>Workloads<i class="feather icon-chevron-right"></i>CronJobs'    	,	CURRENT_TIMESTAMP()	,	CURRENT_TIMESTAMP()	,	1126	);


INSERT INTO page_row (PAGE_ROW_ID, TITLE, SORT_ORDER, ROW_TYPE, CREATE_TIME, UPDATE_TIME, PAGE_ID) values (	1	,	 '보험코어 클러스터 Node 현황'	,	1	,	 'P'	,	CURRENT_TIMESTAMP()	,	CURRENT_TIMESTAMP()	,	1	);
INSERT INTO page_row (PAGE_ROW_ID, TITLE, SORT_ORDER, ROW_TYPE, CREATE_TIME, UPDATE_TIME, PAGE_ID) values (	2	,	 '보험코어 클러스터 Node 리소스'	,	2	,	 'P'	,	CURRENT_TIMESTAMP()	,	CURRENT_TIMESTAMP()	,	1	);
INSERT INTO page_row (PAGE_ROW_ID, TITLE, SORT_ORDER, ROW_TYPE, CREATE_TIME, UPDATE_TIME, PAGE_ID) values (	3	,	 '#Variables'	,	1	,	 'V'	,	CURRENT_TIMESTAMP()	,	CURRENT_TIMESTAMP()	,	2	);
INSERT INTO page_row (PAGE_ROW_ID, TITLE, SORT_ORDER, ROW_TYPE, CREATE_TIME, UPDATE_TIME, PAGE_ID) values (	4	,	 'CPU'	,	2	,	 'P'	,	CURRENT_TIMESTAMP()	,	CURRENT_TIMESTAMP()	,	2	);
INSERT INTO page_row (PAGE_ROW_ID, TITLE, SORT_ORDER, ROW_TYPE, CREATE_TIME, UPDATE_TIME, PAGE_ID) values (	5	,	 'Memory'	,	3	,	 'P'	,	CURRENT_TIMESTAMP()	,	CURRENT_TIMESTAMP()	,	2	);
INSERT INTO page_row (PAGE_ROW_ID, TITLE, SORT_ORDER, ROW_TYPE, CREATE_TIME, UPDATE_TIME, PAGE_ID) values (	6	,	 'Disk'	,	4	,	 'P'	,	CURRENT_TIMESTAMP()	,	CURRENT_TIMESTAMP()	,	2	);
INSERT INTO page_row (PAGE_ROW_ID, TITLE, SORT_ORDER, ROW_TYPE, CREATE_TIME, UPDATE_TIME, PAGE_ID) values (	7	,	 'Network'	,	5	,	 'P'	,	CURRENT_TIMESTAMP()	,	CURRENT_TIMESTAMP()	,	2	);
INSERT INTO page_row (PAGE_ROW_ID, TITLE, SORT_ORDER, ROW_TYPE, CREATE_TIME, UPDATE_TIME, PAGE_ID) values (	8	,	 'File System'	,	6	,	 'P'	,	CURRENT_TIMESTAMP()	,	CURRENT_TIMESTAMP()	,	2	);
INSERT INTO page_row (PAGE_ROW_ID, TITLE, SORT_ORDER, ROW_TYPE, CREATE_TIME, UPDATE_TIME, PAGE_ID) values (	9	,	 'Process'	,	7	,	 'P'	,	CURRENT_TIMESTAMP()	,	CURRENT_TIMESTAMP()	,	2	);
INSERT INTO page_row (PAGE_ROW_ID, TITLE, SORT_ORDER, ROW_TYPE, CREATE_TIME, UPDATE_TIME, PAGE_ID) values (	10	,	 '보험코어 JVM 현황'	,	2	,	 'P'	,	CURRENT_TIMESTAMP()	,	CURRENT_TIMESTAMP()	,	3	);
INSERT INTO page_row (PAGE_ROW_ID, TITLE, SORT_ORDER, ROW_TYPE, CREATE_TIME, UPDATE_TIME, PAGE_ID) values (	11	,	 '보험코어 JVM Inspector'	,	3	,	 'P'	,	CURRENT_TIMESTAMP()	,	CURRENT_TIMESTAMP()	,	3	);
INSERT INTO page_row (PAGE_ROW_ID, TITLE, SORT_ORDER, ROW_TYPE, CREATE_TIME, UPDATE_TIME, PAGE_ID) values (	12	,	 ''	,	1	,	 'V'	,	CURRENT_TIMESTAMP()	,	CURRENT_TIMESTAMP()	,	4	);
INSERT INTO page_row (PAGE_ROW_ID, TITLE, SORT_ORDER, ROW_TYPE, CREATE_TIME, UPDATE_TIME, PAGE_ID) values (	13	,	 ''	,	2	,	 'D'	,	CURRENT_TIMESTAMP()	,	CURRENT_TIMESTAMP()	,	4	);
INSERT INTO page_row (PAGE_ROW_ID, TITLE, SORT_ORDER, ROW_TYPE, CREATE_TIME, UPDATE_TIME, PAGE_ID) values (	14	,	 '보험코어 JVM Inspector'	,	3	,	 'P'	,	CURRENT_TIMESTAMP()	,	CURRENT_TIMESTAMP()	,	4	);
INSERT INTO page_row (PAGE_ROW_ID, TITLE, SORT_ORDER, ROW_TYPE, CREATE_TIME, UPDATE_TIME, PAGE_ID) values ( 15 ,   '데이터베이스 Node' ,  1  ,   'P'   ,  CURRENT_TIMESTAMP()    ,  CURRENT_TIMESTAMP()    ,  5  );
INSERT INTO page_row (PAGE_ROW_ID, TITLE, SORT_ORDER, ROW_TYPE, CREATE_TIME, UPDATE_TIME, PAGE_ID) values (    16 ,   '데이터베이스 Instance' ,  2  ,   'V'   ,  CURRENT_TIMESTAMP()    ,  CURRENT_TIMESTAMP()    ,  5  );
INSERT INTO page_row (PAGE_ROW_ID, TITLE, SORT_ORDER, ROW_TYPE, CREATE_TIME, UPDATE_TIME, PAGE_ID) values (	18	,	 'node list'	,	1	,	 'P'	,	CURRENT_TIMESTAMP()	,	CURRENT_TIMESTAMP()	,	7	);
INSERT INTO page_row (PAGE_ROW_ID, TITLE, SORT_ORDER, ROW_TYPE, CREATE_TIME, UPDATE_TIME, PAGE_ID) values (	19	,	 'pop-up'	,	2	,	 'P'	,	CURRENT_TIMESTAMP()	,	CURRENT_TIMESTAMP()	,	7	);
INSERT INTO page_row (PAGE_ROW_ID, TITLE, SORT_ORDER, ROW_TYPE, CREATE_TIME, UPDATE_TIME, PAGE_ID) values (	20	,	 'Total cluster capacity'	,	1	,	 'P'	,	CURRENT_TIMESTAMP()	,	CURRENT_TIMESTAMP()	,	6	);
INSERT INTO page_row (PAGE_ROW_ID, TITLE, SORT_ORDER, ROW_TYPE, CREATE_TIME, UPDATE_TIME, PAGE_ID) values (	21	,	 'Node panel'	,	2	,	 'P'	,	CURRENT_TIMESTAMP()	,	CURRENT_TIMESTAMP()	,	6	);
INSERT INTO page_row (PAGE_ROW_ID, TITLE, SORT_ORDER, ROW_TYPE, CREATE_TIME, UPDATE_TIME, PAGE_ID) values (	22	,	 'Pod panel'	,	3	,	 'P'	,	CURRENT_TIMESTAMP()	,	CURRENT_TIMESTAMP()	,	6	);
INSERT INTO page_row (PAGE_ROW_ID, TITLE, SORT_ORDER, ROW_TYPE, CREATE_TIME, UPDATE_TIME, PAGE_ID) values (	23	,	 '#Variables'	,	1	,	 'V'	,	CURRENT_TIMESTAMP()	,	CURRENT_TIMESTAMP()	,	8	);
INSERT INTO page_row (PAGE_ROW_ID, TITLE, SORT_ORDER, ROW_TYPE, CREATE_TIME, UPDATE_TIME, PAGE_ID) values (	24	,	 'Cluster Workloads'	,	1	,	 'P'	,	CURRENT_TIMESTAMP()	,	CURRENT_TIMESTAMP()	,	8	);
INSERT INTO page_row (PAGE_ROW_ID, TITLE, SORT_ORDER, ROW_TYPE, CREATE_TIME, UPDATE_TIME, PAGE_ID) values (	25	,	 'Events'	,	1	,	 'P'	,	CURRENT_TIMESTAMP()	,	CURRENT_TIMESTAMP()	,	8	);
INSERT INTO page_row (PAGE_ROW_ID, TITLE, SORT_ORDER, ROW_TYPE, CREATE_TIME, UPDATE_TIME, PAGE_ID) values (	26	,	 'pop-up (per POD)'	,	1	,	 'P'	,	CURRENT_TIMESTAMP()	,	CURRENT_TIMESTAMP()	,	9	);
INSERT INTO page_row (PAGE_ROW_ID, TITLE, SORT_ORDER, ROW_TYPE, CREATE_TIME, UPDATE_TIME, PAGE_ID) values (	27	,	 'Pop-up (per Container)'	,	2	,	 'P'	,	CURRENT_TIMESTAMP()	,	CURRENT_TIMESTAMP()	,	9	);
INSERT INTO page_row (PAGE_ROW_ID, TITLE, SORT_ORDER, ROW_TYPE, CREATE_TIME, UPDATE_TIME, PAGE_ID) values (	28	,	 'pop-up'	,	1	,	 'P'	,	CURRENT_TIMESTAMP()	,	CURRENT_TIMESTAMP()	,	10	);
INSERT INTO page_row (PAGE_ROW_ID, TITLE, SORT_ORDER, ROW_TYPE, CREATE_TIME, UPDATE_TIME, PAGE_ID) values (	29	,	 'pop-up'	,	1	,	 'P'	,	CURRENT_TIMESTAMP()	,	CURRENT_TIMESTAMP()	,	11	);
INSERT INTO page_row (PAGE_ROW_ID, TITLE, SORT_ORDER, ROW_TYPE, CREATE_TIME, UPDATE_TIME, PAGE_ID) values (	30	,	 'pop-up'	,	1	,	 'P'	,	CURRENT_TIMESTAMP()	,	CURRENT_TIMESTAMP()	,	12	);
INSERT INTO page_row (PAGE_ROW_ID, TITLE, SORT_ORDER, ROW_TYPE, CREATE_TIME, UPDATE_TIME, PAGE_ID) values (	31	,	 'pop-up'	,	1	,	 'P'	,	CURRENT_TIMESTAMP()	,	CURRENT_TIMESTAMP()	,	13	);
INSERT INTO page_row (PAGE_ROW_ID, TITLE, SORT_ORDER, ROW_TYPE, CREATE_TIME, UPDATE_TIME, PAGE_ID) values (	32	,	 '보험코어 클러스터'	,	1	,	 'P'	,	CURRENT_TIMESTAMP()	,	CURRENT_TIMESTAMP()	,	14	);
INSERT INTO page_row (PAGE_ROW_ID, TITLE, SORT_ORDER, ROW_TYPE, CREATE_TIME, UPDATE_TIME, PAGE_ID) values (	33	,	 '보험코어 어플리케이션'	,	2	,	 'P'	,	CURRENT_TIMESTAMP()	,	CURRENT_TIMESTAMP()	,	14	);
INSERT INTO page_row (PAGE_ROW_ID, TITLE, SORT_ORDER, ROW_TYPE, CREATE_TIME, UPDATE_TIME, PAGE_ID) values (	34	,	 '보험코어 클러스터 Node'	,	3	,	 'P'	,	CURRENT_TIMESTAMP()	,	CURRENT_TIMESTAMP()	,	14	);
INSERT INTO page_row (PAGE_ROW_ID, TITLE, SORT_ORDER, ROW_TYPE, CREATE_TIME, UPDATE_TIME, PAGE_ID) values (	35	,	 '보험코어 Alarm'	,	4	,	 'P'	,	CURRENT_TIMESTAMP()	,	CURRENT_TIMESTAMP()	,	14	);
INSERT INTO page_row (PAGE_ROW_ID, TITLE, SORT_ORDER, ROW_TYPE, CREATE_TIME, UPDATE_TIME, PAGE_ID) values (	36	,	 '보험코어 어플리케이션 Overview'	,	1	,	 'P'	,	CURRENT_TIMESTAMP()	,	CURRENT_TIMESTAMP()	,	15	);
INSERT INTO page_row (PAGE_ROW_ID, TITLE, SORT_ORDER, ROW_TYPE, CREATE_TIME, UPDATE_TIME, PAGE_ID) values (	37	,	 '보험코어 어플리케이션'	,	2	,	 'P'	,	CURRENT_TIMESTAMP()	,	CURRENT_TIMESTAMP()	,	15	);


INSERT INTO page_row_panel (PANEL_ID, TITLE, SORT_ORDER, PANEL_TYPE, CHART_TYPE, FRAGMENT_NAME, MAIN_YN, REFRESH_INTERVAL, LEGEND_VISIBLE, YAXIS_LABEL, YAXIS_UNIT, YAXIS_MIN, YAXIS_MAX, XAXIS_MODE, CREATE_TIME, UPDATE_TIME, PAGE_ROW_ID) values (	1	,	 'VM'	,	1	,	 'BADGE'	,	 ''	,	 'value-card-panel'	,	 'Y'	,	60000	,	1	,	 ''	,	 'float'	,	 ''	,	 ''	,	 ''	,	 CURRENT_TIMESTAMP() 	,	 CURRENT_TIMESTAMP() 	,	1	);
INSERT INTO page_row_panel (PANEL_ID, TITLE, SORT_ORDER, PANEL_TYPE, CHART_TYPE, FRAGMENT_NAME, MAIN_YN, REFRESH_INTERVAL, LEGEND_VISIBLE, YAXIS_LABEL, YAXIS_UNIT, YAXIS_MIN, YAXIS_MAX, XAXIS_MODE, CREATE_TIME, UPDATE_TIME, PAGE_ROW_ID) values (	2	,	 'Core'	,	2	,	 'BADGE'	,	 ''	,	 'value-card-panel'	,	 'Y'	,	60000	,	1	,	 ''	,	 'float'	,	 ''	,	 ''	,	 ''	,	 CURRENT_TIMESTAMP() 	,	 CURRENT_TIMESTAMP() 	,	1	);
INSERT INTO page_row_panel (PANEL_ID, TITLE, SORT_ORDER, PANEL_TYPE, CHART_TYPE, FRAGMENT_NAME, MAIN_YN, REFRESH_INTERVAL, LEGEND_VISIBLE, YAXIS_LABEL, YAXIS_UNIT, YAXIS_MIN, YAXIS_MAX, XAXIS_MODE, CREATE_TIME, UPDATE_TIME, PAGE_ROW_ID) values (	3	,	 'Avg. CPU'	,	3	,	 'CHART'	,	 'solidgauge'	,	 'headless-card-panel'	,	 'Y'	,	60000	,	1	,	 ''	,	 '%'	,	 '0'	,	 '100'	,	 ''	,	 CURRENT_TIMESTAMP() 	,	 CURRENT_TIMESTAMP() 	,	1	);
INSERT INTO page_row_panel (PANEL_ID, TITLE, SORT_ORDER, PANEL_TYPE, CHART_TYPE, FRAGMENT_NAME, MAIN_YN, REFRESH_INTERVAL, LEGEND_VISIBLE, YAXIS_LABEL, YAXIS_UNIT, YAXIS_MIN, YAXIS_MAX, XAXIS_MODE, CREATE_TIME, UPDATE_TIME, PAGE_ROW_ID) values (	4	,	 'Avg. Memory'	,	4	,	 'CHART'	,	 'solidgauge'	,	 'headless-card-panel'	,	 'Y'	,	60000	,	1	,	 ''	,	 '%'	,	 '0'	,	 '100'	,	 ''	,	 CURRENT_TIMESTAMP() 	,	 CURRENT_TIMESTAMP() 	,	1	);
INSERT INTO page_row_panel (PANEL_ID, TITLE, SORT_ORDER, PANEL_TYPE, CHART_TYPE, FRAGMENT_NAME, MAIN_YN, REFRESH_INTERVAL, LEGEND_VISIBLE, YAXIS_LABEL, YAXIS_UNIT, YAXIS_MIN, YAXIS_MAX, XAXIS_MODE, CREATE_TIME, UPDATE_TIME, PAGE_ROW_ID) values (	5	,	 'Avg. Disk'	,	5	,	 'CHART'	,	 'solidgauge'	,	 'headless-card-panel'	,	 'Y'	,	60000	,	1	,	 ''	,	 '%'	,	 '0'	,	 '100'	,	 ''	,	 CURRENT_TIMESTAMP() 	,	 CURRENT_TIMESTAMP() 	,	1	);
INSERT INTO page_row_panel (PANEL_ID, TITLE, SORT_ORDER, PANEL_TYPE, CHART_TYPE, FRAGMENT_NAME, MAIN_YN, REFRESH_INTERVAL, LEGEND_VISIBLE, YAXIS_LABEL, YAXIS_UNIT, YAXIS_MIN, YAXIS_MAX, XAXIS_MODE, CREATE_TIME, UPDATE_TIME, PAGE_ROW_ID) values (	6	,	 'CPU'	,	1	,	 'CHART'	,	 'area'	,	 'head-card-panel'	,	 'Y'	,	60000	,	1	,	 ''	,	 '%'	,	 '0'	,	 '100'	,	 'datetime'	,	 CURRENT_TIMESTAMP() 	,	 CURRENT_TIMESTAMP() 	,	2	);
INSERT INTO page_row_panel (PANEL_ID, TITLE, SORT_ORDER, PANEL_TYPE, CHART_TYPE, FRAGMENT_NAME, MAIN_YN, REFRESH_INTERVAL, LEGEND_VISIBLE, YAXIS_LABEL, YAXIS_UNIT, YAXIS_MIN, YAXIS_MAX, XAXIS_MODE, CREATE_TIME, UPDATE_TIME, PAGE_ROW_ID) values (	7	,	 'Memory'	,	2	,	 'CHART'	,	 'area'	,	 'head-card-panel'	,	 'Y'	,	60000	,	1	,	 ''	,	 '%'	,	 '0'	,	 'auto'	,	 'datetime'	,	 CURRENT_TIMESTAMP() 	,	 CURRENT_TIMESTAMP() 	,	2	);
INSERT INTO page_row_panel (PANEL_ID, TITLE, SORT_ORDER, PANEL_TYPE, CHART_TYPE, FRAGMENT_NAME, MAIN_YN, REFRESH_INTERVAL, LEGEND_VISIBLE, YAXIS_LABEL, YAXIS_UNIT, YAXIS_MIN, YAXIS_MAX, XAXIS_MODE, CREATE_TIME, UPDATE_TIME, PAGE_ROW_ID) values (	8	,	 'Disk I/O'	,	3	,	 'CHART'	,	 'area'	,	 'head-card-panel'	,	 'Y'	,	60000	,	1	,	 'IO read (-) / write (+)'	,	 'iops'	,	 'auto'	,	 'auto'	,	 'datetime'	,	 CURRENT_TIMESTAMP() 	,	 CURRENT_TIMESTAMP() 	,	2	);
INSERT INTO page_row_panel (PANEL_ID, TITLE, SORT_ORDER, PANEL_TYPE, CHART_TYPE, FRAGMENT_NAME, MAIN_YN, REFRESH_INTERVAL, LEGEND_VISIBLE, YAXIS_LABEL, YAXIS_UNIT, YAXIS_MIN, YAXIS_MAX, XAXIS_MODE, CREATE_TIME, UPDATE_TIME, PAGE_ROW_ID) values (	9	,	 'Network'	,	4	,	 'CHART'	,	 'area'	,	 'head-card-panel'	,	 'Y'	,	60000	,	1	,	 'recv (+) / trans (-)'	,	 'bps'	,	 'auto'	,	 'auto'	,	 'datetime'	,	 CURRENT_TIMESTAMP() 	,	 CURRENT_TIMESTAMP() 	,	2	);
INSERT INTO page_row_panel (PANEL_ID, TITLE, SORT_ORDER, PANEL_TYPE, CHART_TYPE, FRAGMENT_NAME, MAIN_YN, REFRESH_INTERVAL, LEGEND_VISIBLE, YAXIS_LABEL, YAXIS_UNIT, YAXIS_MIN, YAXIS_MAX, XAXIS_MODE, CREATE_TIME, UPDATE_TIME, PAGE_ROW_ID) values (	10	,	 'Process'	,	5	,	 'METRIC_TABLE'	,	 ''	,	 'col-6-head-card-panel-in-table'	,	 'Y'	,	60000	,	1	,	 ''	,	 ''	,	 ''	,	 ''	,	 ''	,	 CURRENT_TIMESTAMP() 	,	 CURRENT_TIMESTAMP() 	,	2	);
INSERT INTO page_row_panel (PANEL_ID, TITLE, SORT_ORDER, PANEL_TYPE, CHART_TYPE, FRAGMENT_NAME, MAIN_YN, REFRESH_INTERVAL, LEGEND_VISIBLE, YAXIS_LABEL, YAXIS_UNIT, YAXIS_MIN, YAXIS_MAX, XAXIS_MODE, CREATE_TIME, UPDATE_TIME, PAGE_ROW_ID) values (	11	,	 'File System'	,	6	,	 'METRIC_TABLE'	,	 ''	,	 'col-6-head-card-panel-in-table'	,	 'Y'	,	60000	,	1	,	 ''	,	 ''	,	 ''	,	 ''	,	 ''	,	 CURRENT_TIMESTAMP() 	,	 CURRENT_TIMESTAMP() 	,	2	);
INSERT INTO page_row_panel (PANEL_ID, TITLE, SORT_ORDER, PANEL_TYPE, CHART_TYPE, FRAGMENT_NAME, MAIN_YN, REFRESH_INTERVAL, LEGEND_VISIBLE, YAXIS_LABEL, YAXIS_UNIT, YAXIS_MIN, YAXIS_MAX, XAXIS_MODE, CREATE_TIME, UPDATE_TIME, PAGE_ROW_ID) values (	12	,	 'CPU Basic'	,	1	,	 'CHART'	,	 'area'	,	 'head-card-panel'	,	 'Y'	,	60000	,	1	,	 ''	,	 '%'	,	 '0'	,	 '100'	,	 'datetime'	,	 CURRENT_TIMESTAMP() 	,	 CURRENT_TIMESTAMP() 	,	4	);
INSERT INTO page_row_panel (PANEL_ID, TITLE, SORT_ORDER, PANEL_TYPE, CHART_TYPE, FRAGMENT_NAME, MAIN_YN, REFRESH_INTERVAL, LEGEND_VISIBLE, YAXIS_LABEL, YAXIS_UNIT, YAXIS_MIN, YAXIS_MAX, XAXIS_MODE, CREATE_TIME, UPDATE_TIME, PAGE_ROW_ID) values (	13	,	 'CPU'	,	2	,	 'CHART'	,	 'area'	,	 'head-card-panel'	,	 'Y'	,	60000	,	1	,	 'percentage'	,	 '%'	,	 '0'	,	 '100'	,	 'datetime'	,	 CURRENT_TIMESTAMP() 	,	 CURRENT_TIMESTAMP() 	,	4	);
INSERT INTO page_row_panel (PANEL_ID, TITLE, SORT_ORDER, PANEL_TYPE, CHART_TYPE, FRAGMENT_NAME, MAIN_YN, REFRESH_INTERVAL, LEGEND_VISIBLE, YAXIS_LABEL, YAXIS_UNIT, YAXIS_MIN, YAXIS_MAX, XAXIS_MODE, CREATE_TIME, UPDATE_TIME, PAGE_ROW_ID) values (	14	,	 'System Load'	,	3	,	 'CHART'	,	 'area'	,	 'head-card-panel'	,	 'Y'	,	60000	,	1	,	 'counter'	,	 'float'	,	 '0'	,	 'auto'	,	 'datetime'	,	 CURRENT_TIMESTAMP() 	,	 CURRENT_TIMESTAMP() 	,	4	);
INSERT INTO page_row_panel (PANEL_ID, TITLE, SORT_ORDER, PANEL_TYPE, CHART_TYPE, FRAGMENT_NAME, MAIN_YN, REFRESH_INTERVAL, LEGEND_VISIBLE, YAXIS_LABEL, YAXIS_UNIT, YAXIS_MIN, YAXIS_MAX, XAXIS_MODE, CREATE_TIME, UPDATE_TIME, PAGE_ROW_ID) values (	15	,	 'Process Status'	,	4	,	 'CHART'	,	 'area'	,	 'head-card-panel'	,	 'Y'	,	60000	,	1	,	 'counter'	,	 'float'	,	 '0'	,	 'auto'	,	 'datetime'	,	 CURRENT_TIMESTAMP() 	,	 CURRENT_TIMESTAMP() 	,	4	);
INSERT INTO page_row_panel (PANEL_ID, TITLE, SORT_ORDER, PANEL_TYPE, CHART_TYPE, FRAGMENT_NAME, MAIN_YN, REFRESH_INTERVAL, LEGEND_VISIBLE, YAXIS_LABEL, YAXIS_UNIT, YAXIS_MIN, YAXIS_MAX, XAXIS_MODE, CREATE_TIME, UPDATE_TIME, PAGE_ROW_ID) values (	16	,	 'Memory Basic'	,	5	,	 'CHART'	,	 'area'	,	 'head-card-panel'	,	 'Y'	,	60000	,	1	,	 ''	,	 'bytes'	,	 '0'	,	 'auto'	,	 'datetime'	,	 CURRENT_TIMESTAMP() 	,	 CURRENT_TIMESTAMP() 	,	5	);
INSERT INTO page_row_panel (PANEL_ID, TITLE, SORT_ORDER, PANEL_TYPE, CHART_TYPE, FRAGMENT_NAME, MAIN_YN, REFRESH_INTERVAL, LEGEND_VISIBLE, YAXIS_LABEL, YAXIS_UNIT, YAXIS_MIN, YAXIS_MAX, XAXIS_MODE, CREATE_TIME, UPDATE_TIME, PAGE_ROW_ID) values (	17	,	 'Memory Stack'	,	6	,	 'CHART'	,	 'area'	,	 'head-card-panel'	,	 'Y'	,	60000	,	1	,	 ''	,	 'bytes'	,	 '0'	,	 'auto'	,	 'datetime'	,	 CURRENT_TIMESTAMP() 	,	 CURRENT_TIMESTAMP() 	,	5	);
INSERT INTO page_row_panel (PANEL_ID, TITLE, SORT_ORDER, PANEL_TYPE, CHART_TYPE, FRAGMENT_NAME, MAIN_YN, REFRESH_INTERVAL, LEGEND_VISIBLE, YAXIS_LABEL, YAXIS_UNIT, YAXIS_MIN, YAXIS_MAX, XAXIS_MODE, CREATE_TIME, UPDATE_TIME, PAGE_ROW_ID) values (	18	,	 'Memory Active/Inactive'	,	7	,	 'CHART'	,	 'area'	,	 'head-card-panel'	,	 'Y'	,	60000	,	1	,	 'bytes'	,	 'bytes'	,	 '0'	,	 'auto'	,	 'datetime'	,	 CURRENT_TIMESTAMP() 	,	 CURRENT_TIMESTAMP() 	,	5	);
INSERT INTO page_row_panel (PANEL_ID, TITLE, SORT_ORDER, PANEL_TYPE, CHART_TYPE, FRAGMENT_NAME, MAIN_YN, REFRESH_INTERVAL, LEGEND_VISIBLE, YAXIS_LABEL, YAXIS_UNIT, YAXIS_MIN, YAXIS_MAX, XAXIS_MODE, CREATE_TIME, UPDATE_TIME, PAGE_ROW_ID) values (	19	,	 'Memory Page In/Out'	,	8	,	 'CHART'	,	 'area'	,	 'head-card-panel'	,	 'Y'	,	60000	,	1	,	 'pages out (-) / in (+)'	,	 'float'	,	 'auto'	,	 'auto'	,	 'datetime'	,	 CURRENT_TIMESTAMP() 	,	 CURRENT_TIMESTAMP() 	,	5	);
INSERT INTO page_row_panel (PANEL_ID, TITLE, SORT_ORDER, PANEL_TYPE, CHART_TYPE, FRAGMENT_NAME, MAIN_YN, REFRESH_INTERVAL, LEGEND_VISIBLE, YAXIS_LABEL, YAXIS_UNIT, YAXIS_MIN, YAXIS_MAX, XAXIS_MODE, CREATE_TIME, UPDATE_TIME, PAGE_ROW_ID) values (	20	,	 'Disk Space Used Basic'	,	9	,	 'CHART'	,	 'area'	,	 'head-card-panel'	,	 'Y'	,	60000	,	1	,	 ''	,	 '%'	,	 '0'	,	 '100'	,	 'datetime'	,	 CURRENT_TIMESTAMP() 	,	 CURRENT_TIMESTAMP() 	,	6	);
INSERT INTO page_row_panel (PANEL_ID, TITLE, SORT_ORDER, PANEL_TYPE, CHART_TYPE, FRAGMENT_NAME, MAIN_YN, REFRESH_INTERVAL, LEGEND_VISIBLE, YAXIS_LABEL, YAXIS_UNIT, YAXIS_MIN, YAXIS_MAX, XAXIS_MODE, CREATE_TIME, UPDATE_TIME, PAGE_ROW_ID) values (	21	,	 'Disk Space Used'	,	10	,	 'CHART'	,	 'area'	,	 'head-card-panel'	,	 'Y'	,	60000	,	1	,	 'bytes'	,	 'bytes'	,	 '0'	,	 'auto'	,	 'datetime'	,	 CURRENT_TIMESTAMP() 	,	 CURRENT_TIMESTAMP() 	,	6	);
INSERT INTO page_row_panel (PANEL_ID, TITLE, SORT_ORDER, PANEL_TYPE, CHART_TYPE, FRAGMENT_NAME, MAIN_YN, REFRESH_INTERVAL, LEGEND_VISIBLE, YAXIS_LABEL, YAXIS_UNIT, YAXIS_MIN, YAXIS_MAX, XAXIS_MODE, CREATE_TIME, UPDATE_TIME, PAGE_ROW_ID) values (	22	,	 'Disk I/O(Read/Write Bytes)'	,	11	,	 'CHART'	,	 'area'	,	 'head-card-panel'	,	 'Y'	,	60000	,	1	,	 'bytes read (-) / write (+)'	,	 'bytes'	,	 'auto'	,	 'auto'	,	 'datetime'	,	 CURRENT_TIMESTAMP() 	,	 CURRENT_TIMESTAMP() 	,	6	);
INSERT INTO page_row_panel (PANEL_ID, TITLE, SORT_ORDER, PANEL_TYPE, CHART_TYPE, FRAGMENT_NAME, MAIN_YN, REFRESH_INTERVAL, LEGEND_VISIBLE, YAXIS_LABEL, YAXIS_UNIT, YAXIS_MIN, YAXIS_MAX, XAXIS_MODE, CREATE_TIME, UPDATE_TIME, PAGE_ROW_ID) values (	23	,	 'Disk IOps'	,	12	,	 'CHART'	,	 'area'	,	 'head-card-panel'	,	 'Y'	,	60000	,	1	,	 'IO read (-) / write (+)'	,	 'iops'	,	 'auto'	,	 'auto'	,	 'datetime'	,	 CURRENT_TIMESTAMP() 	,	 CURRENT_TIMESTAMP() 	,	6	);
INSERT INTO page_row_panel (PANEL_ID, TITLE, SORT_ORDER, PANEL_TYPE, CHART_TYPE, FRAGMENT_NAME, MAIN_YN, REFRESH_INTERVAL, LEGEND_VISIBLE, YAXIS_LABEL, YAXIS_UNIT, YAXIS_MIN, YAXIS_MAX, XAXIS_MODE, CREATE_TIME, UPDATE_TIME, PAGE_ROW_ID) values (	24	,	 'Network Traffic basic'	,	13	,	 'CHART'	,	 'area'	,	 'col-6-head-card-panel'	,	 'Y'	,	60000	,	1	,	 'recv (+) / trans (-)'	,	 'bps'	,	 'auto'	,	 'auto'	,	 'datetime'	,	 CURRENT_TIMESTAMP() 	,	 CURRENT_TIMESTAMP() 	,	7	);
INSERT INTO page_row_panel (PANEL_ID, TITLE, SORT_ORDER, PANEL_TYPE, CHART_TYPE, FRAGMENT_NAME, MAIN_YN, REFRESH_INTERVAL, LEGEND_VISIBLE, YAXIS_LABEL, YAXIS_UNIT, YAXIS_MIN, YAXIS_MAX, XAXIS_MODE, CREATE_TIME, UPDATE_TIME, PAGE_ROW_ID) values (	25	,	 'Network Traffic by packets'	,	14	,	 'CHART'	,	 'area'	,	 'col-6-head-card-panel'	,	 'Y'	,	60000	,	1	,	 'in (+) / out (-)'	,	 'pps'	,	 'auto'	,	 'auto'	,	 'datetime'	,	 CURRENT_TIMESTAMP() 	,	 CURRENT_TIMESTAMP() 	,	7	);
INSERT INTO page_row_panel (PANEL_ID, TITLE, SORT_ORDER, PANEL_TYPE, CHART_TYPE, FRAGMENT_NAME, MAIN_YN, REFRESH_INTERVAL, LEGEND_VISIBLE, YAXIS_LABEL, YAXIS_UNIT, YAXIS_MIN, YAXIS_MAX, XAXIS_MODE, CREATE_TIME, UPDATE_TIME, PAGE_ROW_ID) values (	26	,	 'File System Table '	,	15	,	 'METRIC_TABLE'	,	 ''	,	 'full-head-card-panel-in-table'	,	 'Y'	,	60000	,	1	,	 ''	,	 'byte'	,	 ''	,	 ''	,	 ''	,	 CURRENT_TIMESTAMP() 	,	 CURRENT_TIMESTAMP() 	,	8	);
INSERT INTO page_row_panel (PANEL_ID, TITLE, SORT_ORDER, PANEL_TYPE, CHART_TYPE, FRAGMENT_NAME, MAIN_YN, REFRESH_INTERVAL, LEGEND_VISIBLE, YAXIS_LABEL, YAXIS_UNIT, YAXIS_MIN, YAXIS_MAX, XAXIS_MODE, CREATE_TIME, UPDATE_TIME, PAGE_ROW_ID) values (	27	,	 'Process '	,	16	,	 'METRIC_TABLE'	,	 ''	,	 'full-head-card-panel-in-table'	,	 'Y'	,	60000	,	1	,	 ''	,	 ''	,	 ''	,	 ''	,	 ''	,	 CURRENT_TIMESTAMP() 	,	 CURRENT_TIMESTAMP() 	,	9	);
INSERT INTO page_row_panel (PANEL_ID, TITLE, SORT_ORDER, PANEL_TYPE, CHART_TYPE, FRAGMENT_NAME, MAIN_YN, REFRESH_INTERVAL, LEGEND_VISIBLE, YAXIS_LABEL, YAXIS_UNIT, YAXIS_MIN, YAXIS_MAX, XAXIS_MODE, CREATE_TIME, UPDATE_TIME, PAGE_ROW_ID) values (	28	,	 'JVM'	,	1	,	 'BADGE'	,	 ''	,	 'value-card-panel'	,	 'Y'	,	60000	,	1	,	  '' 	,	 'float'	,	 ''	,	 ''	,	 ''	,	 CURRENT_TIMESTAMP() 	,	 CURRENT_TIMESTAMP() 	,	10	);
INSERT INTO page_row_panel (PANEL_ID, TITLE, SORT_ORDER, PANEL_TYPE, CHART_TYPE, FRAGMENT_NAME, MAIN_YN, REFRESH_INTERVAL, LEGEND_VISIBLE, YAXIS_LABEL, YAXIS_UNIT, YAXIS_MIN, YAXIS_MAX, XAXIS_MODE, CREATE_TIME, UPDATE_TIME, PAGE_ROW_ID) values (	29	,	 'Avg. CPU'	,	2	,	 'CHART'	,	 'solidgauge'	,	 'headless-card-panel'	,	 'Y'	,	60000	,	1	,	  '' 	,	 '%'	,	 '0'	,	 '100'	,	 ''	,	 CURRENT_TIMESTAMP() 	,	 CURRENT_TIMESTAMP() 	,	10	);
INSERT INTO page_row_panel (PANEL_ID, TITLE, SORT_ORDER, PANEL_TYPE, CHART_TYPE, FRAGMENT_NAME, MAIN_YN, REFRESH_INTERVAL, LEGEND_VISIBLE, YAXIS_LABEL, YAXIS_UNIT, YAXIS_MIN, YAXIS_MAX, XAXIS_MODE, CREATE_TIME, UPDATE_TIME, PAGE_ROW_ID) values (	30	,	 'Heap Memory'	,	3	,	 'CHART'	,	 'solidgauge'	,	 'headless-card-panel'	,	 'Y'	,	60000	,	1	,	  '' 	,	 '%'	,	 '0'	,	 '100'	,	 ''	,	 CURRENT_TIMESTAMP() 	,	 CURRENT_TIMESTAMP() 	,	10	);
INSERT INTO page_row_panel (PANEL_ID, TITLE, SORT_ORDER, PANEL_TYPE, CHART_TYPE, FRAGMENT_NAME, MAIN_YN, REFRESH_INTERVAL, LEGEND_VISIBLE, YAXIS_LABEL, YAXIS_UNIT, YAXIS_MIN, YAXIS_MAX, XAXIS_MODE, CREATE_TIME, UPDATE_TIME, PAGE_ROW_ID) values (	31	,	 'Active Threads'	,	4	,	 'BADGE'	,	 ''	,	 'value-card-panel'	,	 'Y'	,	60000	,	1	,	  '' 	,	 'float'	,	 ''	,	 ''	,	 ''	,	 CURRENT_TIMESTAMP() 	,	 CURRENT_TIMESTAMP() 	,	10	);
INSERT INTO page_row_panel (PANEL_ID, TITLE, SORT_ORDER, PANEL_TYPE, CHART_TYPE, FRAGMENT_NAME, MAIN_YN, REFRESH_INTERVAL, LEGEND_VISIBLE, YAXIS_LABEL, YAXIS_UNIT, YAXIS_MIN, YAXIS_MAX, XAXIS_MODE, CREATE_TIME, UPDATE_TIME, PAGE_ROW_ID) values (	32	,	 'Avg. GC Time(ms.)'	,	5	,	 'BADGE'	,	 ''	,	 'value-card-panel'	,	 'Y'	,	60000	,	1	,	  '' 	,	 'ms'	,	 ''	,	 ''	,	 ''	,	 CURRENT_TIMESTAMP() 	,	 CURRENT_TIMESTAMP() 	,	10	);
INSERT INTO page_row_panel (PANEL_ID, TITLE, SORT_ORDER, PANEL_TYPE, CHART_TYPE, FRAGMENT_NAME, MAIN_YN, REFRESH_INTERVAL, LEGEND_VISIBLE, YAXIS_LABEL, YAXIS_UNIT, YAXIS_MIN, YAXIS_MAX, XAXIS_MODE, CREATE_TIME, UPDATE_TIME, PAGE_ROW_ID) values (	33	,	 'Heap Used [Memory bytes]'	,	6	,	 'CHART'	,	 'area'	,	 'head-card-panel'	,	 'Y'	,	60000	,	1	,	  '' 	,	 'bytes'	,	 '0'	,	 'auto'	,	 'datetime'	,	 CURRENT_TIMESTAMP() 	,	 CURRENT_TIMESTAMP() 	,	11	);
INSERT INTO page_row_panel (PANEL_ID, TITLE, SORT_ORDER, PANEL_TYPE, CHART_TYPE, FRAGMENT_NAME, MAIN_YN, REFRESH_INTERVAL, LEGEND_VISIBLE, YAXIS_LABEL, YAXIS_UNIT, YAXIS_MIN, YAXIS_MAX, XAXIS_MODE, CREATE_TIME, UPDATE_TIME, PAGE_ROW_ID) values (	34	,	 'Non Heap Usage [Memory bytes]'	,	7	,	 'CHART'	,	 'area'	,	 'head-card-panel'	,	 'Y'	,	60000	,	1	,	  '' 	,	 'bytes'	,	 '0'	,	 'auto'	,	 'datetime'	,	 CURRENT_TIMESTAMP() 	,	 CURRENT_TIMESTAMP() 	,	11	);
INSERT INTO page_row_panel (PANEL_ID, TITLE, SORT_ORDER, PANEL_TYPE, CHART_TYPE, FRAGMENT_NAME, MAIN_YN, REFRESH_INTERVAL, LEGEND_VISIBLE, YAXIS_LABEL, YAXIS_UNIT, YAXIS_MIN, YAXIS_MAX, XAXIS_MODE, CREATE_TIME, UPDATE_TIME, PAGE_ROW_ID) values (	35	,	 'PS Eden [Memory bytes]'	,	8	,	 'CHART'	,	 'area'	,	 'head-card-panel'	,	 'Y'	,	60000	,	1	,	  '' 	,	 'bytes'	,	 '0'	,	 'auto'	,	 'datetime'	,	 CURRENT_TIMESTAMP() 	,	 CURRENT_TIMESTAMP() 	,	11	);
INSERT INTO page_row_panel (PANEL_ID, TITLE, SORT_ORDER, PANEL_TYPE, CHART_TYPE, FRAGMENT_NAME, MAIN_YN, REFRESH_INTERVAL, LEGEND_VISIBLE, YAXIS_LABEL, YAXIS_UNIT, YAXIS_MIN, YAXIS_MAX, XAXIS_MODE, CREATE_TIME, UPDATE_TIME, PAGE_ROW_ID) values (	36	,	 'PS Old Gen [Memory bytes]'	,	9	,	 'CHART'	,	 'area'	,	 'head-card-panel'	,	 'Y'	,	60000	,	1	,	  '' 	,	 'bytes'	,	 '0'	,	 'auto'	,	 'datetime'	,	 CURRENT_TIMESTAMP() 	,	 CURRENT_TIMESTAMP() 	,	11	);
INSERT INTO page_row_panel (PANEL_ID, TITLE, SORT_ORDER, PANEL_TYPE, CHART_TYPE, FRAGMENT_NAME, MAIN_YN, REFRESH_INTERVAL, LEGEND_VISIBLE, YAXIS_LABEL, YAXIS_UNIT, YAXIS_MIN, YAXIS_MAX, XAXIS_MODE, CREATE_TIME, UPDATE_TIME, PAGE_ROW_ID) values (	37	,	 'Thread used'	,	10	,	 'CHART'	,	 'area'	,	 'head-card-panel'	,	 'Y'	,	60000	,	1	,	  '' 	,	 'float'	,	 '0'	,	 'auto'	,	 'datetime'	,	 CURRENT_TIMESTAMP() 	,	 CURRENT_TIMESTAMP() 	,	11	);
INSERT INTO page_row_panel (PANEL_ID, TITLE, SORT_ORDER, PANEL_TYPE, CHART_TYPE, FRAGMENT_NAME, MAIN_YN, REFRESH_INTERVAL, LEGEND_VISIBLE, YAXIS_LABEL, YAXIS_UNIT, YAXIS_MIN, YAXIS_MAX, XAXIS_MODE, CREATE_TIME, UPDATE_TIME, PAGE_ROW_ID) values (	38	,	 'GC Count'	,	11	,	 'CHART'	,	 'area'	,	 'head-card-panel'	,	 'Y'	,	60000	,	1	,	  '' 	,	 'float'	,	 '0'	,	 'auto'	,	 'datetime'	,	 CURRENT_TIMESTAMP() 	,	 CURRENT_TIMESTAMP() 	,	11	);
INSERT INTO page_row_panel (PANEL_ID, TITLE, SORT_ORDER, PANEL_TYPE, CHART_TYPE, FRAGMENT_NAME, MAIN_YN, REFRESH_INTERVAL, LEGEND_VISIBLE, YAXIS_LABEL, YAXIS_UNIT, YAXIS_MIN, YAXIS_MAX, XAXIS_MODE, CREATE_TIME, UPDATE_TIME, PAGE_ROW_ID) values (	39	,	 'GC Time / 5 min.rate'	,	12	,	 'CHART'	,	 'area'	,	 'head-card-panel'	,	 'Y'	,	60000	,	1	,	  '' 	,	 'sec'	,	 '0'	,	 'auto'	,	 'datetime'	,	 CURRENT_TIMESTAMP() 	,	 CURRENT_TIMESTAMP() 	,	11	);
INSERT INTO page_row_panel (PANEL_ID, TITLE, SORT_ORDER, PANEL_TYPE, CHART_TYPE, FRAGMENT_NAME, MAIN_YN, REFRESH_INTERVAL, LEGEND_VISIBLE, YAXIS_LABEL, YAXIS_UNIT, YAXIS_MIN, YAXIS_MAX, XAXIS_MODE, CREATE_TIME, UPDATE_TIME, PAGE_ROW_ID) values (	40	,	 'Class loading'	,	13	,	 'CHART'	,	 'area'	,	 'head-card-panel'	,	 'Y'	,	60000	,	1	,	  '' 	,	 'float'	,	 '0'	,	 'auto'	,	 'datetime'	,	 CURRENT_TIMESTAMP() 	,	 CURRENT_TIMESTAMP() 	,	11	);
INSERT INTO page_row_panel (PANEL_ID, TITLE, SORT_ORDER, PANEL_TYPE, CHART_TYPE, FRAGMENT_NAME, MAIN_YN, REFRESH_INTERVAL, LEGEND_VISIBLE, YAXIS_LABEL, YAXIS_UNIT, YAXIS_MIN, YAXIS_MAX, XAXIS_MODE, CREATE_TIME, UPDATE_TIME, PAGE_ROW_ID) values (	41	,	 'Uptime'	,	1	,	 'BADGE'	,	 'age'	,	 'col-3-value-card-panel'	,	 'Y'	,	60000	,	1	,	 ''	,	 ''	,	 ''	,	 ''	,	 ''	,	 CURRENT_TIMESTAMP() 	,	 CURRENT_TIMESTAMP() 	,	13	);
INSERT INTO page_row_panel (PANEL_ID, TITLE, SORT_ORDER, PANEL_TYPE, CHART_TYPE, FRAGMENT_NAME, MAIN_YN, REFRESH_INTERVAL, LEGEND_VISIBLE, YAXIS_LABEL, YAXIS_UNIT, YAXIS_MIN, YAXIS_MAX, XAXIS_MODE, CREATE_TIME, UPDATE_TIME, PAGE_ROW_ID) values (	42	,	 'Start time'	,	2	,	 'BADGE'	,	 'date'	,	 'col-3-value-card-panel'	,	 'Y'	,	60000	,	1	,	 ''	,	 'time'	,	 ''	,	 ''	,	 ''	,	 CURRENT_TIMESTAMP() 	,	 CURRENT_TIMESTAMP() 	,	13	);
INSERT INTO page_row_panel (PANEL_ID, TITLE, SORT_ORDER, PANEL_TYPE, CHART_TYPE, FRAGMENT_NAME, MAIN_YN, REFRESH_INTERVAL, LEGEND_VISIBLE, YAXIS_LABEL, YAXIS_UNIT, YAXIS_MIN, YAXIS_MAX, XAXIS_MODE, CREATE_TIME, UPDATE_TIME, PAGE_ROW_ID) values (	43	,	 'Heap used'	,	3	,	 'CHART'	,	 'sparkline'	,	 'col-3-headless-card-panel'	,	 'Y'	,	60000	,	1	,	 ''	,	 '%'	,	 '0'	,	 'auto'	,	 ''	,	 CURRENT_TIMESTAMP() 	,	 CURRENT_TIMESTAMP() 	,	13	);
INSERT INTO page_row_panel (PANEL_ID, TITLE, SORT_ORDER, PANEL_TYPE, CHART_TYPE, FRAGMENT_NAME, MAIN_YN, REFRESH_INTERVAL, LEGEND_VISIBLE, YAXIS_LABEL, YAXIS_UNIT, YAXIS_MIN, YAXIS_MAX, XAXIS_MODE, CREATE_TIME, UPDATE_TIME, PAGE_ROW_ID) values (	44	,	 'JVM version'	,	4	,	 'Boxversion'	,	 ''	,	 'col-3-value-card-panel'	,	 'Y'	,	60000	,	1	,	 ''	,	 'text'	,	 ''	,	 ''	,	 ''	,	 CURRENT_TIMESTAMP() 	,	 CURRENT_TIMESTAMP() 	,	13	);
INSERT INTO page_row_panel (PANEL_ID, TITLE, SORT_ORDER, PANEL_TYPE, CHART_TYPE, FRAGMENT_NAME, MAIN_YN, REFRESH_INTERVAL, LEGEND_VISIBLE, YAXIS_LABEL, YAXIS_UNIT, YAXIS_MIN, YAXIS_MAX, XAXIS_MODE, CREATE_TIME, UPDATE_TIME, PAGE_ROW_ID) values (	45	,	 'JVM CPU Usage [%]'	,	5	,	 'CHART'	,	 'area'	,	 'col-6-head-card-panel'	,	 'Y'	,	60000	,	1	,	 'float'	,	 '%'	,	 '0'	,	 'auto'	,	 'datetime'	,	 CURRENT_TIMESTAMP() 	,	 CURRENT_TIMESTAMP() 	,	14	);
INSERT INTO page_row_panel (PANEL_ID, TITLE, SORT_ORDER, PANEL_TYPE, CHART_TYPE, FRAGMENT_NAME, MAIN_YN, REFRESH_INTERVAL, LEGEND_VISIBLE, YAXIS_LABEL, YAXIS_UNIT, YAXIS_MIN, YAXIS_MAX, XAXIS_MODE, CREATE_TIME, UPDATE_TIME, PAGE_ROW_ID) values (	46	,	 'Request (count)'	,	6	,	 'CHART'	,	 'area'	,	 'col-6-head-card-panel'	,	 'Y'	,	60000	,	1	,	 'counter'	,	 'float'	,	 '0'	,	 'auto'	,	 'datetime'	,	 CURRENT_TIMESTAMP() 	,	 CURRENT_TIMESTAMP() 	,	14	);
INSERT INTO page_row_panel (PANEL_ID, TITLE, SORT_ORDER, PANEL_TYPE, CHART_TYPE, FRAGMENT_NAME, MAIN_YN, REFRESH_INTERVAL, LEGEND_VISIBLE, YAXIS_LABEL, YAXIS_UNIT, YAXIS_MIN, YAXIS_MAX, XAXIS_MODE, CREATE_TIME, UPDATE_TIME, PAGE_ROW_ID) values (	47	,	 'Heap Used [Memory bytes]'	,	7	,	 'CHART'	,	 'area'	,	 'head-card-panel'	,	 'Y'	,	60000	,	1	,	 ''	,	 'bytes'	,	 '0'	,	 'auto'	,	 'datetime'	,	 CURRENT_TIMESTAMP() 	,	 CURRENT_TIMESTAMP() 	,	14	);
INSERT INTO page_row_panel (PANEL_ID, TITLE, SORT_ORDER, PANEL_TYPE, CHART_TYPE, FRAGMENT_NAME, MAIN_YN, REFRESH_INTERVAL, LEGEND_VISIBLE, YAXIS_LABEL, YAXIS_UNIT, YAXIS_MIN, YAXIS_MAX, XAXIS_MODE, CREATE_TIME, UPDATE_TIME, PAGE_ROW_ID) values (	48	,	 'Non Heap Usage [Memory bytes]'	,	8	,	 'CHART'	,	 'area'	,	 'head-card-panel'	,	 'Y'	,	60000	,	1	,	 ''	,	 'bytes'	,	 '0'	,	 'auto'	,	 'datetime'	,	 CURRENT_TIMESTAMP() 	,	 CURRENT_TIMESTAMP() 	,	14	);
INSERT INTO page_row_panel (PANEL_ID, TITLE, SORT_ORDER, PANEL_TYPE, CHART_TYPE, FRAGMENT_NAME, MAIN_YN, REFRESH_INTERVAL, LEGEND_VISIBLE, YAXIS_LABEL, YAXIS_UNIT, YAXIS_MIN, YAXIS_MAX, XAXIS_MODE, CREATE_TIME, UPDATE_TIME, PAGE_ROW_ID) values (	49	,	 'PS Eden [Memory bytes]'	,	9	,	 'CHART'	,	 'area'	,	 'head-card-panel'	,	 'Y'	,	60000	,	1	,	 ''	,	 'bytes'	,	 '0'	,	 'auto'	,	 'datetime'	,	 CURRENT_TIMESTAMP() 	,	 CURRENT_TIMESTAMP() 	,	14	);
INSERT INTO page_row_panel (PANEL_ID, TITLE, SORT_ORDER, PANEL_TYPE, CHART_TYPE, FRAGMENT_NAME, MAIN_YN, REFRESH_INTERVAL, LEGEND_VISIBLE, YAXIS_LABEL, YAXIS_UNIT, YAXIS_MIN, YAXIS_MAX, XAXIS_MODE, CREATE_TIME, UPDATE_TIME, PAGE_ROW_ID) values (	50	,	 'PS Old Gen [Memory bytes]'	,	10	,	 'CHART'	,	 'area'	,	 'head-card-panel'	,	 'Y'	,	60000	,	1	,	 ''	,	 'bytes'	,	 '0'	,	 'auto'	,	 'datetime'	,	 CURRENT_TIMESTAMP() 	,	 CURRENT_TIMESTAMP() 	,	14	);
INSERT INTO page_row_panel (PANEL_ID, TITLE, SORT_ORDER, PANEL_TYPE, CHART_TYPE, FRAGMENT_NAME, MAIN_YN, REFRESH_INTERVAL, LEGEND_VISIBLE, YAXIS_LABEL, YAXIS_UNIT, YAXIS_MIN, YAXIS_MAX, XAXIS_MODE, CREATE_TIME, UPDATE_TIME, PAGE_ROW_ID) values (	51	,	 'Thread used'	,	11	,	 'CHART'	,	 'area'	,	 'col-6-head-card-panel'	,	 'Y'	,	60000	,	1	,	 ''	,	 'float'	,	 '0'	,	 'auto'	,	 'datetime'	,	 CURRENT_TIMESTAMP() 	,	 CURRENT_TIMESTAMP() 	,	14	);
INSERT INTO page_row_panel (PANEL_ID, TITLE, SORT_ORDER, PANEL_TYPE, CHART_TYPE, FRAGMENT_NAME, MAIN_YN, REFRESH_INTERVAL, LEGEND_VISIBLE, YAXIS_LABEL, YAXIS_UNIT, YAXIS_MIN, YAXIS_MAX, XAXIS_MODE, CREATE_TIME, UPDATE_TIME, PAGE_ROW_ID) values (	52	,	 'Class loading'	,	12	,	 'CHART'	,	 'area'	,	 'col-6-head-card-panel'	,	 'Y'	,	60000	,	1	,	 ''	,	 'float'	,	 '0'	,	 'auto'	,	 'datetime'	,	 CURRENT_TIMESTAMP() 	,	 CURRENT_TIMESTAMP() 	,	14	);
INSERT INTO page_row_panel (PANEL_ID, TITLE, SORT_ORDER, PANEL_TYPE, CHART_TYPE, FRAGMENT_NAME, MAIN_YN, REFRESH_INTERVAL, LEGEND_VISIBLE, YAXIS_LABEL, YAXIS_UNIT, YAXIS_MIN, YAXIS_MAX, XAXIS_MODE, CREATE_TIME, UPDATE_TIME, PAGE_ROW_ID) values (	53	,	 'GC Count'	,	13	,	 'CHART'	,	 'area'	,	 'col-6-head-card-panel'	,	 'Y'	,	60000	,	1	,	 ''	,	 'sec'	,	 '0'	,	 'auto'	,	 'datetime'	,	 CURRENT_TIMESTAMP() 	,	 CURRENT_TIMESTAMP() 	,	14	);
INSERT INTO page_row_panel (PANEL_ID, TITLE, SORT_ORDER, PANEL_TYPE, CHART_TYPE, FRAGMENT_NAME, MAIN_YN, REFRESH_INTERVAL, LEGEND_VISIBLE, YAXIS_LABEL, YAXIS_UNIT, YAXIS_MIN, YAXIS_MAX, XAXIS_MODE, CREATE_TIME, UPDATE_TIME, PAGE_ROW_ID) values (	54	,	 'GC Time / 5 min.rate'	,	14	,	 'CHART'	,	 'area'	,	 'col-6-head-card-panel'	,	 'Y'	,	60000	,	1	,	 ''	,	 'float'	,	 '0'	,	 'auto'	,	 'datetime'	,	 CURRENT_TIMESTAMP() 	,	 CURRENT_TIMESTAMP() 	,	14	);
INSERT INTO page_row_panel (PANEL_ID, TITLE, SORT_ORDER, PANEL_TYPE, CHART_TYPE, FRAGMENT_NAME, MAIN_YN, REFRESH_INTERVAL, LEGEND_VISIBLE, YAXIS_LABEL, YAXIS_UNIT, YAXIS_MIN, YAXIS_MAX, XAXIS_MODE, CREATE_TIME, UPDATE_TIME, PAGE_ROW_ID) values (  55 ,   'DB Node' ,  1  ,   'CHART'       ,   'sparkline'       ,   'head-card-db-dummy'      ,   'Y'   ,  60000  ,  1  ,   ''        ,   'float'       ,   ''        ,   ''        ,   ''        ,  CURRENT_TIMESTAMP()    ,  CURRENT_TIMESTAMP()    ,  15 );
INSERT INTO page_row_panel (PANEL_ID, TITLE, SORT_ORDER, PANEL_TYPE, CHART_TYPE, FRAGMENT_NAME, MAIN_YN, REFRESH_INTERVAL, LEGEND_VISIBLE, YAXIS_LABEL, YAXIS_UNIT, YAXIS_MIN, YAXIS_MAX, XAXIS_MODE, CREATE_TIME, UPDATE_TIME, PAGE_ROW_ID) values (  56 ,   'Available Node'      ,  2  ,   'UPDOWN'      ,   ''        ,   'head-card-db-panel'      ,   'N'   ,  60000  ,  1  ,   ''        ,   'float'       ,   ''        ,   ''        ,   ''        ,  CURRENT_TIMESTAMP()    ,  CURRENT_TIMESTAMP()    ,  15 );
INSERT INTO page_row_panel (PANEL_ID, TITLE, SORT_ORDER, PANEL_TYPE, CHART_TYPE, FRAGMENT_NAME, MAIN_YN, REFRESH_INTERVAL, LEGEND_VISIBLE, YAXIS_LABEL, YAXIS_UNIT, YAXIS_MIN, YAXIS_MAX, XAXIS_MODE, CREATE_TIME, UPDATE_TIME, PAGE_ROW_ID) values (  57 ,   'CPU'     ,  3  ,   'CHART'       ,   'sparkline'       ,   'head-card-db-panel'      ,   'N'   ,  60000  ,  1  ,   ''        ,   '%'       ,   '0'       ,   '100'     ,   'datetime'        ,  CURRENT_TIMESTAMP()    ,  CURRENT_TIMESTAMP()    ,  15 );
INSERT INTO page_row_panel (PANEL_ID, TITLE, SORT_ORDER, PANEL_TYPE, CHART_TYPE, FRAGMENT_NAME, MAIN_YN, REFRESH_INTERVAL, LEGEND_VISIBLE, YAXIS_LABEL, YAXIS_UNIT, YAXIS_MIN, YAXIS_MAX, XAXIS_MODE, CREATE_TIME, UPDATE_TIME, PAGE_ROW_ID) values (  58 ,   'Memory'      ,  4  ,   'CHART'       ,   'sparkline'       ,   'head-card-db-panel'      ,   'N'   ,  60000  ,  1  ,   ''        ,   '%'       ,   '0'       ,   '100'     ,   'datetime'        ,  CURRENT_TIMESTAMP()    ,  CURRENT_TIMESTAMP()    ,  15 );
INSERT INTO page_row_panel (PANEL_ID, TITLE, SORT_ORDER, PANEL_TYPE, CHART_TYPE, FRAGMENT_NAME, MAIN_YN, REFRESH_INTERVAL, LEGEND_VISIBLE, YAXIS_LABEL, YAXIS_UNIT, YAXIS_MIN, YAXIS_MAX, XAXIS_MODE, CREATE_TIME, UPDATE_TIME, PAGE_ROW_ID) values (  59 ,   'Available Node'      ,  5  ,   'UPDOWN'      ,   ''        ,   'head-card-db-panel'      ,   'N'   ,  60000  ,  1  ,   ''        ,   'float'       ,   ''        ,   ''        ,   ''        ,  CURRENT_TIMESTAMP()    ,  CURRENT_TIMESTAMP()    ,  15 );
INSERT INTO page_row_panel (PANEL_ID, TITLE, SORT_ORDER, PANEL_TYPE, CHART_TYPE, FRAGMENT_NAME, MAIN_YN, REFRESH_INTERVAL, LEGEND_VISIBLE, YAXIS_LABEL, YAXIS_UNIT, YAXIS_MIN, YAXIS_MAX, XAXIS_MODE, CREATE_TIME, UPDATE_TIME, PAGE_ROW_ID) values (  60 ,   'CPU'     ,  6  ,   'CHART'       ,   'sparkline'       ,   'head-card-db-panel'      ,   'N'   ,  60000  ,  1  ,   ''        ,   '%'       ,   '0'       ,   '100'     ,   'datetime'        ,  CURRENT_TIMESTAMP()    ,  CURRENT_TIMESTAMP()    ,  15 );
INSERT INTO page_row_panel (PANEL_ID, TITLE, SORT_ORDER, PANEL_TYPE, CHART_TYPE, FRAGMENT_NAME, MAIN_YN, REFRESH_INTERVAL, LEGEND_VISIBLE, YAXIS_LABEL, YAXIS_UNIT, YAXIS_MIN, YAXIS_MAX, XAXIS_MODE, CREATE_TIME, UPDATE_TIME, PAGE_ROW_ID) values (  61 ,   'Memory'      ,  7  ,   'CHART'       ,   'sparkline'       ,   'head-card-db-panel'      ,   'N'   ,  60000  ,  1  ,   ''        ,   '%'       ,   '0'       ,   '100'     ,   'datetime'        ,  CURRENT_TIMESTAMP()    ,  CURRENT_TIMESTAMP()    ,  15 );
INSERT INTO page_row_panel (PANEL_ID, TITLE, SORT_ORDER, PANEL_TYPE, CHART_TYPE, FRAGMENT_NAME, MAIN_YN, REFRESH_INTERVAL, LEGEND_VISIBLE, YAXIS_LABEL, YAXIS_UNIT, YAXIS_MIN, YAXIS_MAX, XAXIS_MODE, CREATE_TIME, UPDATE_TIME, PAGE_ROW_ID) values (  62 ,   'Available Node'      ,  8  ,   'UPDOWN'      ,   ''        ,   'head-card-db-panel'      ,   'N'   ,  60000  ,  1  ,   ''        ,   'float'       ,   ''        ,   ''        ,   ''        ,  CURRENT_TIMESTAMP()    ,  CURRENT_TIMESTAMP()    ,  15 );
INSERT INTO page_row_panel (PANEL_ID, TITLE, SORT_ORDER, PANEL_TYPE, CHART_TYPE, FRAGMENT_NAME, MAIN_YN, REFRESH_INTERVAL, LEGEND_VISIBLE, YAXIS_LABEL, YAXIS_UNIT, YAXIS_MIN, YAXIS_MAX, XAXIS_MODE, CREATE_TIME, UPDATE_TIME, PAGE_ROW_ID) values (  63 ,   'CPU'     ,  9  ,   'CHART'       ,   'sparkline'       ,   'head-card-db-panel'      ,   'N'   ,  60000  ,  1  ,   ''        ,   '%'       ,   '0'       ,   '100'     ,   'datetime'        ,  CURRENT_TIMESTAMP()    ,  CURRENT_TIMESTAMP()    ,  15 );
INSERT INTO page_row_panel (PANEL_ID, TITLE, SORT_ORDER, PANEL_TYPE, CHART_TYPE, FRAGMENT_NAME, MAIN_YN, REFRESH_INTERVAL, LEGEND_VISIBLE, YAXIS_LABEL, YAXIS_UNIT, YAXIS_MIN, YAXIS_MAX, XAXIS_MODE, CREATE_TIME, UPDATE_TIME, PAGE_ROW_ID) values (  64 ,   'Memory'      ,  10 ,   'CHART'       ,   'sparkline'       ,   'head-card-db-panel'      ,   'N'   ,  60000  ,  1  ,   ''        ,   '%'       ,   '0'       ,   '100'     ,   'datetime'        ,  CURRENT_TIMESTAMP()    ,  CURRENT_TIMESTAMP()    ,  15 );
INSERT INTO page_row_panel (PANEL_ID, TITLE, SORT_ORDER, PANEL_TYPE, CHART_TYPE, FRAGMENT_NAME, MAIN_YN, REFRESH_INTERVAL, LEGEND_VISIBLE, YAXIS_LABEL, YAXIS_UNIT, YAXIS_MIN, YAXIS_MAX, XAXIS_MODE, CREATE_TIME, UPDATE_TIME, PAGE_ROW_ID) values (  65 ,   'Parallel query'       ,  3  ,   'CHART'       ,   'sparkline'       ,   'headless-card-panel'     ,   'Y'   ,  60000  ,  1  ,   ''        ,   'float'       ,   '0'       ,   'auto'        ,   'datetime'        ,  CURRENT_TIMESTAMP()    ,  CURRENT_TIMESTAMP()    ,  16 );
INSERT INTO page_row_panel (PANEL_ID, TITLE, SORT_ORDER, PANEL_TYPE, CHART_TYPE, FRAGMENT_NAME, MAIN_YN, REFRESH_INTERVAL, LEGEND_VISIBLE, YAXIS_LABEL, YAXIS_UNIT, YAXIS_MIN, YAXIS_MAX, XAXIS_MODE, CREATE_TIME, UPDATE_TIME, PAGE_ROW_ID) values (  66 ,   'Number of commit (1m)'        ,  4  ,   'CHART'       ,   'sparkline'       ,   'headless-card-panel'     ,   'Y'   ,  60000  ,  1  ,   ''        ,   'float'       ,   '0'       ,   'auto'        ,   'datetime'        ,  CURRENT_TIMESTAMP()    ,  CURRENT_TIMESTAMP()    ,  16 );
INSERT INTO page_row_panel (PANEL_ID, TITLE, SORT_ORDER, PANEL_TYPE, CHART_TYPE, FRAGMENT_NAME, MAIN_YN, REFRESH_INTERVAL, LEGEND_VISIBLE, YAXIS_LABEL, YAXIS_UNIT, YAXIS_MIN, YAXIS_MAX, XAXIS_MODE, CREATE_TIME, UPDATE_TIME, PAGE_ROW_ID) values (  67 ,   'Active session'      ,  1  ,   'CHART'       ,   'sparkline'       ,   'headless-card-panel'     ,   'Y'   ,  60000  ,  1  ,   ''        ,   'float'       ,   '0'       ,   'auto'        ,   'datetime'        ,  CURRENT_TIMESTAMP()    ,  CURRENT_TIMESTAMP()    ,  16 );
INSERT INTO page_row_panel (PANEL_ID, TITLE, SORT_ORDER, PANEL_TYPE, CHART_TYPE, FRAGMENT_NAME, MAIN_YN, REFRESH_INTERVAL, LEGEND_VISIBLE, YAXIS_LABEL, YAXIS_UNIT, YAXIS_MIN, YAXIS_MAX, XAXIS_MODE, CREATE_TIME, UPDATE_TIME, PAGE_ROW_ID) values (  68 ,   'Process count'       ,  2  ,   'CHART'       ,   'sparkline'       ,   'headless-card-panel'     ,   'Y'   ,  60000  ,  1  ,   ''        ,   'float'       ,   '0'       ,   'auto'        ,   'datetime'        ,  CURRENT_TIMESTAMP()    ,  CURRENT_TIMESTAMP()    ,  16 );
INSERT INTO page_row_panel (PANEL_ID, TITLE, SORT_ORDER, PANEL_TYPE, CHART_TYPE, FRAGMENT_NAME, MAIN_YN, REFRESH_INTERVAL, LEGEND_VISIBLE, YAXIS_LABEL, YAXIS_UNIT, YAXIS_MIN, YAXIS_MAX, XAXIS_MODE, CREATE_TIME, UPDATE_TIME, PAGE_ROW_ID) values (  69 ,   'User rollback (1m)'       ,  5  ,   'CHART'       ,   'sparkline'       ,   'headless-card-panel'     ,   'Y'   ,  60000  ,  1  ,   ''        ,   'float'       ,   '0'       ,   'auto'        ,   'datetime'        ,  CURRENT_TIMESTAMP()    ,  CURRENT_TIMESTAMP()    ,  16 );
INSERT INTO page_row_panel (PANEL_ID, TITLE, SORT_ORDER, PANEL_TYPE, CHART_TYPE, FRAGMENT_NAME, MAIN_YN, REFRESH_INTERVAL, LEGEND_VISIBLE, YAXIS_LABEL, YAXIS_UNIT, YAXIS_MIN, YAXIS_MAX, XAXIS_MODE, CREATE_TIME, UPDATE_TIME, PAGE_ROW_ID) values (  70 ,   'Concurrent wait time'        ,  7  ,   'CHART'       ,   'area'        ,   'head-card-panel'     ,   'Y'   ,  60000  ,  1  ,   ''        ,   'sec'     ,   '0'       ,   'auto'        ,   'datetime'        ,  CURRENT_TIMESTAMP()    ,  CURRENT_TIMESTAMP()    ,  16 );
INSERT INTO page_row_panel (PANEL_ID, TITLE, SORT_ORDER, PANEL_TYPE, CHART_TYPE, FRAGMENT_NAME, MAIN_YN, REFRESH_INTERVAL, LEGEND_VISIBLE, YAXIS_LABEL, YAXIS_UNIT, YAXIS_MIN, YAXIS_MAX, XAXIS_MODE, CREATE_TIME, UPDATE_TIME, PAGE_ROW_ID) values (  71 ,   'Commit wait time'        ,  8  ,   'CHART'       ,   'area'        ,   'head-card-panel'     ,   'Y'   ,  60000  ,  1  ,   ''        ,   'sec'     ,   '0'       ,   'auto'        ,   'datetime'        ,  CURRENT_TIMESTAMP()    ,  CURRENT_TIMESTAMP()    ,  16 );
INSERT INTO page_row_panel (PANEL_ID, TITLE, SORT_ORDER, PANEL_TYPE, CHART_TYPE, FRAGMENT_NAME, MAIN_YN, REFRESH_INTERVAL, LEGEND_VISIBLE, YAXIS_LABEL, YAXIS_UNIT, YAXIS_MIN, YAXIS_MAX, XAXIS_MODE, CREATE_TIME, UPDATE_TIME, PAGE_ROW_ID) values (  72 ,   'Application waiting'     ,  9  ,   'CHART'       ,   'area'        ,   'head-card-panel'     ,   'Y'   ,  60000  ,  1  ,   ''        ,   'sec'     ,   '0'       ,   'auto'        ,   'datetime'        ,  CURRENT_TIMESTAMP()    ,  CURRENT_TIMESTAMP()    ,  16 );
INSERT INTO page_row_panel (PANEL_ID, TITLE, SORT_ORDER, PANEL_TYPE, CHART_TYPE, FRAGMENT_NAME, MAIN_YN, REFRESH_INTERVAL, LEGEND_VISIBLE, YAXIS_LABEL, YAXIS_UNIT, YAXIS_MIN, YAXIS_MAX, XAXIS_MODE, CREATE_TIME, UPDATE_TIME, PAGE_ROW_ID) values (  73 ,   'Network waiting'     ,  10  ,   'CHART'       ,   'area'        ,   'head-card-panel'     ,   'Y'   ,  60000  ,  1  ,   ''        ,   'sec'     ,   '0'       ,   'auto'        ,   'datetime'        ,  CURRENT_TIMESTAMP()    ,  CURRENT_TIMESTAMP()    ,  16 );
INSERT INTO page_row_panel (PANEL_ID, TITLE, SORT_ORDER, PANEL_TYPE, CHART_TYPE, FRAGMENT_NAME, MAIN_YN, REFRESH_INTERVAL, LEGEND_VISIBLE, YAXIS_LABEL, YAXIS_UNIT, YAXIS_MIN, YAXIS_MAX, XAXIS_MODE, CREATE_TIME, UPDATE_TIME, PAGE_ROW_ID) values (  74 ,   'System I/O wait'     ,  11 ,   'CHART'       ,   'area'        ,   'head-card-panel'     ,   'Y'   ,  60000  ,  1  ,   ''        ,   'sec'     ,   '0'       ,   'auto'        ,   'datetime'        ,  CURRENT_TIMESTAMP()    ,  CURRENT_TIMESTAMP()    ,  16 );
INSERT INTO page_row_panel (PANEL_ID, TITLE, SORT_ORDER, PANEL_TYPE, CHART_TYPE, FRAGMENT_NAME, MAIN_YN, REFRESH_INTERVAL, LEGEND_VISIBLE, YAXIS_LABEL, YAXIS_UNIT, YAXIS_MIN, YAXIS_MAX, XAXIS_MODE, CREATE_TIME, UPDATE_TIME, PAGE_ROW_ID) values (  75 ,   'User I/O wait'       ,  12 ,   'CHART'       ,   'area'        ,   'head-card-panel'     ,   'Y'   ,  60000  ,  1  ,   ''        ,   'sec'     ,   '0'       ,   'auto'        ,   'datetime'        ,  CURRENT_TIMESTAMP()    ,  CURRENT_TIMESTAMP()    ,  16 );
INSERT INTO page_row_panel (PANEL_ID, TITLE, SORT_ORDER, PANEL_TYPE, CHART_TYPE, FRAGMENT_NAME, MAIN_YN, REFRESH_INTERVAL, LEGEND_VISIBLE, YAXIS_LABEL, YAXIS_UNIT, YAXIS_MIN, YAXIS_MAX, XAXIS_MODE, CREATE_TIME, UPDATE_TIME, PAGE_ROW_ID) values (  76 ,   'Configuring wait'        ,  13 ,   'CHART'       ,   'area'        ,   'head-card-panel'     ,   'Y'   ,  60000  ,  1  ,   ''        ,   'sec'     ,   '0'       ,   'auto'        ,   'datetime'        ,  CURRENT_TIMESTAMP()    ,  CURRENT_TIMESTAMP()    ,  16 );
INSERT INTO page_row_panel (PANEL_ID, TITLE, SORT_ORDER, PANEL_TYPE, CHART_TYPE, FRAGMENT_NAME, MAIN_YN, REFRESH_INTERVAL, LEGEND_VISIBLE, YAXIS_LABEL, YAXIS_UNIT, YAXIS_MIN, YAXIS_MAX, XAXIS_MODE, CREATE_TIME, UPDATE_TIME, PAGE_ROW_ID) values (  77 ,   'Scheduler wait'      ,  14 ,   'CHART'       ,   'area'        ,   'head-card-panel'     ,   'Y'   ,  60000  ,  1  ,   ''        ,   'sec'     ,   '0'       ,   'auto'        ,   'datetime'        ,  CURRENT_TIMESTAMP()    ,  CURRENT_TIMESTAMP()    ,  16 );
INSERT INTO page_row_panel (PANEL_ID, TITLE, SORT_ORDER, PANEL_TYPE, CHART_TYPE, FRAGMENT_NAME, MAIN_YN, REFRESH_INTERVAL, LEGEND_VISIBLE, YAXIS_LABEL, YAXIS_UNIT, YAXIS_MIN, YAXIS_MAX, XAXIS_MODE, CREATE_TIME, UPDATE_TIME, PAGE_ROW_ID) values (  78 ,   'Resource utilization'        ,  15 ,   'CHART'       ,   'area'        ,   'head-card-panel'   ,   'Y'   ,  60000  ,  1  ,   ''        ,   ''    ,   '0'       ,   'auto'        ,   'datetime'        ,  CURRENT_TIMESTAMP()    ,  CURRENT_TIMESTAMP()    ,  16 );
INSERT INTO page_row_panel (PANEL_ID, TITLE, SORT_ORDER, PANEL_TYPE, CHART_TYPE, FRAGMENT_NAME, MAIN_YN, REFRESH_INTERVAL, LEGEND_VISIBLE, YAXIS_LABEL, YAXIS_UNIT, YAXIS_MIN, YAXIS_MAX, XAXIS_MODE, CREATE_TIME, UPDATE_TIME, PAGE_ROW_ID) values (  79 ,   'Table spaces'        ,  16 ,   'METRIC_TABLE'    ,   ''        ,   'col-6-head-card-panel-in-table'      ,   'Y'   ,  60000  ,  1  ,   ''        ,   ''        ,   ''        ,   ''        ,   ''        ,  CURRENT_TIMESTAMP()    ,  CURRENT_TIMESTAMP()    ,  16 );
INSERT INTO page_row_panel (PANEL_ID, TITLE, SORT_ORDER, PANEL_TYPE, CHART_TYPE, FRAGMENT_NAME, MAIN_YN, REFRESH_INTERVAL, LEGEND_VISIBLE, YAXIS_LABEL, YAXIS_UNIT, YAXIS_MIN, YAXIS_MAX, XAXIS_MODE, CREATE_TIME, UPDATE_TIME, PAGE_ROW_ID) values (  161 ,   'Lock wait'       ,  6  ,   'CHART'       ,   'area'       ,   'head-card-panel'     ,   'Y'   ,  60000  ,  1  ,   ''        ,   'float'       ,   '0'       ,   'auto'        ,   'datetime'        ,  CURRENT_TIMESTAMP()    ,  CURRENT_TIMESTAMP()    ,  16 );
INSERT INTO page_row_panel (PANEL_ID, TITLE, SORT_ORDER, PANEL_TYPE, CHART_TYPE, FRAGMENT_NAME, MAIN_YN, REFRESH_INTERVAL, LEGEND_VISIBLE, YAXIS_LABEL, YAXIS_UNIT, YAXIS_MIN, YAXIS_MAX, XAXIS_MODE, CREATE_TIME, UPDATE_TIME, PAGE_ROW_ID) values (  162 ,   'Error log'       ,  17  ,   'METRIC_TABLE'       ,   ''       ,   'head-card-panel-in-table'     ,   'Y'   ,  60000  ,  1  ,   ''        ,   ''       ,   ''       ,   ''        ,   ''        ,  CURRENT_TIMESTAMP()    ,  CURRENT_TIMESTAMP()    ,  16 );
INSERT INTO page_row_panel (PANEL_ID, TITLE, SORT_ORDER, PANEL_TYPE, CHART_TYPE, FRAGMENT_NAME, MAIN_YN, REFRESH_INTERVAL, LEGEND_VISIBLE, YAXIS_LABEL, YAXIS_UNIT, YAXIS_MIN, YAXIS_MAX, XAXIS_MODE, CREATE_TIME, UPDATE_TIME, PAGE_ROW_ID) values (	80	,	 'CPU'	,	1	,	 'CHART'	,	 'sparkline'	,	 'headless-card-panel'   	,	 'Y'	,	60000	,	1	,	 ''	,	 '%'	,	 ''	,	 ''	,	 ''	,	CURRENT_TIMESTAMP()	,	CURRENT_TIMESTAMP()	,	18	);
INSERT INTO page_row_panel (PANEL_ID, TITLE, SORT_ORDER, PANEL_TYPE, CHART_TYPE, FRAGMENT_NAME, MAIN_YN, REFRESH_INTERVAL, LEGEND_VISIBLE, YAXIS_LABEL, YAXIS_UNIT, YAXIS_MIN, YAXIS_MAX, XAXIS_MODE, CREATE_TIME, UPDATE_TIME, PAGE_ROW_ID) values (	81	,	 'Memory'	,	2	,	 'CHART'	,	 'sparkline'	,	 'headless-card-panel'   	,	 'Y'	,	60000	,	1	,	 ''	,	 '%'	,	 ''	,	 ''	,	 ''	,	CURRENT_TIMESTAMP()	,	CURRENT_TIMESTAMP()	,	18	);
INSERT INTO page_row_panel (PANEL_ID, TITLE, SORT_ORDER, PANEL_TYPE, CHART_TYPE, FRAGMENT_NAME, MAIN_YN, REFRESH_INTERVAL, LEGEND_VISIBLE, YAXIS_LABEL, YAXIS_UNIT, YAXIS_MIN, YAXIS_MAX, XAXIS_MODE, CREATE_TIME, UPDATE_TIME, PAGE_ROW_ID) values (	82	,	 'Disk'	,	3	,	 'CHART'	,	 'sparkline'	,	 'headless-card-panel'   	,	 'Y'	,	60000	,	1	,	 ''	,	 '%'	,	 ''	,	 ''	,	 ''	,	CURRENT_TIMESTAMP()	,	CURRENT_TIMESTAMP()	,	18	);
INSERT INTO page_row_panel (PANEL_ID, TITLE, SORT_ORDER, PANEL_TYPE, CHART_TYPE, FRAGMENT_NAME, MAIN_YN, REFRESH_INTERVAL, LEGEND_VISIBLE, YAXIS_LABEL, YAXIS_UNIT, YAXIS_MIN, YAXIS_MAX, XAXIS_MODE, CREATE_TIME, UPDATE_TIME, PAGE_ROW_ID) values (	83	,	 'CPU'	,	4	,	 'CHART'	,	 'multiplegauge'	,	 'col-3-headless-card-panel'   	,	 'Y'	,	60000	,	1	,	 ''	,	 '%'	,	 '0'	,	 ''	,	 ''	,	CURRENT_TIMESTAMP()	,	CURRENT_TIMESTAMP()	,	19	);
INSERT INTO page_row_panel (PANEL_ID, TITLE, SORT_ORDER, PANEL_TYPE, CHART_TYPE, FRAGMENT_NAME, MAIN_YN, REFRESH_INTERVAL, LEGEND_VISIBLE, YAXIS_LABEL, YAXIS_UNIT, YAXIS_MIN, YAXIS_MAX, XAXIS_MODE, CREATE_TIME, UPDATE_TIME, PAGE_ROW_ID) values (	84	,	 'Memory'	,	5	,	 'CHART'	,	 'multiplegauge'	,	 'col-3-headless-card-panel'   	,	 'Y'	,	60000	,	1	,	 ''	,	 '%'	,	 '0'	,	 ''	,	 ''	,	CURRENT_TIMESTAMP()	,	CURRENT_TIMESTAMP()	,	19	);
INSERT INTO page_row_panel (PANEL_ID, TITLE, SORT_ORDER, PANEL_TYPE, CHART_TYPE, FRAGMENT_NAME, MAIN_YN, REFRESH_INTERVAL, LEGEND_VISIBLE, YAXIS_LABEL, YAXIS_UNIT, YAXIS_MIN, YAXIS_MAX, XAXIS_MODE, CREATE_TIME, UPDATE_TIME, PAGE_ROW_ID) values (	85	,	 'Disk'	,	6	,	 'CHART'	,	 'multiplegauge'	,	 'col-3-headless-card-panel'   	,	 'Y'	,	60000	,	1	,	 ''	,	 '%'	,	 '0'	,	 ''	,	 ''	,	CURRENT_TIMESTAMP()	,	CURRENT_TIMESTAMP()	,	19	);
INSERT INTO page_row_panel (PANEL_ID, TITLE, SORT_ORDER, PANEL_TYPE, CHART_TYPE, FRAGMENT_NAME, MAIN_YN, REFRESH_INTERVAL, LEGEND_VISIBLE, YAXIS_LABEL, YAXIS_UNIT, YAXIS_MIN, YAXIS_MAX, XAXIS_MODE, CREATE_TIME, UPDATE_TIME, PAGE_ROW_ID) values (	86	,	 'POD'	,	7	,	 'CHART'	,	 'multiplegauge'	,	 'col-3-headless-card-panel'   	,	 'Y'	,	60000	,	1	,	 ''	,	 '%'	,	 '0'	,	 ''	,	 ''	,	CURRENT_TIMESTAMP()	,	CURRENT_TIMESTAMP()	,	19	);
INSERT INTO page_row_panel (PANEL_ID, TITLE, SORT_ORDER, PANEL_TYPE, CHART_TYPE, FRAGMENT_NAME, MAIN_YN, REFRESH_INTERVAL, LEGEND_VISIBLE, YAXIS_LABEL, YAXIS_UNIT, YAXIS_MIN, YAXIS_MAX, XAXIS_MODE, CREATE_TIME, UPDATE_TIME, PAGE_ROW_ID) values (	87	,	 'CPU'	,	1	,	 'BADGE'	,	 ''	,	 'col-4-value-card-panel'   	,	 'Y'	,	60000	,	1	,	 ''	,	 'vCPU'	,	 ''	,	 ''	,	 ''	,	CURRENT_TIMESTAMP()	,	CURRENT_TIMESTAMP()	,	20	);
INSERT INTO page_row_panel (PANEL_ID, TITLE, SORT_ORDER, PANEL_TYPE, CHART_TYPE, FRAGMENT_NAME, MAIN_YN, REFRESH_INTERVAL, LEGEND_VISIBLE, YAXIS_LABEL, YAXIS_UNIT, YAXIS_MIN, YAXIS_MAX, XAXIS_MODE, CREATE_TIME, UPDATE_TIME, PAGE_ROW_ID) values (	88	,	 'Memory'	,	2	,	 'BADGE'	,	 ''	,	 'col-4-value-card-panel'   	,	 'Y'	,	60000	,	1	,	 ''	,	 'bytes'	,	 ''	,	 ''	,	 ''	,	CURRENT_TIMESTAMP()	,	CURRENT_TIMESTAMP()	,	20	);
INSERT INTO page_row_panel (PANEL_ID, TITLE, SORT_ORDER, PANEL_TYPE, CHART_TYPE, FRAGMENT_NAME, MAIN_YN, REFRESH_INTERVAL, LEGEND_VISIBLE, YAXIS_LABEL, YAXIS_UNIT, YAXIS_MIN, YAXIS_MAX, XAXIS_MODE, CREATE_TIME, UPDATE_TIME, PAGE_ROW_ID) values (	89	,	 'Disk'	,	3	,	 'BADGE'	,	 ''	,	 'col-4-value-card-panel'   	,	 'Y'	,	60000	,	1	,	 ''	,	 'bytes'	,	 ''	,	 ''	,	 ''	,	CURRENT_TIMESTAMP()	,	CURRENT_TIMESTAMP()	,	20	);
INSERT INTO page_row_panel (PANEL_ID, TITLE, SORT_ORDER, PANEL_TYPE, CHART_TYPE, FRAGMENT_NAME, MAIN_YN, REFRESH_INTERVAL, LEGEND_VISIBLE, YAXIS_LABEL, YAXIS_UNIT, YAXIS_MIN, YAXIS_MAX, XAXIS_MODE, CREATE_TIME, UPDATE_TIME, PAGE_ROW_ID) values (	90	,	 'Nodes'	,	4	,	 'CHART'	,	 'multiplegauge'	,	 'head-card-panel'   	,	 'Y'	,	60000	,	1	,	 ''	,	 ''	,	 '-0.1'	,	 '50'	,	 'datetime'	,	CURRENT_TIMESTAMP()	,	CURRENT_TIMESTAMP()	,	21	);
INSERT INTO page_row_panel (PANEL_ID, TITLE, SORT_ORDER, PANEL_TYPE, CHART_TYPE, FRAGMENT_NAME, MAIN_YN, REFRESH_INTERVAL, LEGEND_VISIBLE, YAXIS_LABEL, YAXIS_UNIT, YAXIS_MIN, YAXIS_MAX, XAXIS_MODE, CREATE_TIME, UPDATE_TIME, PAGE_ROW_ID) values (	91	,	 'CPU'	,	5	,	 'CHART'	,	 'area'	,	 'head-card-panel'   	,	 'Y'	,	60000	,	1	,	 ''	,	 ''	,	 ''	,	 ''	,	 'datetime'	,	CURRENT_TIMESTAMP()	,	CURRENT_TIMESTAMP()	,	21	);
INSERT INTO page_row_panel (PANEL_ID, TITLE, SORT_ORDER, PANEL_TYPE, CHART_TYPE, FRAGMENT_NAME, MAIN_YN, REFRESH_INTERVAL, LEGEND_VISIBLE, YAXIS_LABEL, YAXIS_UNIT, YAXIS_MIN, YAXIS_MAX, XAXIS_MODE, CREATE_TIME, UPDATE_TIME, PAGE_ROW_ID) values (	92	,	 'Memory'	,	6	,	 'CHART'	,	 'area'	,	 'head-card-panel'   	,	 'Y'	,	60000	,	1	,	 ''	,	 'bytes'	,	 ''	,	 ''	,	 'datetime'	,	CURRENT_TIMESTAMP()	,	CURRENT_TIMESTAMP()	,	21	);
INSERT INTO page_row_panel (PANEL_ID, TITLE, SORT_ORDER, PANEL_TYPE, CHART_TYPE, FRAGMENT_NAME, MAIN_YN, REFRESH_INTERVAL, LEGEND_VISIBLE, YAXIS_LABEL, YAXIS_UNIT, YAXIS_MIN, YAXIS_MAX, XAXIS_MODE, CREATE_TIME, UPDATE_TIME, PAGE_ROW_ID) values (	93	,	 'Disk'	,	7	,	 'CHART'	,	 'area'	,	 'head-card-panel'   	,	 'Y'	,	60000	,	1	,	 ''	,	 'bytes'	,	 ''	,	 ''	,	 'datetime'	,	CURRENT_TIMESTAMP()	,	CURRENT_TIMESTAMP()	,	21	);
INSERT INTO page_row_panel (PANEL_ID, TITLE, SORT_ORDER, PANEL_TYPE, CHART_TYPE, FRAGMENT_NAME, MAIN_YN, REFRESH_INTERVAL, LEGEND_VISIBLE, YAXIS_LABEL, YAXIS_UNIT, YAXIS_MIN, YAXIS_MAX, XAXIS_MODE, CREATE_TIME, UPDATE_TIME, PAGE_ROW_ID) values (	94	,	 'Pods'	,	8	,	 'CHART'	,	 'multiplegauge'	,	 'head-card-panel'   	,	 'Y'	,	60000	,	1	,	 ''	,	 ''	,	 '-0.1'	,	 '200'	,	 'datetime'	,	CURRENT_TIMESTAMP()	,	CURRENT_TIMESTAMP()	,	22	);
INSERT INTO page_row_panel (PANEL_ID, TITLE, SORT_ORDER, PANEL_TYPE, CHART_TYPE, FRAGMENT_NAME, MAIN_YN, REFRESH_INTERVAL, LEGEND_VISIBLE, YAXIS_LABEL, YAXIS_UNIT, YAXIS_MIN, YAXIS_MAX, XAXIS_MODE, CREATE_TIME, UPDATE_TIME, PAGE_ROW_ID) values (	95	,	 'CPU'	,	9	,	 'CHART'	,	 'area'	,	 'head-card-panel'   	,	 'Y'	,	60000	,	1	,	 ''	,	 '%'	,	 ''	,	 ''	,	 'datetime'	,	CURRENT_TIMESTAMP()	,	CURRENT_TIMESTAMP()	,	22	);
INSERT INTO page_row_panel (PANEL_ID, TITLE, SORT_ORDER, PANEL_TYPE, CHART_TYPE, FRAGMENT_NAME, MAIN_YN, REFRESH_INTERVAL, LEGEND_VISIBLE, YAXIS_LABEL, YAXIS_UNIT, YAXIS_MIN, YAXIS_MAX, XAXIS_MODE, CREATE_TIME, UPDATE_TIME, PAGE_ROW_ID) values (	96	,	 'Memory'	,	10	,	 'CHART'	,	 'area'	,	 'head-card-panel'   	,	 'Y'	,	60000	,	1	,	 ''	,	 'bytes'	,	 ''	,	 ''	,	 'datetime'	,	CURRENT_TIMESTAMP()	,	CURRENT_TIMESTAMP()	,	22	);
INSERT INTO page_row_panel (PANEL_ID, TITLE, SORT_ORDER, PANEL_TYPE, CHART_TYPE, FRAGMENT_NAME, MAIN_YN, REFRESH_INTERVAL, LEGEND_VISIBLE, YAXIS_LABEL, YAXIS_UNIT, YAXIS_MIN, YAXIS_MAX, XAXIS_MODE, CREATE_TIME, UPDATE_TIME, PAGE_ROW_ID) values (	97	,	 'Network'	,	11	,	 'CHART'	,	 'area'	,	 'head-card-panel'   	,	 'Y'	,	60000	,	1	,	 ''	,	 'bytes'	,	 ''	,	 ''	,	 'datetime'	,	CURRENT_TIMESTAMP()	,	CURRENT_TIMESTAMP()	,	22	);
INSERT INTO page_row_panel (PANEL_ID, TITLE, SORT_ORDER, PANEL_TYPE, CHART_TYPE, FRAGMENT_NAME, MAIN_YN, REFRESH_INTERVAL, LEGEND_VISIBLE, YAXIS_LABEL, YAXIS_UNIT, YAXIS_MIN, YAXIS_MAX, XAXIS_MODE, CREATE_TIME, UPDATE_TIME, PAGE_ROW_ID) values (	98	,	 'CPU intensive top 5'	,	12	,	 'CHART'	,	 'bar'	,	 'col-6-head-card-panel'   	,	 'Y'	,	60000	,	1	,	 ''	,	 '%'	,	 ''	,	 ''	,	 ''	,	CURRENT_TIMESTAMP()	,	CURRENT_TIMESTAMP()	,	22	);
INSERT INTO page_row_panel (PANEL_ID, TITLE, SORT_ORDER, PANEL_TYPE, CHART_TYPE, FRAGMENT_NAME, MAIN_YN, REFRESH_INTERVAL, LEGEND_VISIBLE, YAXIS_LABEL, YAXIS_UNIT, YAXIS_MIN, YAXIS_MAX, XAXIS_MODE, CREATE_TIME, UPDATE_TIME, PAGE_ROW_ID) values (	99	,	 'Memory intensive top 5'	,	13	,	 'CHART'	,	 'bar'	,	 'col-6-head-card-panel'   	,	 'Y'	,	60000	,	1	,	 ''	,	 'bytes'	,	 ''	,	 ''	,	 ''	,	CURRENT_TIMESTAMP()	,	CURRENT_TIMESTAMP()	,	22	);
INSERT INTO page_row_panel (PANEL_ID, TITLE, SORT_ORDER, PANEL_TYPE, CHART_TYPE, FRAGMENT_NAME, MAIN_YN, REFRESH_INTERVAL, LEGEND_VISIBLE, YAXIS_LABEL, YAXIS_UNIT, YAXIS_MIN, YAXIS_MAX, XAXIS_MODE, CREATE_TIME, UPDATE_TIME, PAGE_ROW_ID) values (	100	,	 'Pods'	,	1	,	 'CHART'	,	 'multiplegauge'	,	 'col-2-head-card-panel'   	,	 'Y'	,	60000	,	1	,	 ''	,	 'float'	,	 '0'	,	 '100'	,	 ''	,	CURRENT_TIMESTAMP()	,	CURRENT_TIMESTAMP()	,	24	);
INSERT INTO page_row_panel (PANEL_ID, TITLE, SORT_ORDER, PANEL_TYPE, CHART_TYPE, FRAGMENT_NAME, MAIN_YN, REFRESH_INTERVAL, LEGEND_VISIBLE, YAXIS_LABEL, YAXIS_UNIT, YAXIS_MIN, YAXIS_MAX, XAXIS_MODE, CREATE_TIME, UPDATE_TIME, PAGE_ROW_ID) values (	101	,	 'Deployments'	,	2	,	 'CHART'	,	 'multiplegauge'	,	 'col-2-head-card-panel'   	,	 'Y'	,	60000	,	1	,	 ''	,	 'float'	,	 '0'	,	 '100'	,	 ''	,	CURRENT_TIMESTAMP()	,	CURRENT_TIMESTAMP()	,	24	);
INSERT INTO page_row_panel (PANEL_ID, TITLE, SORT_ORDER, PANEL_TYPE, CHART_TYPE, FRAGMENT_NAME, MAIN_YN, REFRESH_INTERVAL, LEGEND_VISIBLE, YAXIS_LABEL, YAXIS_UNIT, YAXIS_MIN, YAXIS_MAX, XAXIS_MODE, CREATE_TIME, UPDATE_TIME, PAGE_ROW_ID) values (	102	,	 'StatefulSets'	,	3	,	 'CHART'	,	 'multiplegauge'	,	 'col-2-head-card-panel'   	,	 'Y'	,	60000	,	1	,	 ''	,	 'float'	,	 '0'	,	 '100'	,	 ''	,	CURRENT_TIMESTAMP()	,	CURRENT_TIMESTAMP()	,	24	);
INSERT INTO page_row_panel (PANEL_ID, TITLE, SORT_ORDER, PANEL_TYPE, CHART_TYPE, FRAGMENT_NAME, MAIN_YN, REFRESH_INTERVAL, LEGEND_VISIBLE, YAXIS_LABEL, YAXIS_UNIT, YAXIS_MIN, YAXIS_MAX, XAXIS_MODE, CREATE_TIME, UPDATE_TIME, PAGE_ROW_ID) values (	103	,	 'DaemonSets'	,	4	,	 'CHART'	,	 'multiplegauge'	,	 'col-2-head-card-panel'   	,	 'Y'	,	60000	,	1	,	 ''	,	 'float'	,	 '0'	,	 '100'	,	 ''	,	CURRENT_TIMESTAMP()	,	CURRENT_TIMESTAMP()	,	24	);
INSERT INTO page_row_panel (PANEL_ID, TITLE, SORT_ORDER, PANEL_TYPE, CHART_TYPE, FRAGMENT_NAME, MAIN_YN, REFRESH_INTERVAL, LEGEND_VISIBLE, YAXIS_LABEL, YAXIS_UNIT, YAXIS_MIN, YAXIS_MAX, XAXIS_MODE, CREATE_TIME, UPDATE_TIME, PAGE_ROW_ID) values (	104	,	 'Jobs'	,	5	,	 'CHART'	,	 'multiplegauge'	,	 'col-2-head-card-panel'   	,	 'Y'	,	60000	,	1	,	 ''	,	 'float'	,	 '0'	,	 '100'	,	 ''	,	CURRENT_TIMESTAMP()	,	CURRENT_TIMESTAMP()	,	24	);
INSERT INTO page_row_panel (PANEL_ID, TITLE, SORT_ORDER, PANEL_TYPE, CHART_TYPE, FRAGMENT_NAME, MAIN_YN, REFRESH_INTERVAL, LEGEND_VISIBLE, YAXIS_LABEL, YAXIS_UNIT, YAXIS_MIN, YAXIS_MAX, XAXIS_MODE, CREATE_TIME, UPDATE_TIME, PAGE_ROW_ID) values (	105	,	 'CronJobs'	,	6	,	 'CHART'	,	 'multiplegauge'	,	 'col-2-head-card-panel'   	,	 'Y'	,	60001	,	1	,	 ''	,	 'float'	,	 '0'	,	 '100'	,	 ''	,	CURRENT_TIMESTAMP()	,	CURRENT_TIMESTAMP()	,	24	);
INSERT INTO page_row_panel (PANEL_ID, TITLE, SORT_ORDER, PANEL_TYPE, CHART_TYPE, FRAGMENT_NAME, MAIN_YN, REFRESH_INTERVAL, LEGEND_VISIBLE, YAXIS_LABEL, YAXIS_UNIT, YAXIS_MIN, YAXIS_MAX, XAXIS_MODE, CREATE_TIME, UPDATE_TIME, PAGE_ROW_ID) values (	106	,	 ''	,	6	,	 'HTML_TABLE'	,	 'multiplegauge'	,	 'full-head-card-panel-in-table-modal'   	,	 'Y'	,	60002	,	1	,	 ''	,	 'float'	,	 '0'	,	 '100'	,	 ''	,	CURRENT_TIMESTAMP()	,	CURRENT_TIMESTAMP()	,	25	);
INSERT INTO page_row_panel (PANEL_ID, TITLE, SORT_ORDER, PANEL_TYPE, CHART_TYPE, FRAGMENT_NAME, MAIN_YN, REFRESH_INTERVAL, LEGEND_VISIBLE, YAXIS_LABEL, YAXIS_UNIT, YAXIS_MIN, YAXIS_MAX, XAXIS_MODE, CREATE_TIME, UPDATE_TIME, PAGE_ROW_ID) values (	107	,	 'CPU'	,	1	,	 'CHART'	,	 'area'	,	 'head-card-db-panel'   	,	 'Y'	,	60000	,	0	,	 ''	,	 'mCPU'	,	 ''	,	 ''	,	 'datetime'	,	CURRENT_TIMESTAMP()	,	CURRENT_TIMESTAMP()	,	26	);
INSERT INTO page_row_panel (PANEL_ID, TITLE, SORT_ORDER, PANEL_TYPE, CHART_TYPE, FRAGMENT_NAME, MAIN_YN, REFRESH_INTERVAL, LEGEND_VISIBLE, YAXIS_LABEL, YAXIS_UNIT, YAXIS_MIN, YAXIS_MAX, XAXIS_MODE, CREATE_TIME, UPDATE_TIME, PAGE_ROW_ID) values (	108	,	 'Memory'	,	2	,	 'CHART'	,	 'area'	,	 'head-card-db-panel'   	,	 'Y'	,	60000	,	0	,	 ''	,	 'bytes'	,	 ''	,	 ''	,	 'datetime'	,	CURRENT_TIMESTAMP()	,	CURRENT_TIMESTAMP()	,	26	);
INSERT INTO page_row_panel (PANEL_ID, TITLE, SORT_ORDER, PANEL_TYPE, CHART_TYPE, FRAGMENT_NAME, MAIN_YN, REFRESH_INTERVAL, LEGEND_VISIBLE, YAXIS_LABEL, YAXIS_UNIT, YAXIS_MIN, YAXIS_MAX, XAXIS_MODE, CREATE_TIME, UPDATE_TIME, PAGE_ROW_ID) values (	109	,	 'Network I/O'	,	3	,	 'CHART'	,	 'area'	,	 'head-card-db-panel'   	,	 'Y'	,	60000	,	0	,	 ''	,	 'pps'	,	 ''	,	 ''	,	 'datetime'	,	CURRENT_TIMESTAMP()	,	CURRENT_TIMESTAMP()	,	26	);
INSERT INTO page_row_panel (PANEL_ID, TITLE, SORT_ORDER, PANEL_TYPE, CHART_TYPE, FRAGMENT_NAME, MAIN_YN, REFRESH_INTERVAL, LEGEND_VISIBLE, YAXIS_LABEL, YAXIS_UNIT, YAXIS_MIN, YAXIS_MAX, XAXIS_MODE, CREATE_TIME, UPDATE_TIME, PAGE_ROW_ID) values (	110	,	 'Disk I/O'	,	4	,	 'CHART'	,	 'area'	,	 'head-card-db-panel'   	,	 'Y'	,	60000	,	0	,	 ''	,	 'bps'	,	 ''	,	 ''	,	 'datetime'	,	CURRENT_TIMESTAMP()	,	CURRENT_TIMESTAMP()	,	26	);
INSERT INTO page_row_panel (PANEL_ID, TITLE, SORT_ORDER, PANEL_TYPE, CHART_TYPE, FRAGMENT_NAME, MAIN_YN, REFRESH_INTERVAL, LEGEND_VISIBLE, YAXIS_LABEL, YAXIS_UNIT, YAXIS_MIN, YAXIS_MAX, XAXIS_MODE, CREATE_TIME, UPDATE_TIME, PAGE_ROW_ID) values (	111	,	 'CPU'	,	1	,	 'CHART'	,	 'area'	,	 'head-card-db-panel'   	,	 'Y'	,	60000	,	0	,	 ''	,	 'mCPU'	,	 ''	,	 ''	,	 'datetime'	,	CURRENT_TIMESTAMP()	,	CURRENT_TIMESTAMP()	,	27	);
INSERT INTO page_row_panel (PANEL_ID, TITLE, SORT_ORDER, PANEL_TYPE, CHART_TYPE, FRAGMENT_NAME, MAIN_YN, REFRESH_INTERVAL, LEGEND_VISIBLE, YAXIS_LABEL, YAXIS_UNIT, YAXIS_MIN, YAXIS_MAX, XAXIS_MODE, CREATE_TIME, UPDATE_TIME, PAGE_ROW_ID) values (	112	,	 'Memory'	,	2	,	 'CHART'	,	 'area'	,	 'head-card-db-panel'   	,	 'Y'	,	60000	,	0	,	 ''	,	 'bytes'	,	 ''	,	 ''	,	 'datetime'	,	CURRENT_TIMESTAMP()	,	CURRENT_TIMESTAMP()	,	27	);
INSERT INTO page_row_panel (PANEL_ID, TITLE, SORT_ORDER, PANEL_TYPE, CHART_TYPE, FRAGMENT_NAME, MAIN_YN, REFRESH_INTERVAL, LEGEND_VISIBLE, YAXIS_LABEL, YAXIS_UNIT, YAXIS_MIN, YAXIS_MAX, XAXIS_MODE, CREATE_TIME, UPDATE_TIME, PAGE_ROW_ID) values (	113	,	 'Disk I/O'	,	3	,	 'CHART'	,	 'area'	,	 'head-card-db-panel'   	,	 'Y'	,	60000	,	0	,	 ''	,	 'bps'	,	 ''	,	 ''	,	 'datetime'	,	CURRENT_TIMESTAMP()	,	CURRENT_TIMESTAMP()	,	27	);
INSERT INTO page_row_panel (PANEL_ID, TITLE, SORT_ORDER, PANEL_TYPE, CHART_TYPE, FRAGMENT_NAME, MAIN_YN, REFRESH_INTERVAL, LEGEND_VISIBLE, YAXIS_LABEL, YAXIS_UNIT, YAXIS_MIN, YAXIS_MAX, XAXIS_MODE, CREATE_TIME, UPDATE_TIME, PAGE_ROW_ID) values (	114	,	 'CPU'	,	1	,	 'CHART'	,	 'area'	,	 'head-card-db-panel'   	,	 'Y'	,	60000	,	0	,	 ''	,	 'float'	,	 ''	,	 ''	,	 'datetime'	,	CURRENT_TIMESTAMP()	,	CURRENT_TIMESTAMP()	,	28	);
INSERT INTO page_row_panel (PANEL_ID, TITLE, SORT_ORDER, PANEL_TYPE, CHART_TYPE, FRAGMENT_NAME, MAIN_YN, REFRESH_INTERVAL, LEGEND_VISIBLE, YAXIS_LABEL, YAXIS_UNIT, YAXIS_MIN, YAXIS_MAX, XAXIS_MODE, CREATE_TIME, UPDATE_TIME, PAGE_ROW_ID) values (	115	,	 'Memory'	,	2	,	 'CHART'	,	 'area'	,	 'head-card-db-panel'   	,	 'Y'	,	60000	,	0	,	 ''	,	 'bytes'	,	 ''	,	 ''	,	 'datetime'	,	CURRENT_TIMESTAMP()	,	CURRENT_TIMESTAMP()	,	28	);
INSERT INTO page_row_panel (PANEL_ID, TITLE, SORT_ORDER, PANEL_TYPE, CHART_TYPE, FRAGMENT_NAME, MAIN_YN, REFRESH_INTERVAL, LEGEND_VISIBLE, YAXIS_LABEL, YAXIS_UNIT, YAXIS_MIN, YAXIS_MAX, XAXIS_MODE, CREATE_TIME, UPDATE_TIME, PAGE_ROW_ID) values (	116	,	 'Network'	,	3	,	 'CHART'	,	 'area'	,	 'head-card-db-panel'   	,	 'Y'	,	60000	,	0	,	 ''	,	 'bps'	,	 ''	,	 ''	,	 'datetime'	,	CURRENT_TIMESTAMP()	,	CURRENT_TIMESTAMP()	,	28	);
INSERT INTO page_row_panel (PANEL_ID, TITLE, SORT_ORDER, PANEL_TYPE, CHART_TYPE, FRAGMENT_NAME, MAIN_YN, REFRESH_INTERVAL, LEGEND_VISIBLE, YAXIS_LABEL, YAXIS_UNIT, YAXIS_MIN, YAXIS_MAX, XAXIS_MODE, CREATE_TIME, UPDATE_TIME, PAGE_ROW_ID) values (	117	,	 'CPU'	,	1	,	 'CHART'	,	 'area'	,	 'head-card-db-panel'   	,	 'Y'	,	60000	,	0	,	 ''	,	 'float'	,	 ''	,	 ''	,	 'datetime'	,	CURRENT_TIMESTAMP()	,	CURRENT_TIMESTAMP()	,	29	);
INSERT INTO page_row_panel (PANEL_ID, TITLE, SORT_ORDER, PANEL_TYPE, CHART_TYPE, FRAGMENT_NAME, MAIN_YN, REFRESH_INTERVAL, LEGEND_VISIBLE, YAXIS_LABEL, YAXIS_UNIT, YAXIS_MIN, YAXIS_MAX, XAXIS_MODE, CREATE_TIME, UPDATE_TIME, PAGE_ROW_ID) values (	118	,	 'Memory'	,	2	,	 'CHART'	,	 'area'	,	 'head-card-db-panel'   	,	 'Y'	,	60000	,	0	,	 ''	,	 'bytes'	,	 ''	,	 ''	,	 'datetime'	,	CURRENT_TIMESTAMP()	,	CURRENT_TIMESTAMP()	,	29	);
INSERT INTO page_row_panel (PANEL_ID, TITLE, SORT_ORDER, PANEL_TYPE, CHART_TYPE, FRAGMENT_NAME, MAIN_YN, REFRESH_INTERVAL, LEGEND_VISIBLE, YAXIS_LABEL, YAXIS_UNIT, YAXIS_MIN, YAXIS_MAX, XAXIS_MODE, CREATE_TIME, UPDATE_TIME, PAGE_ROW_ID) values (	119	,	 'Network'	,	3	,	 'CHART'	,	 'area'	,	 'head-card-db-panel'   	,	 'Y'	,	60000	,	0	,	 ''	,	 'bps'	,	 ''	,	 ''	,	 'datetime'	,	CURRENT_TIMESTAMP()	,	CURRENT_TIMESTAMP()	,	29	);
INSERT INTO page_row_panel (PANEL_ID, TITLE, SORT_ORDER, PANEL_TYPE, CHART_TYPE, FRAGMENT_NAME, MAIN_YN, REFRESH_INTERVAL, LEGEND_VISIBLE, YAXIS_LABEL, YAXIS_UNIT, YAXIS_MIN, YAXIS_MAX, XAXIS_MODE, CREATE_TIME, UPDATE_TIME, PAGE_ROW_ID) values (	120	,	 'CPU'	,	1	,	 'CHART'	,	 'area'	,	 'head-card-db-panel'   	,	 'Y'	,	60000	,	0	,	 ''	,	 'float'	,	 ''	,	 ''	,	 'datetime'	,	CURRENT_TIMESTAMP()	,	CURRENT_TIMESTAMP()	,	30	);
INSERT INTO page_row_panel (PANEL_ID, TITLE, SORT_ORDER, PANEL_TYPE, CHART_TYPE, FRAGMENT_NAME, MAIN_YN, REFRESH_INTERVAL, LEGEND_VISIBLE, YAXIS_LABEL, YAXIS_UNIT, YAXIS_MIN, YAXIS_MAX, XAXIS_MODE, CREATE_TIME, UPDATE_TIME, PAGE_ROW_ID) values (	121	,	 'Memory'	,	2	,	 'CHART'	,	 'area'	,	 'head-card-db-panel'   	,	 'Y'	,	60000	,	0	,	 ''	,	 'bytes'	,	 ''	,	 ''	,	 'datetime'	,	CURRENT_TIMESTAMP()	,	CURRENT_TIMESTAMP()	,	30	);
INSERT INTO page_row_panel (PANEL_ID, TITLE, SORT_ORDER, PANEL_TYPE, CHART_TYPE, FRAGMENT_NAME, MAIN_YN, REFRESH_INTERVAL, LEGEND_VISIBLE, YAXIS_LABEL, YAXIS_UNIT, YAXIS_MIN, YAXIS_MAX, XAXIS_MODE, CREATE_TIME, UPDATE_TIME, PAGE_ROW_ID) values (	122	,	 'Network'	,	3	,	 'CHART'	,	 'area'	,	 'head-card-db-panel'   	,	 'Y'	,	60000	,	0	,	 ''	,	 'bps'	,	 ''	,	 ''	,	 'datetime'	,	CURRENT_TIMESTAMP()	,	CURRENT_TIMESTAMP()	,	30	);
INSERT INTO page_row_panel (PANEL_ID, TITLE, SORT_ORDER, PANEL_TYPE, CHART_TYPE, FRAGMENT_NAME, MAIN_YN, REFRESH_INTERVAL, LEGEND_VISIBLE, YAXIS_LABEL, YAXIS_UNIT, YAXIS_MIN, YAXIS_MAX, XAXIS_MODE, CREATE_TIME, UPDATE_TIME, PAGE_ROW_ID) values (	123	,	 'Disk'    	,	1	,	 'CHART'	,	 'area'	,	 'head-card-db-panel'   	,	 'Y'	,	60000	,	0	,	 ''	,	 'bytes'	,	 ''	,	 ''	,	 'datetime'	,	CURRENT_TIMESTAMP()	,	CURRENT_TIMESTAMP()	,	31	);
INSERT INTO page_row_panel (PANEL_ID, TITLE, SORT_ORDER, PANEL_TYPE, CHART_TYPE, FRAGMENT_NAME, MAIN_YN, REFRESH_INTERVAL, LEGEND_VISIBLE, YAXIS_LABEL, YAXIS_UNIT, YAXIS_MIN, YAXIS_MAX, XAXIS_MODE, CREATE_TIME, UPDATE_TIME, PAGE_ROW_ID) values (	124	,	 'NODE'    	,	1	,	 'CHART'   	,	 'multiplegauge'    	,	'head-charts-panel'	,	'Y'	,	60000	,	1	,	''	,	 '%'    	,	 '0'    	,	 ''    	,	 ''    	,	CURRENT_TIMESTAMP()	,	CURRENT_TIMESTAMP()	,	32	);
INSERT INTO page_row_panel (PANEL_ID, TITLE, SORT_ORDER, PANEL_TYPE, CHART_TYPE, FRAGMENT_NAME, MAIN_YN, REFRESH_INTERVAL, LEGEND_VISIBLE, YAXIS_LABEL, YAXIS_UNIT, YAXIS_MIN, YAXIS_MAX, XAXIS_MODE, CREATE_TIME, UPDATE_TIME, PAGE_ROW_ID) values (   125 ,	 'POD'    	,   2   ,    'CHART'    ,    'multiplegauge'    ,    'head-charts-panel'      ,    'Y'    ,   60000   ,   1   ,    '' ,    '%' ,    '0' ,    ''  ,    '' ,   CURRENT_TIMESTAMP() ,   CURRENT_TIMESTAMP() ,   32  );
INSERT INTO page_row_panel (PANEL_ID, TITLE, SORT_ORDER, PANEL_TYPE, CHART_TYPE, FRAGMENT_NAME, MAIN_YN, REFRESH_INTERVAL, LEGEND_VISIBLE, YAXIS_LABEL, YAXIS_UNIT, YAXIS_MIN, YAXIS_MAX, XAXIS_MODE, CREATE_TIME, UPDATE_TIME, PAGE_ROW_ID) values (	126	,	 'CPU (cores)'    	,	3	,	 'CHART'   	,	 'multiplegauge'    	,	'head-charts-panel'	,	'Y'	,	60000	,	1	,	''	,	 '%'    	,	 '0'    	,	 ''    	,	 ''    	,	CURRENT_TIMESTAMP()	,	CURRENT_TIMESTAMP()	,	32	);
INSERT INTO page_row_panel (PANEL_ID, TITLE, SORT_ORDER, PANEL_TYPE, CHART_TYPE, FRAGMENT_NAME, MAIN_YN, REFRESH_INTERVAL, LEGEND_VISIBLE, YAXIS_LABEL, YAXIS_UNIT, YAXIS_MIN, YAXIS_MAX, XAXIS_MODE, CREATE_TIME, UPDATE_TIME, PAGE_ROW_ID) values (	127	,	 'MEM (bytes)'    	,	4	,	 'CHART'   	,	 'multiplegauge'    	,	'head-charts-panel'	,	'Y'	,	60000	,	1	,	''	,	 '%'    	,	 '0'    	,	 ''    	,	 ''    	,	CURRENT_TIMESTAMP()	,	CURRENT_TIMESTAMP()	,	32	);
INSERT INTO page_row_panel (PANEL_ID, TITLE, SORT_ORDER, PANEL_TYPE, CHART_TYPE, FRAGMENT_NAME, MAIN_YN, REFRESH_INTERVAL, LEGEND_VISIBLE, YAXIS_LABEL, YAXIS_UNIT, YAXIS_MIN, YAXIS_MAX, XAXIS_MODE, CREATE_TIME, UPDATE_TIME, PAGE_ROW_ID) values (	128	,	 'Controller'    	,	5	,	 'UPDOWN'   	,	 ''    	,	'count-card-sets-panel'	,	'Y'	,	60000	,	1	,	''	,	 'float'    	,	 ''    	,	 ''    	,	 ''    	,	CURRENT_TIMESTAMP()	,	CURRENT_TIMESTAMP()	,	32	);
INSERT INTO page_row_panel (PANEL_ID, TITLE, SORT_ORDER, PANEL_TYPE, CHART_TYPE, FRAGMENT_NAME, MAIN_YN, REFRESH_INTERVAL, LEGEND_VISIBLE, YAXIS_LABEL, YAXIS_UNIT, YAXIS_MIN, YAXIS_MAX, XAXIS_MODE, CREATE_TIME, UPDATE_TIME, PAGE_ROW_ID) values (	129	,	 'ETCD'    	,	6	,	 'UPDOWN'   	,	 ''    	,	'count-card-sets-panel'	,	'Y'	,	60000	,	1	,	''	,	 'float'    	,	 ''    	,	 ''    	,	 ''    	,	CURRENT_TIMESTAMP()	,	CURRENT_TIMESTAMP()	,	32	);
INSERT INTO page_row_panel (PANEL_ID, TITLE, SORT_ORDER, PANEL_TYPE, CHART_TYPE, FRAGMENT_NAME, MAIN_YN, REFRESH_INTERVAL, LEGEND_VISIBLE, YAXIS_LABEL, YAXIS_UNIT, YAXIS_MIN, YAXIS_MAX, XAXIS_MODE, CREATE_TIME, UPDATE_TIME, PAGE_ROW_ID) values (	130	,	 'Scheduler'    	,	7	,	 'UPDOWN'   	,	 ''    	,	'count-card-sets-panel'	,	'Y'	,	60000	,	1	,	''	,	 'float'    	,	 ''    	,	 ''    	,	 ''    	,	CURRENT_TIMESTAMP()	,	CURRENT_TIMESTAMP()	,	32	);
INSERT INTO page_row_panel (PANEL_ID, TITLE, SORT_ORDER, PANEL_TYPE, CHART_TYPE, FRAGMENT_NAME, MAIN_YN, REFRESH_INTERVAL, LEGEND_VISIBLE, YAXIS_LABEL, YAXIS_UNIT, YAXIS_MIN, YAXIS_MAX, XAXIS_MODE, CREATE_TIME, UPDATE_TIME, PAGE_ROW_ID) values (	131	,	 'Namespace'    	,	8	,	 'BADGE'   	,	 ''    	,	'count-card-panel'	,	'Y'	,	60000	,	1	,	''	,	 'float'    	,	 ''    	,	 ''    	,	 ''    	,	CURRENT_TIMESTAMP()	,	CURRENT_TIMESTAMP()	,	32	);
INSERT INTO page_row_panel (PANEL_ID, TITLE, SORT_ORDER, PANEL_TYPE, CHART_TYPE, FRAGMENT_NAME, MAIN_YN, REFRESH_INTERVAL, LEGEND_VISIBLE, YAXIS_LABEL, YAXIS_UNIT, YAXIS_MIN, YAXIS_MAX, XAXIS_MODE, CREATE_TIME, UPDATE_TIME, PAGE_ROW_ID) values (	132	,	 'Event'    	,	9	,	 'BADGE'   	,	 ''    	,	'count-card-panel'	,	'Y'	,	60000	,	1	,	''	,	 'float'    	,	 ''    	,	 ''    	,	 ''    	,	CURRENT_TIMESTAMP()	,	CURRENT_TIMESTAMP()	,	32	);
INSERT INTO page_row_panel (PANEL_ID, TITLE, SORT_ORDER, PANEL_TYPE, CHART_TYPE, FRAGMENT_NAME, MAIN_YN, REFRESH_INTERVAL, LEGEND_VISIBLE, YAXIS_LABEL, YAXIS_UNIT, YAXIS_MIN, YAXIS_MAX, XAXIS_MODE, CREATE_TIME, UPDATE_TIME, PAGE_ROW_ID) values (	133	,	 'Deployment'    	,	10	,	 'SetSum'   	,	 ''    	,	'count-card-sets-panel'	,	'Y'	,	60000	,	1	,	''	,	 'float'    	,	 ''    	,	 ''    	,	 ''    	,	CURRENT_TIMESTAMP()	,	CURRENT_TIMESTAMP()	,	32	);
INSERT INTO page_row_panel (PANEL_ID, TITLE, SORT_ORDER, PANEL_TYPE, CHART_TYPE, FRAGMENT_NAME, MAIN_YN, REFRESH_INTERVAL, LEGEND_VISIBLE, YAXIS_LABEL, YAXIS_UNIT, YAXIS_MIN, YAXIS_MAX, XAXIS_MODE, CREATE_TIME, UPDATE_TIME, PAGE_ROW_ID) values (	134	,	 'ReplicaSet'    	,	11	,	 'SetSum'   	,	 ''    	,	'count-card-sets-panel'	,	'Y'	,	60000	,	1	,	''	,	 'float'    	,	 ''    	,	 ''    	,	 ''    	,	CURRENT_TIMESTAMP()	,	CURRENT_TIMESTAMP()	,	32	);
INSERT INTO page_row_panel (PANEL_ID, TITLE, SORT_ORDER, PANEL_TYPE, CHART_TYPE, FRAGMENT_NAME, MAIN_YN, REFRESH_INTERVAL, LEGEND_VISIBLE, YAXIS_LABEL, YAXIS_UNIT, YAXIS_MIN, YAXIS_MAX, XAXIS_MODE, CREATE_TIME, UPDATE_TIME, PAGE_ROW_ID) values (	135	,	 'StatefulSet'    	,	12	,	 'SetSum'   	,	 ''    	,	'count-card-sets-panel'	,	'Y'	,	60000	,	1	,	''	,	 'float'    	,	 ''    	,	 ''    	,	 ''    	,	CURRENT_TIMESTAMP()	,	CURRENT_TIMESTAMP()	,	32	);
INSERT INTO page_row_panel (PANEL_ID, TITLE, SORT_ORDER, PANEL_TYPE, CHART_TYPE, FRAGMENT_NAME, MAIN_YN, REFRESH_INTERVAL, LEGEND_VISIBLE, YAXIS_LABEL, YAXIS_UNIT, YAXIS_MIN, YAXIS_MAX, XAXIS_MODE, CREATE_TIME, UPDATE_TIME, PAGE_ROW_ID) values (	136	,	 'DaemonSet'    	,	13	,	 'SetSum'   	,	 ''    	,	'count-card-sets-panel'	,	'Y'	,	60000	,	1	,	''	,	 'float'    	,	 ''    	,	 ''    	,	 ''    	,	CURRENT_TIMESTAMP()	,	CURRENT_TIMESTAMP()	,	32	);
INSERT INTO page_row_panel (PANEL_ID, TITLE, SORT_ORDER, PANEL_TYPE, CHART_TYPE, FRAGMENT_NAME, MAIN_YN, REFRESH_INTERVAL, LEGEND_VISIBLE, YAXIS_LABEL, YAXIS_UNIT, YAXIS_MIN, YAXIS_MAX, XAXIS_MODE, CREATE_TIME, UPDATE_TIME, PAGE_ROW_ID) values (	137	,	 'Job'    	,	14	,	 'SetSum'   	,	 ''    	,	'count-card-sets-panel'	,	'Y'	,	60000	,	1	,	''	,	 'float'    	,	 ''    	,	 ''    	,	 ''    	,	CURRENT_TIMESTAMP()	,	CURRENT_TIMESTAMP()	,	32	);
INSERT INTO page_row_panel (PANEL_ID, TITLE, SORT_ORDER, PANEL_TYPE, CHART_TYPE, FRAGMENT_NAME, MAIN_YN, REFRESH_INTERVAL, LEGEND_VISIBLE, YAXIS_LABEL, YAXIS_UNIT, YAXIS_MIN, YAXIS_MAX, XAXIS_MODE, CREATE_TIME, UPDATE_TIME, PAGE_ROW_ID) values (	138	,	 '보험코어 어플리케이션'    	,	1	,	 'APPLICATION_BOARD'   	,	 ''    	,	'mini-table-panel'	,	'Y'	,	60000	,	1	,	''	,	 ''    	,	 ''    	,	 '6'    	,	 ''    	,	CURRENT_TIMESTAMP()	,	CURRENT_TIMESTAMP()	,	33	);
INSERT INTO page_row_panel (PANEL_ID, TITLE, SORT_ORDER, PANEL_TYPE, CHART_TYPE, FRAGMENT_NAME, MAIN_YN, REFRESH_INTERVAL, LEGEND_VISIBLE, YAXIS_LABEL, YAXIS_UNIT, YAXIS_MIN, YAXIS_MAX, XAXIS_MODE, CREATE_TIME, UPDATE_TIME, PAGE_ROW_ID) values (	139	,	 '정상거래'    	,	2	,	 'CHART'   	,	 'sparkline'    	,	'box-chart-panel'	,	'Y'	,	60000	,	1	,	''	,	 '%'    	,	 '0'    	,	 '100'    	,	 ''    	,	CURRENT_TIMESTAMP()	,	CURRENT_TIMESTAMP()	,	33	);
INSERT INTO page_row_panel (PANEL_ID, TITLE, SORT_ORDER, PANEL_TYPE, CHART_TYPE, FRAGMENT_NAME, MAIN_YN, REFRESH_INTERVAL, LEGEND_VISIBLE, YAXIS_LABEL, YAXIS_UNIT, YAXIS_MIN, YAXIS_MAX, XAXIS_MODE, CREATE_TIME, UPDATE_TIME, PAGE_ROW_ID) values (	140	,	 '평균응답시간'    	,	3	,	 'CHART'   	,	 'sparkline'    	,	'box-chart-panel'	,	'Y'	,	60000	,	1	,	''	,	 'ms'    	,	 '0'    	,	 'auto'    	,	 ''    	,	CURRENT_TIMESTAMP()	,	CURRENT_TIMESTAMP()	,	33	);
INSERT INTO page_row_panel (PANEL_ID, TITLE, SORT_ORDER, PANEL_TYPE, CHART_TYPE, FRAGMENT_NAME, MAIN_YN, REFRESH_INTERVAL, LEGEND_VISIBLE, YAXIS_LABEL, YAXIS_UNIT, YAXIS_MIN, YAXIS_MAX, XAXIS_MODE, CREATE_TIME, UPDATE_TIME, PAGE_ROW_ID) values (	141	,	 '금일 거래량'    	,	4	,	 'CHART'   	,	 'sparkline'    	,	'box-chart-panel'	,	'Y'	,	60000	,	1	,	''	,	 'float'    	,	 '0'    	,	 '100'    	,	 ''    	,	CURRENT_TIMESTAMP()	,	CURRENT_TIMESTAMP()	,	33	);
INSERT INTO page_row_panel (PANEL_ID, TITLE, SORT_ORDER, PANEL_TYPE, CHART_TYPE, FRAGMENT_NAME, MAIN_YN, REFRESH_INTERVAL, LEGEND_VISIBLE, YAXIS_LABEL, YAXIS_UNIT, YAXIS_MIN, YAXIS_MAX, XAXIS_MODE, CREATE_TIME, UPDATE_TIME, PAGE_ROW_ID) values (	142	,	 'CPU'    	,	1	,	 'CHART'   	,	 'area'    	,	'small-head-card-panel'	,	'Y'	,	60000	,	1	,	''	,	 '%'    	,	 '0'    	,	 '100'    	,	 'datetime'    	,	CURRENT_TIMESTAMP()	,	CURRENT_TIMESTAMP()	,	34	);
INSERT INTO page_row_panel (PANEL_ID, TITLE, SORT_ORDER, PANEL_TYPE, CHART_TYPE, FRAGMENT_NAME, MAIN_YN, REFRESH_INTERVAL, LEGEND_VISIBLE, YAXIS_LABEL, YAXIS_UNIT, YAXIS_MIN, YAXIS_MAX, XAXIS_MODE, CREATE_TIME, UPDATE_TIME, PAGE_ROW_ID) values (	143	,	 'LOAD'    	,	2	,	 'CHART'   	,	 'area'    	,	'small-head-card-panel'	,	'Y'	,	60000	,	1	,	''	,	 'float'    	,	 '0'    	,	 'auto'    	,	 'datetime'    	,	CURRENT_TIMESTAMP()	,	CURRENT_TIMESTAMP()	,	34	);
INSERT INTO page_row_panel (PANEL_ID, TITLE, SORT_ORDER, PANEL_TYPE, CHART_TYPE, FRAGMENT_NAME, MAIN_YN, REFRESH_INTERVAL, LEGEND_VISIBLE, YAXIS_LABEL, YAXIS_UNIT, YAXIS_MIN, YAXIS_MAX, XAXIS_MODE, CREATE_TIME, UPDATE_TIME, PAGE_ROW_ID) values (	144	,	 'MEM'    	,	3	,	 'CHART'   	,	 'area'    	,	'small-head-card-panel'	,	'Y'	,	60000	,	1	,	''	,	 '%'    	,	 '0'    	,	 '100'    	,	 'datetime'    	,	CURRENT_TIMESTAMP()	,	CURRENT_TIMESTAMP()	,	34	);
INSERT INTO page_row_panel (PANEL_ID, TITLE, SORT_ORDER, PANEL_TYPE, CHART_TYPE, FRAGMENT_NAME, MAIN_YN, REFRESH_INTERVAL, LEGEND_VISIBLE, YAXIS_LABEL, YAXIS_UNIT, YAXIS_MIN, YAXIS_MAX, XAXIS_MODE, CREATE_TIME, UPDATE_TIME, PAGE_ROW_ID) values (	145	,	 'DISK I/O'    	,	4	,	 'CHART'   	,	 'area'    	,	'small-head-card-panel'	,	'Y'	,	60000	,	1	,	''	,	 'bytes'    	,	 ''    	,	 ''    	,	 'datetime'    	,	CURRENT_TIMESTAMP()	,	CURRENT_TIMESTAMP()	,	34	);
INSERT INTO page_row_panel (PANEL_ID, TITLE, SORT_ORDER, PANEL_TYPE, CHART_TYPE, FRAGMENT_NAME, repeat_variable, MAIN_YN, REFRESH_INTERVAL, LEGEND_VISIBLE, YAXIS_LABEL, YAXIS_UNIT, YAXIS_MIN, YAXIS_MAX, XAXIS_MODE, CREATE_TIME, UPDATE_TIME, PAGE_ROW_ID) values (	147	,	 '보험코어 어플리케이션'	,	1	,	 'APPLICATION_BOARD'   	,	 ''	,	 'col-6-app-board' 	,	''	,	 'Y'	,	60000	,	1	,	 ''	,	 ''	,	 ''	,	 '6'	,	 ''	,	CURRENT_TIMESTAMP()	,	CURRENT_TIMESTAMP()	,	36	);
INSERT INTO page_row_panel (PANEL_ID, TITLE, SORT_ORDER, PANEL_TYPE, CHART_TYPE, FRAGMENT_NAME, repeat_variable, MAIN_YN, REFRESH_INTERVAL, LEGEND_VISIBLE, YAXIS_LABEL, YAXIS_UNIT, YAXIS_MIN, YAXIS_MAX, XAXIS_MODE, CREATE_TIME, UPDATE_TIME, PAGE_ROW_ID) values (	148	,	 '정상거래율'	,	2	,	 'CHART'   	,	 'sparkline'  	,	 'col-2-headless-card-panel' 	,	''	,	 'Y'	,	60000	,	1	,	 ''	,	 '%'	,	 '0'   	,	 '100' 	,	 'datetime'    	,	CURRENT_TIMESTAMP()	,	CURRENT_TIMESTAMP()	,	36	);
INSERT INTO page_row_panel (PANEL_ID, TITLE, SORT_ORDER, PANEL_TYPE, CHART_TYPE, FRAGMENT_NAME, repeat_variable, MAIN_YN, REFRESH_INTERVAL, LEGEND_VISIBLE, YAXIS_LABEL, YAXIS_UNIT, YAXIS_MIN, YAXIS_MAX, XAXIS_MODE, CREATE_TIME, UPDATE_TIME, PAGE_ROW_ID) values (	149	,	 '평균응답시간'	,	3	,	 'CHART'   	,	 'sparkline'  	,	 'col-2-headless-card-panel' 	,	''	,	 'Y'	,	60000	,	1	,	 ''	,	 'ms'	,	 '0'   	,	  'auto' 	,	 'datetime'    	,	CURRENT_TIMESTAMP()	,	CURRENT_TIMESTAMP()	,	36	);
INSERT INTO page_row_panel (PANEL_ID, TITLE, SORT_ORDER, PANEL_TYPE, CHART_TYPE, FRAGMENT_NAME, repeat_variable, MAIN_YN, REFRESH_INTERVAL, LEGEND_VISIBLE, YAXIS_LABEL, YAXIS_UNIT, YAXIS_MIN, YAXIS_MAX, XAXIS_MODE, CREATE_TIME, UPDATE_TIME, PAGE_ROW_ID) values (	150	,	 '금일 거래량'	,	4	,	 'CHART'   	,	 'sparkline'  	,	 'col-2-headless-card-panel' 	,	''	,	 'Y'	,	60000	,	1	,	 ''	,	 'float'	,	 '0'   	,	 '100' 	,	 'datetime'    	,	CURRENT_TIMESTAMP()	,	CURRENT_TIMESTAMP()	,	36	);
INSERT INTO page_row_panel (PANEL_ID, TITLE, SORT_ORDER, PANEL_TYPE, CHART_TYPE, FRAGMENT_NAME, repeat_variable, MAIN_YN, REFRESH_INTERVAL, LEGEND_VISIBLE, YAXIS_LABEL, YAXIS_UNIT, YAXIS_MIN, YAXIS_MAX, XAXIS_MODE, CREATE_TIME, UPDATE_TIME, PAGE_ROW_ID) values (	151	,	 '보험코어 어플리케이션 그룹'	,	1	,	 'PANEL_GROUP'   	,	 ''	,	 'col-3-app-group-head-card-panel'	,	'application'	,	 'Y'	,	60000	,	1	,	 ''	,	 'float'	,	 ''	,	 ''	,	 ''	,	CURRENT_TIMESTAMP()	,	CURRENT_TIMESTAMP()	,	37	);
INSERT INTO page_row_panel (PANEL_ID, TITLE, SORT_ORDER, PANEL_TYPE, CHART_TYPE, FRAGMENT_NAME, repeat_variable, MAIN_YN, REFRESH_INTERVAL, LEGEND_VISIBLE, YAXIS_LABEL, YAXIS_UNIT, YAXIS_MIN, YAXIS_MAX, XAXIS_MODE, CREATE_TIME, UPDATE_TIME, PAGE_ROW_ID) values (	153	,	 'Application Status'	,	3	,	 'UPDOWN' 	,	 ''	,	 'head-card-app-panel'	,	''	,	 'N'	,	60000	,	1	,	 ''	,	 'float'	,	 ''	,	 ''	,	 ''	,	CURRENT_TIMESTAMP()	,	CURRENT_TIMESTAMP()	,	37	);
INSERT INTO page_row_panel (PANEL_ID, TITLE, SORT_ORDER, PANEL_TYPE, CHART_TYPE, FRAGMENT_NAME, repeat_variable, MAIN_YN, REFRESH_INTERVAL, LEGEND_VISIBLE, YAXIS_LABEL, YAXIS_UNIT, YAXIS_MIN, YAXIS_MAX, XAXIS_MODE, CREATE_TIME, UPDATE_TIME, PAGE_ROW_ID) values (	154	,	 'Application Transaction'	,	4	,	 'BADGE' 	,	 ''	,	 'head-card-app-panel'	,	''	,	 'N'	,	60000	,	1	,	 ''	,	 'count'	,	 ''	,	 ''	,	 ''	,	CURRENT_TIMESTAMP()	,	CURRENT_TIMESTAMP()	,	37	);
INSERT INTO page_row_panel (PANEL_ID, TITLE, SORT_ORDER, PANEL_TYPE, CHART_TYPE, FRAGMENT_NAME, repeat_variable, MAIN_YN, REFRESH_INTERVAL, LEGEND_VISIBLE, YAXIS_LABEL, YAXIS_UNIT, YAXIS_MIN, YAXIS_MAX, XAXIS_MODE, CREATE_TIME, UPDATE_TIME, PAGE_ROW_ID) values (	155	,	 'Replica Sets'	,	5	,	 'CHART'   	,	 'counttilemap'	,	 'head-card-app-panel'	,	''	,	 'N'	,	60000	,	1	,	 ''	,	 'float'	,	 '0'	,	 '100'	,	 ''	,	CURRENT_TIMESTAMP()	,	CURRENT_TIMESTAMP()	,	37	);
INSERT INTO page_row_panel (PANEL_ID, TITLE, SORT_ORDER, PANEL_TYPE, CHART_TYPE, FRAGMENT_NAME, repeat_variable, MAIN_YN, REFRESH_INTERVAL, LEGEND_VISIBLE, YAXIS_LABEL, YAXIS_UNIT, YAXIS_MIN, YAXIS_MAX, XAXIS_MODE, CREATE_TIME, UPDATE_TIME, PAGE_ROW_ID) values (	156	,	 'CPU'	,	6	,	 'CHART'   	,	 'sparkline'  	,	 'head-card-app-panel'	,	''	,	 'N'	,	60000	,	1	,	 ''	,	 '%'	,	 '0'   	,	 '100' 	,	 'datetime'    	,	CURRENT_TIMESTAMP()	,	CURRENT_TIMESTAMP()	,	37	);
INSERT INTO page_row_panel (PANEL_ID, TITLE, SORT_ORDER, PANEL_TYPE, CHART_TYPE, FRAGMENT_NAME, repeat_variable, MAIN_YN, REFRESH_INTERVAL, LEGEND_VISIBLE, YAXIS_LABEL, YAXIS_UNIT, YAXIS_MIN, YAXIS_MAX, XAXIS_MODE, CREATE_TIME, UPDATE_TIME, PAGE_ROW_ID) values (	157	,	 'Memory'	,	7	,	 'CHART'   	,	 'sparkline'  	,	 'head-card-app-panel'	,	''	,	 'N'	,	60000	,	1	,	 ''	,	 'bytes'	,	 '0'   	,	 '100' 	,	 'datetime'    	,	CURRENT_TIMESTAMP()	,	CURRENT_TIMESTAMP()	,	37	);
INSERT INTO page_row_panel (PANEL_ID, TITLE, SORT_ORDER, PANEL_TYPE, CHART_TYPE, FRAGMENT_NAME, repeat_variable, MAIN_YN, REFRESH_INTERVAL, LEGEND_VISIBLE, YAXIS_LABEL, YAXIS_UNIT, YAXIS_MIN, YAXIS_MAX, XAXIS_MODE, CREATE_TIME, UPDATE_TIME, PAGE_ROW_ID) values (	158	,	 'Application histogram'	,	8	,	 'CHART'   	,	 'scatter'  	,	 'head-card-app-panel'	,	''	,	 'N'	,	60000	,	1	,	 ''	,	 'float'	,	 '0'   	,	 '100' 	,	 'datetime'    	,	CURRENT_TIMESTAMP()	,	CURRENT_TIMESTAMP()	,	37	);
INSERT INTO page_row_panel (PANEL_ID, TITLE, SORT_ORDER, PANEL_TYPE, CHART_TYPE, FRAGMENT_NAME, repeat_variable, MAIN_YN, REFRESH_INTERVAL, LEGEND_VISIBLE, YAXIS_LABEL, YAXIS_UNIT, YAXIS_MIN, YAXIS_MAX, XAXIS_MODE, CREATE_TIME, UPDATE_TIME, PAGE_ROW_ID) values (	159	,	 'Application avg. response time'	,	9	,	 'BADGE' 	,	 ''	,	 'head-card-app-panel'	,	''	,	 'N'	,	60000	,	1	,	 ''	,	 'float'	,	 ''	,	 ''	,	 ''	,	CURRENT_TIMESTAMP()	,	CURRENT_TIMESTAMP()	,	37	);
INSERT INTO page_row_panel (PANEL_ID, TITLE, SORT_ORDER, PANEL_TYPE, CHART_TYPE, FRAGMENT_NAME, repeat_variable, MAIN_YN, REFRESH_INTERVAL, LEGEND_VISIBLE, YAXIS_LABEL, YAXIS_UNIT, YAXIS_MIN, YAXIS_MAX, XAXIS_MODE, CREATE_TIME, UPDATE_TIME, PAGE_ROW_ID) values (	160	,	 'Application error count'	,	10	,	 'BADGE' 	,	 ''	,	 'head-card-app-panel'	,	''	,	 'N'	,	60000	,	1	,	 ''	,	 'float'	,	 ''	,	 ''	,	 ''	,	CURRENT_TIMESTAMP()	,	CURRENT_TIMESTAMP()	,	37	);


INSERT INTO chart_query (C_QUERY_ID, API_QUERY, QUERY_TYPE, LEGEND, QUERY_STEP, CREATE_TIME, UPDATE_TIME, PANEL_ID) values (	1	,	 '/api/v1/query?query=sum(node_uname_info{zone!="external"})'	,	 'PROXY_METRIC'	,	 ''	,	 '240'	,	CURRENT_TIMESTAMP()	,	CURRENT_TIMESTAMP()	,	1	);
INSERT INTO chart_query (C_QUERY_ID, API_QUERY, QUERY_TYPE, LEGEND, QUERY_STEP, CREATE_TIME, UPDATE_TIME, PANEL_ID) values (	2	,	 '/api/v1/query?query=sum(count(count(node_cpu_seconds_total{zone!="external"}) by (cpu, node)) by (cpu))'	,	 'PROXY_METRIC'	,	 ''	,	 '240'	,	CURRENT_TIMESTAMP()	,	CURRENT_TIMESTAMP()	,	2	);
INSERT INTO chart_query (C_QUERY_ID, API_QUERY, QUERY_TYPE, LEGEND, QUERY_STEP, CREATE_TIME, UPDATE_TIME, PANEL_ID) values (	3	,	 '/api/v1/query?query=(1 - avg(irate(node_cpu_seconds_total{mode="idle",node=~"^.*$", zone!="external"}[5m]))) * 100'	,	 'PROXY_METRIC'	,	 ''	,	 '240'	,	CURRENT_TIMESTAMP()	,	CURRENT_TIMESTAMP()	,	3	);
INSERT INTO chart_query (C_QUERY_ID, API_QUERY, QUERY_TYPE, LEGEND, QUERY_STEP, CREATE_TIME, UPDATE_TIME, PANEL_ID) values (	4	,	 '/api/v1/query?query=(1 - sum(node_memory_MemAvailable_bytes{node=~"^.*$", zone!="external"}) / sum(node_memory_MemTotal_bytes{node=~"^.*$", zone!="external"})) * 100'	,	 'PROXY_METRIC'	,	 ''	,	 '240'	,	CURRENT_TIMESTAMP()	,	CURRENT_TIMESTAMP()	,	4	);
INSERT INTO chart_query (C_QUERY_ID, API_QUERY, QUERY_TYPE, LEGEND, QUERY_STEP, CREATE_TIME, UPDATE_TIME, PANEL_ID) values (	5	,	 '/api/v1/query?query=(sum(node_filesystem_size_bytes{device!~"rootfs|HarddiskVolume.+",node=~"^.*$", zone!="external"}) - sum(node_filesystem_free_bytes{device!~"rootfs|HarddiskVolume.+",node=~"^.*$", zone!="external"})) / sum(node_filesystem_size_bytes{device!~"rootfs|HarddiskVolume.+",node=~"^.*$", zone!="external"}) * 100'	,	 'PROXY_METRIC'	,	 ''	,	 '240'	,	CURRENT_TIMESTAMP()	,	CURRENT_TIMESTAMP()	,	5	);
INSERT INTO chart_query (C_QUERY_ID, API_QUERY, QUERY_TYPE, LEGEND, QUERY_STEP, CREATE_TIME, UPDATE_TIME, PANEL_ID) values (	6	,	 '/api/v1/query_range?query=100 * (1-(avg(irate(node_cpu_seconds_total{mode="idle", zone!="external"}[5m]))))'	,	 'PROXY_METRIC'	,	 'Cluster'	,	 '15'	,	CURRENT_TIMESTAMP()	,	CURRENT_TIMESTAMP()	,	6	);
INSERT INTO chart_query (C_QUERY_ID, API_QUERY, QUERY_TYPE, LEGEND, QUERY_STEP, CREATE_TIME, UPDATE_TIME, PANEL_ID) values (	7	,	 '/api/v1/query_range?query=100 * (1-(avg(irate(node_cpu_seconds_total{mode="idle", zone!="external"}[5m])) by (node)))'	,	 'PROXY_METRIC'	,	 '{{node}}'	,	 '15'	,	CURRENT_TIMESTAMP()	,	CURRENT_TIMESTAMP()	,	6	);
INSERT INTO chart_query (C_QUERY_ID, API_QUERY, QUERY_TYPE, LEGEND, QUERY_STEP, CREATE_TIME, UPDATE_TIME, PANEL_ID) values (	8	,	 '/api/v1/query_range?query=100 * (1 - sum(node_memory_MemAvailable_bytes{zone!="external"}) / sum(node_memory_MemTotal_bytes{zone!="external"}))'	,	 'PROXY_METRIC'	,	 'Cluster'	,	 '15'	,	CURRENT_TIMESTAMP()	,	CURRENT_TIMESTAMP()	,	7	);
INSERT INTO chart_query (C_QUERY_ID, API_QUERY, QUERY_TYPE, LEGEND, QUERY_STEP, CREATE_TIME, UPDATE_TIME, PANEL_ID) values (	9	,	 '/api/v1/query_range?query=100 * (1- sum(node_memory_MemAvailable_bytes{zone!="external"}) by (node) / sum(node_memory_MemTotal_bytes{zone!="external"}) by (node))'	,	 'PROXY_METRIC'	,	 '{{node}}'	,	 '15'	,	CURRENT_TIMESTAMP()	,	CURRENT_TIMESTAMP()	,	7	);
INSERT INTO chart_query (C_QUERY_ID, API_QUERY, QUERY_TYPE, LEGEND, QUERY_STEP, CREATE_TIME, UPDATE_TIME, PANEL_ID) values (	10	,	 '/api/v1/query_range?query=- irate(node_disk_reads_completed_total{instance=~".*", zone!="external"}[5m])'	,	 'PROXY_METRIC'	,	 '{{device}}_Reads completed ({{node}})'	,	 '15'	,	CURRENT_TIMESTAMP()	,	CURRENT_TIMESTAMP()	,	8	);
INSERT INTO chart_query (C_QUERY_ID, API_QUERY, QUERY_TYPE, LEGEND, QUERY_STEP, CREATE_TIME, UPDATE_TIME, PANEL_ID) values (	11	,	 '/api/v1/query_range?query=irate(node_disk_writes_completed_total{instance=~".*", zone!="external"}[5m])'	,	 'PROXY_METRIC'	,	 '{{device}}_Writes completed ({{node}})'	,	 '15'	,	CURRENT_TIMESTAMP()	,	CURRENT_TIMESTAMP()	,	8	);
INSERT INTO chart_query (C_QUERY_ID, API_QUERY, QUERY_TYPE, LEGEND, QUERY_STEP, CREATE_TIME, UPDATE_TIME, PANEL_ID) values (	12	,	 '/api/v1/query_range?query=sum (rate (container_network_receive_bytes_total{zone!="external"}[5m]))by (node)'	,	 'PROXY_METRIC'	,	 '{{node}} Received'	,	 '15'	,	CURRENT_TIMESTAMP()	,	CURRENT_TIMESTAMP()	,	9	);
INSERT INTO chart_query (C_QUERY_ID, API_QUERY, QUERY_TYPE, LEGEND, QUERY_STEP, CREATE_TIME, UPDATE_TIME, PANEL_ID) values (	13	,	 '/api/v1/query_range?query=- sum (rate (container_network_transmit_bytes_total{zone!="external"}[5m])) by (node)'	,	 'PROXY_METRIC'	,	 '{{node}} Sent'	,	 '15'	,	CURRENT_TIMESTAMP()	,	CURRENT_TIMESTAMP()	,	9	);
INSERT INTO chart_query (C_QUERY_ID, API_QUERY, QUERY_TYPE, LEGEND, QUERY_STEP, CREATE_TIME, UPDATE_TIME, PANEL_ID) values (	14	,	 '/api/v1/query_range?query=sum (rate (wmi_container_network_receive_bytes_total{zone!="external"}[5m]))by (node)'	,	 'PROXY_METRIC'	,	 '{{node}} Received'	,	 '15'	,	CURRENT_TIMESTAMP()	,	CURRENT_TIMESTAMP()	,	9	);
INSERT INTO chart_query (C_QUERY_ID, API_QUERY, QUERY_TYPE, LEGEND, QUERY_STEP, CREATE_TIME, UPDATE_TIME, PANEL_ID) values (	15	,	 '/api/v1/query_range?query=- sum (rate (wmi_container_network_transmit_bytes_total{zone!="external"}[5m]))by (node)'	,	 'PROXY_METRIC'	,	 '{{node}} Sent'	,	 '15'	,	CURRENT_TIMESTAMP()	,	CURRENT_TIMESTAMP()	,	9	);
INSERT INTO chart_query (C_QUERY_ID, API_QUERY, QUERY_TYPE, LEGEND, QUERY_STEP, CREATE_TIME, UPDATE_TIME, PANEL_ID) values (	16	,	 '/api/v1/query?query=100 * (topk(5,(sum(rate(namedprocess_namegroup_cpu_seconds_total{zone!="external"} [5m]) * on(instance) group_left(node) count(label_replace(node_load1{node=~".*", zone!="external"}, "instance", "$1:9256", "instance", "(.*):(.*)")) by (instance,node)) by (node,groupname,mode,instance)) or (sum(irate(namedprocess_namegroup_cpu_seconds_total{zone!="external"} [5m]) * on(instance) group_left(node) count(label_replace(node_load1{node=~".*", zone!="external"}, "instance", "$1:9256", "instance", "(.*):(.*)")) by (instance,node)) by (node,groupname,mode,instance))))'	,	 'PROXY_METRIC'	,	 'CPU(%)'	,	 '15'	,	CURRENT_TIMESTAMP()	,	CURRENT_TIMESTAMP()	,	10	);
INSERT INTO chart_query (C_QUERY_ID, API_QUERY, QUERY_TYPE, LEGEND, QUERY_STEP, CREATE_TIME, UPDATE_TIME, PANEL_ID) values (	17	,	 '/api/v1/query?query=avg(node_filesystem_size_bytes{instance=~".*", fstype=~"ext.*|xfs", mountpoint !~".*pod.*", zone!="external"}-0) by (node, device, fstype, mountpoint)'	,	 'PROXY_METRIC'	,	 'Total'	,	 ''	,	CURRENT_TIMESTAMP()	,	CURRENT_TIMESTAMP()	,	11	);
INSERT INTO chart_query (C_QUERY_ID, API_QUERY, QUERY_TYPE, LEGEND, QUERY_STEP, CREATE_TIME, UPDATE_TIME, PANEL_ID) values (	18	,	 '/api/v1/query?query=avg(node_filesystem_avail_bytes {instance=~".*", fstype=~"ext.*|xfs", mountpoint !~".*pod.*", zone!="external"}-0) by (node, device, fstype, mountpoint)'	,	 'PROXY_METRIC'	,	 'Avail'	,	 ''	,	CURRENT_TIMESTAMP()	,	CURRENT_TIMESTAMP()	,	11	);
INSERT INTO chart_query (C_QUERY_ID, API_QUERY, QUERY_TYPE, LEGEND, QUERY_STEP, CREATE_TIME, UPDATE_TIME, PANEL_ID) values (	19	,	 '/api/v1/query?query=avg(node_filesystem_size_bytes {instance=~".*", fstype=~"ext.*|xfs", mountpoint !~".*pod.*", zone!="external"} - node_filesystem_avail_bytes {instance=~".*", fstype=~"ext.*|xfs", mountpoint !~".*pod.*", zone!="external"}) by (node, device, fstype, mountpoint)'	,	 'PROXY_METRIC'	,	 'Used'	,	 ''	,	CURRENT_TIMESTAMP()	,	CURRENT_TIMESTAMP()	,	11	);
INSERT INTO chart_query (C_QUERY_ID, API_QUERY, QUERY_TYPE, LEGEND, QUERY_STEP, CREATE_TIME, UPDATE_TIME, PANEL_ID) values (	20	,	 '/api/v1/query?query=100 * (avg((node_filesystem_size_bytes {instance=~".*", fstype=~"ext.*|xfs", mountpoint !~".*pod.*", zone!="external"} - node_filesystem_avail_bytes {instance=~".*", fstype=~"ext.*|xfs", mountpoint !~".*pod.*", zone!="external"}) / node_filesystem_size_bytes {instance=~".*", fstype=~"ext.*|xfs", mountpoint !~".*pod.*", zone!="external"}) by (node, device, fstype, mountpoint))'	,	 'PROXY_METRIC'	,	 'Use(%)'	,	 ''	,	CURRENT_TIMESTAMP()	,	CURRENT_TIMESTAMP()	,	11	);
INSERT INTO chart_query (C_QUERY_ID, API_QUERY, QUERY_TYPE, LEGEND, QUERY_STEP, CREATE_TIME, UPDATE_TIME, PANEL_ID) values (    21 ,   '/api/v1/query_range?query=(1 - avg(irate(node_cpu_seconds_total{node=~"$node",mode="idle"}[5m])) by (instance))*100' ,   'PROXY_METRIC'  ,   'Total'   ,   '30'  ,  CURRENT_TIMESTAMP()    ,  CURRENT_TIMESTAMP()    ,  12 );
INSERT INTO chart_query (C_QUERY_ID, API_QUERY, QUERY_TYPE, LEGEND, QUERY_STEP, CREATE_TIME, UPDATE_TIME, PANEL_ID) values (	22 ,   '/api/v1/query_range?query=avg(irate(node_cpu_seconds_total{node=~"$node",mode="system"}[5m])) by (instance) *100'    ,   'PROXY_METRIC'  ,   'System'  ,   '30'  ,  CURRENT_TIMESTAMP()    ,  CURRENT_TIMESTAMP()    ,  12 );
INSERT INTO chart_query (C_QUERY_ID, API_QUERY, QUERY_TYPE, LEGEND, QUERY_STEP, CREATE_TIME, UPDATE_TIME, PANEL_ID) values (	23 ,   '/api/v1/query_range?query=avg(irate(node_cpu_seconds_total{node=~"$node",mode="user"}[5m])) by (instance) *100'  ,   'PROXY_METRIC'  ,   'User'    ,   '30'  ,  CURRENT_TIMESTAMP()    ,  CURRENT_TIMESTAMP()    ,  12 );
INSERT INTO chart_query (C_QUERY_ID, API_QUERY, QUERY_TYPE, LEGEND, QUERY_STEP, CREATE_TIME, UPDATE_TIME, PANEL_ID) values (	24 ,   '/api/v1/query_range?query=avg(irate(node_cpu_seconds_total{node=~"$node",mode="iowait"}[5m])) by (instance) *100'    ,   'PROXY_METRIC'  ,   'Iowait'  ,   '30'  ,  CURRENT_TIMESTAMP()    ,  CURRENT_TIMESTAMP()    ,  12 );
INSERT INTO chart_query (C_QUERY_ID, API_QUERY, QUERY_TYPE, LEGEND, QUERY_STEP, CREATE_TIME, UPDATE_TIME, PANEL_ID) values (	27 ,   '/api/v1/query_range?query=avg(irate(node_cpu_seconds_total{mode="system",node=~"$node",zone!="external"}[5m])) * 100'    ,   'PROXY_METRIC'  ,   'System - Processes executing in kernel mode' ,   '30'  ,  CURRENT_TIMESTAMP()    ,  CURRENT_TIMESTAMP()    ,  13 );
INSERT INTO chart_query (C_QUERY_ID, API_QUERY, QUERY_TYPE, LEGEND, QUERY_STEP, CREATE_TIME, UPDATE_TIME, PANEL_ID) values (	28 ,   '/api/v1/query_range?query=avg(irate(node_cpu_seconds_total{mode="user",node=~"$node",zone!="external"}[5m])) * 100'  ,   'PROXY_METRIC'  ,   'User - Normal processes executing in user mode'  ,   '30'  ,  CURRENT_TIMESTAMP()    ,  CURRENT_TIMESTAMP()    ,  13 );
INSERT INTO chart_query (C_QUERY_ID, API_QUERY, QUERY_TYPE, LEGEND, QUERY_STEP, CREATE_TIME, UPDATE_TIME, PANEL_ID) values (	29 ,   '/api/v1/query_range?query=avg(irate(node_cpu_seconds_total{mode="nice",node=~"$node",zone!="external"}[5m])) * 100'  ,   'PROXY_METRIC'  ,   'Nice - Niced processes executing in user mode'   ,   '30'  ,  CURRENT_TIMESTAMP()    ,  CURRENT_TIMESTAMP()    ,  13 );
INSERT INTO chart_query (C_QUERY_ID, API_QUERY, QUERY_TYPE, LEGEND, QUERY_STEP, CREATE_TIME, UPDATE_TIME, PANEL_ID) values (	30 ,   '/api/v1/query_range?query=avg(irate(node_cpu_seconds_total{mode="idle",node=~"$node",zone!="external"}[5m])) * 100'  ,   'PROXY_METRIC'  ,   'Idle - Waiting for something to happen'  ,   '30'  ,  CURRENT_TIMESTAMP()    ,  CURRENT_TIMESTAMP()    ,  13 );
INSERT INTO chart_query (C_QUERY_ID, API_QUERY, QUERY_TYPE, LEGEND, QUERY_STEP, CREATE_TIME, UPDATE_TIME, PANEL_ID) values (	31 ,   '/api/v1/query_range?query=avg(irate(node_cpu_seconds_total{mode="iowait",node=~"$node",zone!="external"}[5m])) * 100'    ,   'PROXY_METRIC'  ,   'Iowait - Waiting for I/O to complete'    ,   '30'  ,  CURRENT_TIMESTAMP()    ,  CURRENT_TIMESTAMP()    ,  13 );
INSERT INTO chart_query (C_QUERY_ID, API_QUERY, QUERY_TYPE, LEGEND, QUERY_STEP, CREATE_TIME, UPDATE_TIME, PANEL_ID) values (	32 ,   '/api/v1/query_range?query=avg(irate(node_cpu_seconds_total{mode="irq",node=~"$node",zone!="external"}[5m])) * 100'   ,   'PROXY_METRIC'  ,   'Irq - Servicing interrupts'  ,   '30'  ,  CURRENT_TIMESTAMP()    ,  CURRENT_TIMESTAMP()    ,  13 );
INSERT INTO chart_query (C_QUERY_ID, API_QUERY, QUERY_TYPE, LEGEND, QUERY_STEP, CREATE_TIME, UPDATE_TIME, PANEL_ID) values (	33 ,   '/api/v1/query_range?query=avg(irate(node_cpu_seconds_total{mode="softirq",node=~"$node",zone!="external"}[5m])) * 100'   ,   'PROXY_METRIC'  ,   'Softirq - Servicing softirqs'    ,   '30'  ,  CURRENT_TIMESTAMP()    ,  CURRENT_TIMESTAMP()    ,  13 );
INSERT INTO chart_query (C_QUERY_ID, API_QUERY, QUERY_TYPE, LEGEND, QUERY_STEP, CREATE_TIME, UPDATE_TIME, PANEL_ID) values (	34 ,   '/api/v1/query_range?query=avg(irate(node_cpu_seconds_total{mode="steal",node=~"$node",zone!="external"}[5m])) * 100' ,   'PROXY_METRIC'  ,   'Steal - Time spent in other operating systems when running in a virtualized environment' ,   '30'  ,  CURRENT_TIMESTAMP()    ,  CURRENT_TIMESTAMP()    ,  13 );
INSERT INTO chart_query (C_QUERY_ID, API_QUERY, QUERY_TYPE, LEGEND, QUERY_STEP, CREATE_TIME, UPDATE_TIME, PANEL_ID) values (	35 ,   '/api/v1/query_range?query=avg(irate(node_cpu_seconds_total{mode="guest",node=~"$node",zone!="external"}[5m])) * 100' ,   'PROXY_METRIC'  ,   'Guest - Time spent running a virtual CPU for a guest operating system'   ,   '30'  ,  CURRENT_TIMESTAMP()    ,  CURRENT_TIMESTAMP()    ,  13 );
INSERT INTO chart_query (C_QUERY_ID, API_QUERY, QUERY_TYPE, LEGEND, QUERY_STEP, CREATE_TIME, UPDATE_TIME, PANEL_ID) values (	36	,	 '/api/v1/query_range?query=node_load1{node=~"$node",zone!="external"}'	,	 'PROXY_METRIC'	,	 'Load 1m'	,	 '30'	,	CURRENT_TIMESTAMP()	,	CURRENT_TIMESTAMP()	,	14	);
INSERT INTO chart_query (C_QUERY_ID, API_QUERY, QUERY_TYPE, LEGEND, QUERY_STEP, CREATE_TIME, UPDATE_TIME, PANEL_ID) values (	37	,	 '/api/v1/query_range?query=node_load5{node=~"$node",zone!="external"}'	,	 'PROXY_METRIC'	,	 'Load 5m'	,	 '30'	,	CURRENT_TIMESTAMP()	,	CURRENT_TIMESTAMP()	,	14	);
INSERT INTO chart_query (C_QUERY_ID, API_QUERY, QUERY_TYPE, LEGEND, QUERY_STEP, CREATE_TIME, UPDATE_TIME, PANEL_ID) values (	38	,	 '/api/v1/query_range?query=node_load15{node=~"$node",zone!="external"}'	,	 'PROXY_METRIC'	,	 'Load 15m'	,	 '30'	,	CURRENT_TIMESTAMP()	,	CURRENT_TIMESTAMP()	,	14	);
INSERT INTO chart_query (C_QUERY_ID, API_QUERY, QUERY_TYPE, LEGEND, QUERY_STEP, CREATE_TIME, UPDATE_TIME, PANEL_ID) values (	39	,	 '/api/v1/query_range?query=node_procs_blocked{node=~"$node",zone!="external"}'	,	 'PROXY_METRIC'	,	 'Processes blocked waiting for I/O to complete'	,	 '30'	,	CURRENT_TIMESTAMP()	,	CURRENT_TIMESTAMP()	,	15	);
INSERT INTO chart_query (C_QUERY_ID, API_QUERY, QUERY_TYPE, LEGEND, QUERY_STEP, CREATE_TIME, UPDATE_TIME, PANEL_ID) values (	40	,	 '/api/v1/query_range?query=node_procs_running{node=~"$node",zone!="external"}'	,	 'PROXY_METRIC'	,	 'Processes in runnable state'	,	 '30'	,	CURRENT_TIMESTAMP()	,	CURRENT_TIMESTAMP()	,	15	);
INSERT INTO chart_query (C_QUERY_ID, API_QUERY, QUERY_TYPE, LEGEND, QUERY_STEP, CREATE_TIME, UPDATE_TIME, PANEL_ID) values (	41	,	 '/api/v1/query_range?query=node_memory_MemTotal_bytes{node=~"$node",zone!="external"}'	,	 'PROXY_METRIC'	,	 'RAM Total'	,	 '30'	,	CURRENT_TIMESTAMP()	,	CURRENT_TIMESTAMP()	,	16	);
INSERT INTO chart_query (C_QUERY_ID, API_QUERY, QUERY_TYPE, LEGEND, QUERY_STEP, CREATE_TIME, UPDATE_TIME, PANEL_ID) values (	42	,	 '/api/v1/query_range?query=node_memory_MemTotal_bytes{node=~"$node",zone!="external"} - node_memory_MemFree_bytes{node=~"$node",zone!="external"} - (node_memory_Cached_bytes{node=~"$node",zone!="external"} + node_memory_Buffers_bytes{node=~"$node",zone!="external"})'	,	 'PROXY_METRIC'	,	 'RAM Used'	,	 '30'	,	CURRENT_TIMESTAMP()	,	CURRENT_TIMESTAMP()	,	16	);
INSERT INTO chart_query (C_QUERY_ID, API_QUERY, QUERY_TYPE, LEGEND, QUERY_STEP, CREATE_TIME, UPDATE_TIME, PANEL_ID) values (	43	,	 '/api/v1/query_range?query=node_memory_Cached_bytes{node=~"$node",zone!="external"} + node_memory_Buffers_bytes{node=~"$node",zone!="external"}'	,	 'PROXY_METRIC'	,	 'RAM Cache + Buffer'	,	 '30'	,	CURRENT_TIMESTAMP()	,	CURRENT_TIMESTAMP()	,	16	);
INSERT INTO chart_query (C_QUERY_ID, API_QUERY, QUERY_TYPE, LEGEND, QUERY_STEP, CREATE_TIME, UPDATE_TIME, PANEL_ID) values (	44	,	 '/api/v1/query_range?query=node_memory_MemFree_bytes{node=~"$node",zone!="external"}'	,	 'PROXY_METRIC'	,	 'RAM Free'	,	 '30'	,	CURRENT_TIMESTAMP()	,	CURRENT_TIMESTAMP()	,	16	);
INSERT INTO chart_query (C_QUERY_ID, API_QUERY, QUERY_TYPE, LEGEND, QUERY_STEP, CREATE_TIME, UPDATE_TIME, PANEL_ID) values (	45	,	 '/api/v1/query_range?query=(node_memory_SwapTotal_bytes{node=~"$node",zone!="external"} - node_memory_SwapFree_bytes{node=~"$node",zone!="external"})'	,	 'PROXY_METRIC'	,	 'SWAP Used'	,	 '30'	,	CURRENT_TIMESTAMP()	,	CURRENT_TIMESTAMP()	,	16	);
INSERT INTO chart_query (C_QUERY_ID, API_QUERY, QUERY_TYPE, LEGEND, QUERY_STEP, CREATE_TIME, UPDATE_TIME, PANEL_ID) values (	46	,	 '/api/v1/query_range?query=node_memory_MemTotal_bytes{node=~"$node",zone!="external"} - node_memory_MemFree_bytes{node=~"$node",zone!="external"} - node_memory_Buffers_bytes{node=~"$node",zone!="external"} - node_memory_Cached_bytes{node=~"$node",zone!="external"} - node_memory_Slab_bytes{node=~"$node",zone!="external"} - node_memory_PageTables_bytes{node=~"$node",zone!="external"} - node_memory_SwapCached_bytes{node=~"$node",zone!="external"}'	,	 'PROXY_METRIC'	,	 'Apps - Memory used by user-space applications'	,	 '30'	,	CURRENT_TIMESTAMP()	,	CURRENT_TIMESTAMP()	,	17	);
INSERT INTO chart_query (C_QUERY_ID, API_QUERY, QUERY_TYPE, LEGEND, QUERY_STEP, CREATE_TIME, UPDATE_TIME, PANEL_ID) values (	47	,	 '/api/v1/query_range?query=node_memory_PageTables_bytes{node=~"$node",zone!="external"}'	,	 'PROXY_METRIC'	,	 'PageTables - Its used to map between virtual and physical memory addresses'	,	 '30'	,	CURRENT_TIMESTAMP()	,	CURRENT_TIMESTAMP()	,	17	);
INSERT INTO chart_query (C_QUERY_ID, API_QUERY, QUERY_TYPE, LEGEND, QUERY_STEP, CREATE_TIME, UPDATE_TIME, PANEL_ID) values (	48	,	 '/api/v1/query_range?query=node_memory_SwapCached_bytes{node=~"$node",zone!="external"}'	,	 'PROXY_METRIC'	,	 'SwapCache - Its that keeps track of pages that have been fetched from swap but not yet been modified'	,	 '30'	,	CURRENT_TIMESTAMP()	,	CURRENT_TIMESTAMP()	,	17	);
INSERT INTO chart_query (C_QUERY_ID, API_QUERY, QUERY_TYPE, LEGEND, QUERY_STEP, CREATE_TIME, UPDATE_TIME, PANEL_ID) values (	49	,	 '/api/v1/query_range?query=node_memory_Slab_bytes{node=~"$node",zone!="external"}'	,	 'PROXY_METRIC'	,	 'Slab - Memory used by the kernel to cache data structures for its own use'	,	 '30'	,	CURRENT_TIMESTAMP()	,	CURRENT_TIMESTAMP()	,	17	);
INSERT INTO chart_query (C_QUERY_ID, API_QUERY, QUERY_TYPE, LEGEND, QUERY_STEP, CREATE_TIME, UPDATE_TIME, PANEL_ID) values (	50	,	 '/api/v1/query_range?query=node_memory_Cached_bytes{node=~"$node",zone!="external"}'	,	 'PROXY_METRIC'	,	 'Cache - Parked file data (file content) cache'	,	 '30'	,	CURRENT_TIMESTAMP()	,	CURRENT_TIMESTAMP()	,	17	);
INSERT INTO chart_query (C_QUERY_ID, API_QUERY, QUERY_TYPE, LEGEND, QUERY_STEP, CREATE_TIME, UPDATE_TIME, PANEL_ID) values (	51	,	 '/api/v1/query_range?query=node_memory_Buffers_bytes{node=~"$node",zone!="external"}'	,	 'PROXY_METRIC'	,	 'Buffers - Block device (e.g. harddisk) cache'	,	 '30'	,	CURRENT_TIMESTAMP()	,	CURRENT_TIMESTAMP()	,	17	);
INSERT INTO chart_query (C_QUERY_ID, API_QUERY, QUERY_TYPE, LEGEND, QUERY_STEP, CREATE_TIME, UPDATE_TIME, PANEL_ID) values (	52	,	 '/api/v1/query_range?query=node_memory_MemFree_bytes{node=~"$node",zone!="external"}'	,	 'PROXY_METRIC'	,	 'Unused - Free memory unassigned'	,	 '30'	,	CURRENT_TIMESTAMP()	,	CURRENT_TIMESTAMP()	,	17	);
INSERT INTO chart_query (C_QUERY_ID, API_QUERY, QUERY_TYPE, LEGEND, QUERY_STEP, CREATE_TIME, UPDATE_TIME, PANEL_ID) values (	53	,	 '/api/v1/query_range?query=(node_memory_SwapTotal_bytes{node=~"$node",zone!="external"} - node_memory_SwapFree_bytes{node=~"$node",zone!="external"})'	,	 'PROXY_METRIC'	,	 'Swap - Swap space used'	,	 '30'	,	CURRENT_TIMESTAMP()	,	CURRENT_TIMESTAMP()	,	17	);
INSERT INTO chart_query (C_QUERY_ID, API_QUERY, QUERY_TYPE, LEGEND, QUERY_STEP, CREATE_TIME, UPDATE_TIME, PANEL_ID) values (	54	,	 '/api/v1/query_range?query=node_memory_HardwareCorrupted_bytes{node=~"$node",zone!="external"}'	,	 'PROXY_METRIC'	,	 'Hardware Corrupted - Amount of RAM that the kernel identified as corrupted / not working'	,	 '30'	,	CURRENT_TIMESTAMP()	,	CURRENT_TIMESTAMP()	,	17	);
INSERT INTO chart_query (C_QUERY_ID, API_QUERY, QUERY_TYPE, LEGEND, QUERY_STEP, CREATE_TIME, UPDATE_TIME, PANEL_ID) values (	55	,	 '/api/v1/query_range?query=node_memory_Inactive_file_bytes{node=~"$node",zone!="external"}'	,	 'PROXY_METRIC'	,	 'Inactive_file - File-backed memory on inactive LRU list'	,	 '30'	,	CURRENT_TIMESTAMP()	,	CURRENT_TIMESTAMP()	,	18	);
INSERT INTO chart_query (C_QUERY_ID, API_QUERY, QUERY_TYPE, LEGEND, QUERY_STEP, CREATE_TIME, UPDATE_TIME, PANEL_ID) values (	56	,	 '/api/v1/query_range?query=node_memory_Inactive_anon_bytes{node=~"$node",zone!="external"}'	,	 'PROXY_METRIC'	,	 'Inactive_anon - Anonymous and swap cache on inactive LRU listincluding tmpfs (shmem)'	,	 '30'	,	CURRENT_TIMESTAMP()	,	CURRENT_TIMESTAMP()	,	18	);
INSERT INTO chart_query (C_QUERY_ID, API_QUERY, QUERY_TYPE, LEGEND, QUERY_STEP, CREATE_TIME, UPDATE_TIME, PANEL_ID) values (	57	,	 '/api/v1/query_range?query=node_memory_Active_file_bytes{node=~"$node",zone!="external"}'	,	 'PROXY_METRIC'	,	 'Active_file - File-backed memory on active LRU list'	,	 '30'	,	CURRENT_TIMESTAMP()	,	CURRENT_TIMESTAMP()	,	18	);
INSERT INTO chart_query (C_QUERY_ID, API_QUERY, QUERY_TYPE, LEGEND, QUERY_STEP, CREATE_TIME, UPDATE_TIME, PANEL_ID) values (	58	,	 '/api/v1/query_range?query=node_memory_Active_anon_bytes{node=~"$node",zone!="external"}'	,	 'PROXY_METRIC'	,	 'Active_anon - Anonymous and swap cache on active least-recently-used (LRU) listincluding tmpfs'	,	 '30'	,	CURRENT_TIMESTAMP()	,	CURRENT_TIMESTAMP()	,	18	);
INSERT INTO chart_query (C_QUERY_ID, API_QUERY, QUERY_TYPE, LEGEND, QUERY_STEP, CREATE_TIME, UPDATE_TIME, PANEL_ID) values (	59	,	 '/api/v1/query_range?query=irate(node_vmstat_pgpgin{node=~"$node",zone!="external"}[5m])'	,	 'PROXY_METRIC'	,	 'Pagesin - Page in operations'	,	 '30'	,	CURRENT_TIMESTAMP()	,	CURRENT_TIMESTAMP()	,	19	);
INSERT INTO chart_query (C_QUERY_ID, API_QUERY, QUERY_TYPE, LEGEND, QUERY_STEP, CREATE_TIME, UPDATE_TIME, PANEL_ID) values (	60	,	 '/api/v1/query_range?query=-irate(node_vmstat_pgpgout{node=~"$node",zone!="external"}[5m])'	,	 'PROXY_METRIC'	,	 'Pagesout - Page out operations'	,	 '30'	,	CURRENT_TIMESTAMP()	,	CURRENT_TIMESTAMP()	,	19	);
INSERT INTO chart_query (C_QUERY_ID, API_QUERY, QUERY_TYPE, LEGEND, QUERY_STEP, CREATE_TIME, UPDATE_TIME, PANEL_ID) values (	61	,	 '/api/v1/query_range?query=100 - ((node_filesystem_avail_bytes{node=~"$node",zone!="external",device!~"rootfs"} * 100) / node_filesystem_size_bytes{node=~"$node",zone!="external",device!~"rootfs"})'	,	 'PROXY_METRIC'	,	 '{{{mountpoint}}}'	,	 '30'	,	CURRENT_TIMESTAMP()	,	CURRENT_TIMESTAMP()	,	20	);
INSERT INTO chart_query (C_QUERY_ID, API_QUERY, QUERY_TYPE, LEGEND, QUERY_STEP, CREATE_TIME, UPDATE_TIME, PANEL_ID) values (	62	,	 '/api/v1/query_range?query=node_filesystem_size_bytes{node=~"$node",zone!="external",device!~"rootfs"} - node_filesystem_avail_bytes{node=~"$node",zone!="external",device!~"rootfs"}'	,	 'PROXY_METRIC'	,	 '{{{mountpoint}}}'	,	 '30'	,	CURRENT_TIMESTAMP()	,	CURRENT_TIMESTAMP()	,	21	);
INSERT INTO chart_query (C_QUERY_ID, API_QUERY, QUERY_TYPE, LEGEND, QUERY_STEP, CREATE_TIME, UPDATE_TIME, PANEL_ID) values (	63	,	 '/api/v1/query_range?query=irate(node_disk_read_bytes_total{node=~"$node",zone!="external",device=~"[a-z]*[a-z]"}[5m])'	,	 'PROXY_METRIC'	,	 '{{device}} - Successfully read bytes'	,	 '30'	,	CURRENT_TIMESTAMP()	,	CURRENT_TIMESTAMP()	,	22	);
INSERT INTO chart_query (C_QUERY_ID, API_QUERY, QUERY_TYPE, LEGEND, QUERY_STEP, CREATE_TIME, UPDATE_TIME, PANEL_ID) values (	64	,	 '/api/v1/query_range?query=irate(node_disk_written_bytes_total{node=~"$node",zone!="external",device=~"[a-z]*[a-z]"}[5m])'	,	 'PROXY_METRIC'	,	 '{{device}} - Successfully written bytes'	,	 '30'	,	CURRENT_TIMESTAMP()	,	CURRENT_TIMESTAMP()	,	22	);
INSERT INTO chart_query (C_QUERY_ID, API_QUERY, QUERY_TYPE, LEGEND, QUERY_STEP, CREATE_TIME, UPDATE_TIME, PANEL_ID) values (	65	,	 '/api/v1/query_range?query=irate(node_disk_reads_completed_total{node=~"$node",zone!="external",device=~"[a-z]*[a-z]"}[5m])'	,	 'PROXY_METRIC'	,	 '{{device}} - Reads completed'	,	 '30'	,	CURRENT_TIMESTAMP()	,	CURRENT_TIMESTAMP()	,	23	);
INSERT INTO chart_query (C_QUERY_ID, API_QUERY, QUERY_TYPE, LEGEND, QUERY_STEP, CREATE_TIME, UPDATE_TIME, PANEL_ID) values (	66	,	 '/api/v1/query_range?query=irate(node_disk_writes_completed_total{node=~"$node",zone!="external",device=~"[a-z]*[a-z]"}[5m])'	,	 'PROXY_METRIC'	,	 '{{device}} - Writes completed'	,	 '30'	,	CURRENT_TIMESTAMP()	,	CURRENT_TIMESTAMP()	,	23	);
INSERT INTO chart_query (C_QUERY_ID, API_QUERY, QUERY_TYPE, LEGEND, QUERY_STEP, CREATE_TIME, UPDATE_TIME, PANEL_ID) values (	67	,	 '/api/v1/query_range?query=irate(node_network_receive_bytes_total{node=~"$node",zone!="external"}[5m])*8'	,	 'PROXY_METRIC'	,	 'recv {{device}}'	,	 '30'	,	CURRENT_TIMESTAMP()	,	CURRENT_TIMESTAMP()	,	24	);
INSERT INTO chart_query (C_QUERY_ID, API_QUERY, QUERY_TYPE, LEGEND, QUERY_STEP, CREATE_TIME, UPDATE_TIME, PANEL_ID) values (	68	,	 '/api/v1/query_range?query=- irate(node_network_transmit_bytes_total{node=~"$node",zone!="external"}[5m])*8'	,	 'PROXY_METRIC'	,	 'trans {{device}} '	,	 '30'	,	CURRENT_TIMESTAMP()	,	CURRENT_TIMESTAMP()	,	24	);
INSERT INTO chart_query (C_QUERY_ID, API_QUERY, QUERY_TYPE, LEGEND, QUERY_STEP, CREATE_TIME, UPDATE_TIME, PANEL_ID) values (	69	,	 '/api/v1/query_range?query=irate(node_network_receive_packets_total{node=~"$node",zone!="external"}[5m])'	,	 'PROXY_METRIC'	,	 '{{device}} - Receive'	,	 '30'	,	CURRENT_TIMESTAMP()	,	CURRENT_TIMESTAMP()	,	25	);
INSERT INTO chart_query (C_QUERY_ID, API_QUERY, QUERY_TYPE, LEGEND, QUERY_STEP, CREATE_TIME, UPDATE_TIME, PANEL_ID) values (	70	,	 '/api/v1/query_range?query=- irate(node_network_transmit_packets_total{node=~"$node",zone!="external"}[5m])'	,	 'PROXY_METRIC'	,	 '{{device}} - Transmit'	,	 '30'	,	CURRENT_TIMESTAMP()	,	CURRENT_TIMESTAMP()	,	25	);
INSERT INTO chart_query (C_QUERY_ID, API_QUERY, QUERY_TYPE, LEGEND, QUERY_STEP, CREATE_TIME, UPDATE_TIME, PANEL_ID) values (	71	,	 '/api/v1/query?query=node_filesystem_size_bytes{node=~"$node",zone!="external",fstype=~"ext.*|xfs",mountpoint !~".*pod.*"}-0'	,	 'PROXY_METRIC'	,	 'Total'	,	 '0'	,	CURRENT_TIMESTAMP()	,	CURRENT_TIMESTAMP()	,	26	);
INSERT INTO chart_query (C_QUERY_ID, API_QUERY, QUERY_TYPE, LEGEND, QUERY_STEP, CREATE_TIME, UPDATE_TIME, PANEL_ID) values (	72	,	 '/api/v1/query?query=node_filesystem_avail_bytes {node=~"$node",zone!="external",fstype=~"ext.*|xfs",mountpoint !~".*pod.*"}-0'	,	 'PROXY_METRIC'	,	 'Used'	,	 '0'	,	CURRENT_TIMESTAMP()	,	CURRENT_TIMESTAMP()	,	26	);
INSERT INTO chart_query (C_QUERY_ID, API_QUERY, QUERY_TYPE, LEGEND, QUERY_STEP, CREATE_TIME, UPDATE_TIME, PANEL_ID) values (	73	,	 '/api/v1/query?query=100 * (topk(5,(sum(rate(namedprocess_namegroup_cpu_seconds_total{zone!="external"} [5m]) * on(instance) group_left(node) count(label_replace(node_load1{node="$node", zone!="external"}, "instance", "$1:9256", "instance", "(.*):(.*)")) by (instance,node)) by (node,groupname,mode,instance)) or (sum(irate(namedprocess_namegroup_cpu_seconds_total{zone!="external"} [5m]) * on(instance) group_left(node) count(label_replace(node_load1{node="$node", zone!="external"}, "instance", "$1:9256", "instance", "(.*):(.*)")) by (instance,node)) by (node,groupname,mode,instance))))'	,	 'PROXY_METRIC'	,	 'CPU(%)'	,	 '15'	,	CURRENT_TIMESTAMP()	,	CURRENT_TIMESTAMP()	,	27	);
INSERT INTO chart_query (C_QUERY_ID, API_QUERY, QUERY_TYPE, LEGEND, QUERY_STEP, CREATE_TIME, UPDATE_TIME, PANEL_ID) values (	74	,	 '/api/v1/query?query=sum(jvm_info{job="jmx-metrics", application=~"^.*$", instance=~"^.*$"})'	,	 'PROXY_METRIC'	,	 ''	,	 ''	,	CURRENT_TIMESTAMP()	,	CURRENT_TIMESTAMP()	,	28	);
INSERT INTO chart_query (C_QUERY_ID, API_QUERY, QUERY_TYPE, LEGEND, QUERY_STEP, CREATE_TIME, UPDATE_TIME, PANEL_ID) values (	75	,	 '/api/v1/query?query=avg(avg_over_time(java_lang_operatingsystem_processcpuload{job="jmx-metrics", application=~"^.*$", instance=~"^.*$"}[1m]) * 100)'	,	 'PROXY_METRIC'	,	 ''	,	 '15'	,	CURRENT_TIMESTAMP()	,	CURRENT_TIMESTAMP()	,	29	);
INSERT INTO chart_query (C_QUERY_ID, API_QUERY, QUERY_TYPE, LEGEND, QUERY_STEP, CREATE_TIME, UPDATE_TIME, PANEL_ID) values (	76	,	 '/api/v1/query_range?query=avg((jvm_memory_bytes_used{area="heap",job="jmx-metrics", application=~"^.*$", instance=~"^.*$"} / jvm_memory_bytes_max{area="heap",job="jmx-metrics", application=~"^.*$", instance=~"^.*$"} >= 0) * 100)'	,	 'PROXY_METRIC'	,	 ''	,	 '15'	,	CURRENT_TIMESTAMP()	,	CURRENT_TIMESTAMP()	,	30	);
INSERT INTO chart_query (C_QUERY_ID, API_QUERY, QUERY_TYPE, LEGEND, QUERY_STEP, CREATE_TIME, UPDATE_TIME, PANEL_ID) values (	77	,	 '/api/v1/query?query=sum(jvm_threads_current{job="jmx-metrics", application=~"^.*$", instance=~"^.*$"})'	,	 'PROXY_METRIC'	,	 ''	,	 ''	,	CURRENT_TIMESTAMP()	,	CURRENT_TIMESTAMP()	,	31	);
INSERT INTO chart_query (C_QUERY_ID, API_QUERY, QUERY_TYPE, LEGEND, QUERY_STEP, CREATE_TIME, UPDATE_TIME, PANEL_ID) values (	78	,	 '/api/v1/query?query=avg(jvm_gc_collection_seconds_sum{job="jmx-metrics", application=~"^.*$", instance=~"^.*$"})'	,	 'PROXY_METRIC'	,	 ''	,	 ''	,	CURRENT_TIMESTAMP()	,	CURRENT_TIMESTAMP()	,	32	);
INSERT INTO chart_query (C_QUERY_ID, API_QUERY, QUERY_TYPE, LEGEND, QUERY_STEP, CREATE_TIME, UPDATE_TIME, PANEL_ID) values (	79	,	 '/api/v1/query_range?query=avg(jvm_memory_bytes_used{area="heap",job="jmx-metrics",application=~"^.*$", instance=~"^.*$"}) by (application)'	,	 'PROXY_METRIC'	,	 'Used {{application}}'	,	 '15'	,	CURRENT_TIMESTAMP()	,	CURRENT_TIMESTAMP()	,	33	);
INSERT INTO chart_query (C_QUERY_ID, API_QUERY, QUERY_TYPE, LEGEND, QUERY_STEP, CREATE_TIME, UPDATE_TIME, PANEL_ID) values (	80	,	 '/api/v1/query_range?query=avg(jvm_memory_bytes_max{area="heap",job="jmx-metrics",application=~"^.*$", instance=~"^.*$"}) by (application)'	,	 'PROXY_METRIC'	,	 'Max {{application}}'	,	 '15'	,	CURRENT_TIMESTAMP()	,	CURRENT_TIMESTAMP()	,	33	);
INSERT INTO chart_query (C_QUERY_ID, API_QUERY, QUERY_TYPE, LEGEND, QUERY_STEP, CREATE_TIME, UPDATE_TIME, PANEL_ID) values (	81	,	 '/api/v1/query_range?query=avg(jvm_memory_bytes_used{area="heap",job="jmx-metrics", application=~"^.*$", instance=~"^.*$"} / jvm_memory_bytes_max{area="heap",job="jmx-metrics", application=~"^.*$", instance=~"^.*$"}) by (application) * 100'	,	 'PROXY_METRIC'	,	 'Used(%) {{application}}'	,	 '15'	,	CURRENT_TIMESTAMP()	,	CURRENT_TIMESTAMP()	,	33	);
INSERT INTO chart_query (C_QUERY_ID, API_QUERY, QUERY_TYPE, LEGEND, QUERY_STEP, CREATE_TIME, UPDATE_TIME, PANEL_ID) values (	82	,	 '/api/v1/query_range?query=avg(jvm_memory_bytes_used{area="nonheap",job="jmx-metrics",application=~"^.*$", instance=~"^.*$"}) by (application)'	,	 'PROXY_METRIC'	,	 'Used {{application}}'	,	 '15'	,	CURRENT_TIMESTAMP()	,	CURRENT_TIMESTAMP()	,	34	);
INSERT INTO chart_query (C_QUERY_ID, API_QUERY, QUERY_TYPE, LEGEND, QUERY_STEP, CREATE_TIME, UPDATE_TIME, PANEL_ID) values (	91	,	 '/api/v1/query_range?query=avg(jvm_threads_current{job="jmx-metrics", application=~"^.*$", instance=~"^.*$"}) by (application)'	,	 'PROXY_METRIC'	,	 'JVM current threads {{application}}'	,	 '15'	,	CURRENT_TIMESTAMP()	,	CURRENT_TIMESTAMP()	,	37	);
INSERT INTO chart_query (C_QUERY_ID, API_QUERY, QUERY_TYPE, LEGEND, QUERY_STEP, CREATE_TIME, UPDATE_TIME, PANEL_ID) values (	92	,	 '/api/v1/query_range?query=avg(jvm_threads_daemon{job="jmx-metrics", application=~"^.*$", instance=~"^.*$"}) by (application)'	,	 'PROXY_METRIC'	,	 'JVM daemon threads {{application}}'	,	 '15'	,	CURRENT_TIMESTAMP()	,	CURRENT_TIMESTAMP()	,	37	);
INSERT INTO chart_query (C_QUERY_ID, API_QUERY, QUERY_TYPE, LEGEND, QUERY_STEP, CREATE_TIME, UPDATE_TIME, PANEL_ID) values (	93	,	 '/api/v1/query_range?query=avg(jvm_threads_deadlocked{job="jmx-metrics", application=~"^.*$", instance=~"^.*$"}) by (application)'	,	 'PROXY_METRIC'	,	 'JVM deadlock threads {{application}}'	,	 '15'	,	CURRENT_TIMESTAMP()	,	CURRENT_TIMESTAMP()	,	37	);
INSERT INTO chart_query (C_QUERY_ID, API_QUERY, QUERY_TYPE, LEGEND, QUERY_STEP, CREATE_TIME, UPDATE_TIME, PANEL_ID) values (	94	,	 '/api/v1/query_range?query=avg(increase(jvm_gc_collection_seconds_count{job="jmx-metrics", application=~"^.*$", instance=~".*"}[5m])) by (application, gc)'	,	 'PROXY_METRIC'	,	 '{{gc}} {{application}}'	,	 '15'	,	CURRENT_TIMESTAMP()	,	CURRENT_TIMESTAMP()	,	38	);
INSERT INTO chart_query (C_QUERY_ID, API_QUERY, QUERY_TYPE, LEGEND, QUERY_STEP, CREATE_TIME, UPDATE_TIME, PANEL_ID) values (	95	,	 '/api/v1/query_range?query=avg(increase(jvm_gc_collection_seconds_sum{job="jmx-metrics", application=~"^.*$", instance=~".*"}[5m])) by (application, gc)'	,	 'PROXY_METRIC'	,	 '{{gc}} {{application}}'	,	 '15'	,	CURRENT_TIMESTAMP()	,	CURRENT_TIMESTAMP()	,	39	);
INSERT INTO chart_query (C_QUERY_ID, API_QUERY, QUERY_TYPE, LEGEND, QUERY_STEP, CREATE_TIME, UPDATE_TIME, PANEL_ID) values (	96	,	 '/api/v1/query_range?query=avg(jvm_classes_loaded{job="jmx-metrics", application=~"^.*$", instance=~"^.*$"}) by (application)'	,	 'PROXY_METRIC'	,	 '{{application}}'	,	 '15'	,	CURRENT_TIMESTAMP()	,	CURRENT_TIMESTAMP()	,	40	);
INSERT INTO chart_query (C_QUERY_ID, API_QUERY, QUERY_TYPE, LEGEND, QUERY_STEP, CREATE_TIME, UPDATE_TIME, PANEL_ID) values (	97	,	 '/api/v1/query?query=process_start_time_seconds{application=~"^$application$", instance="$instance"}*1000'	,	 'PROXY_METRIC'	,	 ''	,	 ''	,	CURRENT_TIMESTAMP()	,	CURRENT_TIMESTAMP()	,	41	);
INSERT INTO chart_query (C_QUERY_ID, API_QUERY, QUERY_TYPE, LEGEND, QUERY_STEP, CREATE_TIME, UPDATE_TIME, PANEL_ID) values (	98	,	 '/api/v1/query?query=process_start_time_seconds{application=~"^$application$", instance="$instance"}*1000'	,	 'PROXY_METRIC'	,	 ''	,	 ''	,	CURRENT_TIMESTAMP()	,	CURRENT_TIMESTAMP()	,	42	);
INSERT INTO chart_query (C_QUERY_ID, API_QUERY, QUERY_TYPE, LEGEND, QUERY_STEP, CREATE_TIME, UPDATE_TIME, PANEL_ID) values (	99	,	 '/api/v1/query_range?query=(sum(jvm_memory_bytes_used{area="heap",application=~"$application", instance=~"$instance"})*100) / sum(jvm_memory_bytes_max{area="heap", application=~"$application", instance=~"$instance"})'	,	 'PROXY_METRIC'	,	 ''	,	 '15'	,	CURRENT_TIMESTAMP()	,	CURRENT_TIMESTAMP()	,	43	);
INSERT INTO chart_query (C_QUERY_ID, API_QUERY, QUERY_TYPE, LEGEND, QUERY_STEP, CREATE_TIME, UPDATE_TIME, PANEL_ID) values (	100	,	 '/api/v1/query?query=jvm_info{application=~"$application", instance=~"$instance"}'	,	 'PROXY_METRIC'	,	 ''	,	 ''	,	CURRENT_TIMESTAMP()	,	CURRENT_TIMESTAMP()	,	44	);
INSERT INTO chart_query (C_QUERY_ID, API_QUERY, QUERY_TYPE, LEGEND, QUERY_STEP, CREATE_TIME, UPDATE_TIME, PANEL_ID) values (	101	,	 '/api/v1/query_range?query=avg_over_time(java_lang_operatingsystem_systemcpuload{application="$application", instance="$instance"}[1m]) * 100'	,	 'PROXY_METRIC'	,	 'System'	,	 '15'	,	CURRENT_TIMESTAMP()	,	CURRENT_TIMESTAMP()	,	45	);
INSERT INTO chart_query (C_QUERY_ID, API_QUERY, QUERY_TYPE, LEGEND, QUERY_STEP, CREATE_TIME, UPDATE_TIME, PANEL_ID) values (	102	,	 '/api/v1/query_range?query=avg_over_time(java_lang_operatingsystem_processcpuload{application="$application", instance="$instance"}[1m]) * 100'	,	 'PROXY_METRIC'	,	 'JVM'	,	 '15'	,	CURRENT_TIMESTAMP()	,	CURRENT_TIMESTAMP()	,	45	);
INSERT INTO chart_query (C_QUERY_ID, API_QUERY, QUERY_TYPE, LEGEND, QUERY_STEP, CREATE_TIME, UPDATE_TIME, PANEL_ID) values (	104	,	 '/api/v1/query_range?query=jvm_memory_bytes_used{area="heap",application=~"$application", instance=~"$instance"}'	,	 'PROXY_METRIC'	,	 'Used'	,	 '15'	,	CURRENT_TIMESTAMP()	,	CURRENT_TIMESTAMP()	,	47	);
INSERT INTO chart_query (C_QUERY_ID, API_QUERY, QUERY_TYPE, LEGEND, QUERY_STEP, CREATE_TIME, UPDATE_TIME, PANEL_ID) values (	105	,	 '/api/v1/query_range?query=jvm_memory_bytes_max{area="heap",application=~"$application", instance=~"$instance"}'	,	 'PROXY_METRIC'	,	 'Max'	,	 '15'	,	CURRENT_TIMESTAMP()	,	CURRENT_TIMESTAMP()	,	47	);
INSERT INTO chart_query (C_QUERY_ID, API_QUERY, QUERY_TYPE, LEGEND, QUERY_STEP, CREATE_TIME, UPDATE_TIME, PANEL_ID) values (	106	,	 '/api/v1/query_range?query=jvm_memory_bytes_used{area="heap", application=~"$application", instance=~"$instance"} / jvm_memory_bytes_max{area="heap", application=~"$application", instance=~"$instance"} >= 0'	,	 'PROXY_METRIC'	,	 'Used(%)'	,	 '15'	,	CURRENT_TIMESTAMP()	,	CURRENT_TIMESTAMP()	,	47	);
INSERT INTO chart_query (C_QUERY_ID, API_QUERY, QUERY_TYPE, LEGEND, QUERY_STEP, CREATE_TIME, UPDATE_TIME, PANEL_ID) values (	107	,	 '/api/v1/query_range?query=jvm_memory_bytes_used{area="nonheap",application=~"$application", instance=~"$instance"}'	,	 'PROXY_METRIC'	,	 'Used'	,	 '15'	,	CURRENT_TIMESTAMP()	,	CURRENT_TIMESTAMP()	,	48	);
INSERT INTO chart_query (C_QUERY_ID, API_QUERY, QUERY_TYPE, LEGEND, QUERY_STEP, CREATE_TIME, UPDATE_TIME, PANEL_ID) values (	116	,	 '/api/v1/query_range?query=jvm_threads_current{ application=~"$application", instance=~"$instance"}'	,	 'PROXY_METRIC'	,	 'JVM current threads'	,	 '15'	,	CURRENT_TIMESTAMP()	,	CURRENT_TIMESTAMP()	,	51	);
INSERT INTO chart_query (C_QUERY_ID, API_QUERY, QUERY_TYPE, LEGEND, QUERY_STEP, CREATE_TIME, UPDATE_TIME, PANEL_ID) values (	117	,	 '/api/v1/query_range?query=jvm_threads_daemon{ application=~"$application", instance=~"$instance"}'	,	 'PROXY_METRIC'	,	 'JVM daemon threads'	,	 '15'	,	CURRENT_TIMESTAMP()	,	CURRENT_TIMESTAMP()	,	51	);
INSERT INTO chart_query (C_QUERY_ID, API_QUERY, QUERY_TYPE, LEGEND, QUERY_STEP, CREATE_TIME, UPDATE_TIME, PANEL_ID) values (	118	,	 '/api/v1/query_range?query=jvm_threads_deadlocked{ application=~"$application", instance=~"$instance"}'	,	 'PROXY_METRIC'	,	 'JVM deadlock threads'	,	 '15'	,	CURRENT_TIMESTAMP()	,	CURRENT_TIMESTAMP()	,	51	);
INSERT INTO chart_query (C_QUERY_ID, API_QUERY, QUERY_TYPE, LEGEND, QUERY_STEP, CREATE_TIME, UPDATE_TIME, PANEL_ID) values (	119	,	 '/api/v1/query_range?query=jvm_classes_loaded{ application=~"$application", instance=~"$instance"}'	,	 'PROXY_METRIC'	,	 'loaded'	,	 '15'	,	CURRENT_TIMESTAMP()	,	CURRENT_TIMESTAMP()	,	52	);
INSERT INTO chart_query (C_QUERY_ID, API_QUERY, QUERY_TYPE, LEGEND, QUERY_STEP, CREATE_TIME, UPDATE_TIME, PANEL_ID) values (	120	,	 '/api/v1/query_range?query=increase(jvm_gc_collection_seconds_count{ application=~"$application", instance=~"$instance"}[1m])'	,	 'PROXY_METRIC'	,	 '{{gc}}'	,	 '15'	,	CURRENT_TIMESTAMP()	,	CURRENT_TIMESTAMP()	,	53	);
INSERT INTO chart_query (C_QUERY_ID, API_QUERY, QUERY_TYPE, LEGEND, QUERY_STEP, CREATE_TIME, UPDATE_TIME, PANEL_ID) values (	121	,	 '/api/v1/query_range?query=increase(jvm_gc_collection_seconds_sum{ application=~"$application", instance=~"$instance"}[1m])'	,	 'PROXY_METRIC'	,	 '{{gc}}'	,	 '15'	,	CURRENT_TIMESTAMP()	,	CURRENT_TIMESTAMP()	,	54	);
INSERT INTO chart_query (C_QUERY_ID, API_QUERY, QUERY_TYPE, LEGEND, QUERY_STEP, CREATE_TIME, UPDATE_TIME, PANEL_ID) values (	122	,	 '/api/v1/query?query=node_uname_info{instance=~"$instance.*"}'	,	 'PROXY_METRIC'	,	 ''	,	 ''	,	CURRENT_TIMESTAMP()	,	CURRENT_TIMESTAMP()	,	55	);
INSERT INTO chart_query (C_QUERY_ID, API_QUERY, QUERY_TYPE, LEGEND, QUERY_STEP, CREATE_TIME, UPDATE_TIME, PANEL_ID) values (	123	,	 '/api/v1/query?query=up{instance=~"$Host"}'	,	 'PROXY_METRIC'	,	 ''	,	 ''	,	CURRENT_TIMESTAMP()	,	CURRENT_TIMESTAMP()	,	56	);
INSERT INTO chart_query (C_QUERY_ID, API_QUERY, QUERY_TYPE, LEGEND, QUERY_STEP, CREATE_TIME, UPDATE_TIME, PANEL_ID) values (	124	,	 '/api/v1/query_range?query=(((count(count(node_cpu_seconds_total{instance=~"$Host"}) by (cpu))) - avg(sum by (mode)(irate(node_cpu_seconds_total{mode="idle",instance=~"$Host"}[5m])))) * 100) / count(count(node_cpu_seconds_total{instance=~"$Host"}) by (cpu))'	,	 'PROXY_METRIC'	,	 ''	,	 '60'	,	CURRENT_TIMESTAMP()	,	CURRENT_TIMESTAMP()	,	57	);
INSERT INTO chart_query (C_QUERY_ID, API_QUERY, QUERY_TYPE, LEGEND, QUERY_STEP, CREATE_TIME, UPDATE_TIME, PANEL_ID) values (	126	,	 '/api/v1/query_range?query=100 - ((node_memory_MemAvailable_bytes{instance=~"$Host"} * 100) / node_memory_MemTotal_bytes{instance=~"$Host"})'	,	 'PROXY_METRIC'	,	 ''	,	 '60'	,	CURRENT_TIMESTAMP()	,	CURRENT_TIMESTAMP()	,	58	);
INSERT INTO chart_query (C_QUERY_ID, API_QUERY, QUERY_TYPE, LEGEND, QUERY_STEP, CREATE_TIME, UPDATE_TIME, PANEL_ID) values (	127	,	 '/api/v1/query?query=up{instance=~"$Host"}'	,	 'PROXY_METRIC'	,	 ''	,	 '60'	,	CURRENT_TIMESTAMP()	,	CURRENT_TIMESTAMP()	,	59	);
INSERT INTO chart_query (C_QUERY_ID, API_QUERY, QUERY_TYPE, LEGEND, QUERY_STEP, CREATE_TIME, UPDATE_TIME, PANEL_ID) values (	128	,	 '/api/v1/query_range?query=(((count(count(node_cpu_seconds_total{instance=~"$Host"}) by (cpu))) - avg(sum by (mode)(irate(node_cpu_seconds_total{mode="idle",instance=~"$Host"}[5m])))) * 100) / count(count(node_cpu_seconds_total{instance=~"$Host"}) by (cpu))'	,	 'PROXY_METRIC'	,	 ''	,	 '60'	,	CURRENT_TIMESTAMP()	,	CURRENT_TIMESTAMP()	,	60	);
INSERT INTO chart_query (C_QUERY_ID, API_QUERY, QUERY_TYPE, LEGEND, QUERY_STEP, CREATE_TIME, UPDATE_TIME, PANEL_ID) values (	129	,	 '/api/v1/query_range?query=((node_memory_MemTotal_bytes{instance=~"$Host"} - node_memory_MemFree_bytes{instance=~"$Host"}) / (node_memory_MemTotal_bytes{instance=~"$Host"} )) * 100'	,	 'PROXY_METRIC'	,	 ''	,	 '60'	,	CURRENT_TIMESTAMP()	,	CURRENT_TIMESTAMP()	,	61	);
INSERT INTO chart_query (C_QUERY_ID, API_QUERY, QUERY_TYPE, LEGEND, QUERY_STEP, CREATE_TIME, UPDATE_TIME, PANEL_ID) values (	130	,	 '/api/v1/query_range?query=100 - ((node_memory_MemAvailable_bytes{instance=~"$Host"} * 100) / node_memory_MemTotal_bytes{instance=~"$Host"})'	,	 'PROXY_METRIC'	,	 ''	,	 '60'	,	CURRENT_TIMESTAMP()	,	CURRENT_TIMESTAMP()	,	61	);
INSERT INTO chart_query (C_QUERY_ID, API_QUERY, QUERY_TYPE, LEGEND, QUERY_STEP, CREATE_TIME, UPDATE_TIME, PANEL_ID) values (	131	,	 '/api/v1/query?query=up{instance=~"$Host"}'	,	 'PROXY_METRIC'	,	 ''	,	 '60'	,	CURRENT_TIMESTAMP()	,	CURRENT_TIMESTAMP()	,	62	);
INSERT INTO chart_query (C_QUERY_ID, API_QUERY, QUERY_TYPE, LEGEND, QUERY_STEP, CREATE_TIME, UPDATE_TIME, PANEL_ID) values (	132	,	 '/api/v1/query_range?query=(((count(count(node_cpu_seconds_total{instance=~"$Host"}) by (cpu))) - avg(sum by (mode)(irate(node_cpu_seconds_total{mode="idle",instance=~"$Host"}[5m])))) * 100) / count(count(node_cpu_seconds_total{instance=~"$Host"}) by (cpu))'	,	 'PROXY_METRIC'	,	 ''	,	 '60'	,	CURRENT_TIMESTAMP()	,	CURRENT_TIMESTAMP()	,	63	);
INSERT INTO chart_query (C_QUERY_ID, API_QUERY, QUERY_TYPE, LEGEND, QUERY_STEP, CREATE_TIME, UPDATE_TIME, PANEL_ID) values (	133	,	 '/api/v1/query_range?query=((node_memory_MemTotal_bytes{instance=~"$Host"} - node_memory_MemFree_bytes{instance=~"$Host"}) / (node_memory_MemTotal_bytes{instance=~"$Host"} )) * 100'	,	 'PROXY_METRIC'	,	 ''	,	 '60'	,	CURRENT_TIMESTAMP()	,	CURRENT_TIMESTAMP()	,	64	);
INSERT INTO chart_query (C_QUERY_ID, API_QUERY, QUERY_TYPE, LEGEND, QUERY_STEP, CREATE_TIME, UPDATE_TIME, PANEL_ID) values (	134	,	 '/api/v1/query_range?query=100 - ((node_memory_MemAvailable_bytes{instance=~"$Host"} * 100) / node_memory_MemTotal_bytes{instance=~"$Host"})'	,	 'PROXY_METRIC'	,	 ''	,	 '60'	,	CURRENT_TIMESTAMP()	,	CURRENT_TIMESTAMP()	,	64	);
INSERT INTO chart_query (C_QUERY_ID, API_QUERY, QUERY_TYPE, LEGEND, QUERY_STEP, CREATE_TIME, UPDATE_TIME, PANEL_ID) values (   135    ,   '/api/v1/query_range?query=oracledb_parallel_query_count{instance=~"$instance"}'    ,   'METRIC'  ,   ''    ,   '60'  ,  CURRENT_TIMESTAMP()    ,  CURRENT_TIMESTAMP()    ,  65 );
INSERT INTO chart_query (C_QUERY_ID, API_QUERY, QUERY_TYPE, LEGEND, QUERY_STEP, CREATE_TIME, UPDATE_TIME, PANEL_ID) values (   136    ,   '/api/v1/query_range?query=increase(oracledb_activity_user_commits{instance=~"$instance"}[1m])' ,   'METRIC'  ,   ''    ,   '60'  ,  CURRENT_TIMESTAMP()    ,  CURRENT_TIMESTAMP()    ,  66 );
INSERT INTO chart_query (C_QUERY_ID, API_QUERY, QUERY_TYPE, LEGEND, QUERY_STEP, CREATE_TIME, UPDATE_TIME, PANEL_ID) values (   139    ,   '/api/v1/query_range?query=increase(oracledb_activity_user_rollbacks{instance=~"$instance"}[1m])'   ,   'METRIC'  ,   ''   ,   '60'  ,  CURRENT_TIMESTAMP()    ,  CURRENT_TIMESTAMP()    ,  69 );
INSERT INTO chart_query (C_QUERY_ID, API_QUERY, QUERY_TYPE, LEGEND, QUERY_STEP, CREATE_TIME, UPDATE_TIME, PANEL_ID) values (   137    ,   '/api/v1/query_range?query=oracledb_sessions_value{instance=~"$instance",status="ACTIVE",type="USER"}'    ,   'METRIC'  ,   ''    ,   '60'  ,  CURRENT_TIMESTAMP()    ,  CURRENT_TIMESTAMP()    ,  67 );
INSERT INTO chart_query (C_QUERY_ID, API_QUERY, QUERY_TYPE, LEGEND, QUERY_STEP, CREATE_TIME, UPDATE_TIME, PANEL_ID) values (   138    ,   '/api/v1/query_range?query=oracledb_process_count{instance=~"$instance"}' ,   'METRIC'  ,   'Process count'   ,   '60'  ,  CURRENT_TIMESTAMP()    ,  CURRENT_TIMESTAMP()    ,  68 );
INSERT INTO chart_query (C_QUERY_ID, API_QUERY, QUERY_TYPE, LEGEND, QUERY_STEP, CREATE_TIME, UPDATE_TIME, PANEL_ID) values (   140    ,   '/api/v1/query_range?query=oracledb_wait_time_concurrency{instance=~"$instance"}' ,   'METRIC'  ,   'Concurrent wait time'    ,   '60'  ,  CURRENT_TIMESTAMP()    ,  CURRENT_TIMESTAMP()    ,  70 );
INSERT INTO chart_query (C_QUERY_ID, API_QUERY, QUERY_TYPE, LEGEND, QUERY_STEP, CREATE_TIME, UPDATE_TIME, PANEL_ID) values (   141    ,   '/api/v1/query_range?query=oracledb_wait_time_commit{instance=~"$instance"}'  ,   'METRIC'  ,   'commit'  ,   '60'  ,  CURRENT_TIMESTAMP()    ,  CURRENT_TIMESTAMP()    ,  71 );
INSERT INTO chart_query (C_QUERY_ID, API_QUERY, QUERY_TYPE, LEGEND, QUERY_STEP, CREATE_TIME, UPDATE_TIME, PANEL_ID) values (   142    ,   '/api/v1/query_range?query=oracledb_wait_time_application{instance=~"$instance"}' ,   'METRIC'  ,   'Application waiting' ,   '60'  ,  CURRENT_TIMESTAMP()    ,  CURRENT_TIMESTAMP()    ,  72 );
INSERT INTO chart_query (C_QUERY_ID, API_QUERY, QUERY_TYPE, LEGEND, QUERY_STEP, CREATE_TIME, UPDATE_TIME, PANEL_ID) values (   143    ,   '/api/v1/query_range?query=oracledb_wait_time_network{instance=~"$instance"}' ,   'METRIC'  ,   'Network waiting' ,   '60'  ,  CURRENT_TIMESTAMP()    ,  CURRENT_TIMESTAMP()    ,  73 );
INSERT INTO chart_query (C_QUERY_ID, API_QUERY, QUERY_TYPE, LEGEND, QUERY_STEP, CREATE_TIME, UPDATE_TIME, PANEL_ID) values (   144    ,   '/api/v1/query_range?query=oracledb_wait_time_system_io{instance=~"$instance"}'   ,   'METRIC'  ,   'System I/O waiting'  ,   '60'  ,  CURRENT_TIMESTAMP()    ,  CURRENT_TIMESTAMP()    ,  74 );
INSERT INTO chart_query (C_QUERY_ID, API_QUERY, QUERY_TYPE, LEGEND, QUERY_STEP, CREATE_TIME, UPDATE_TIME, PANEL_ID) values (   145    ,   '/api/v1/query_range?query=oracledb_wait_time_user_io{instance=~"$instance"}' ,   'METRIC'  ,   'User I/O waiting'    ,   '60'  ,  CURRENT_TIMESTAMP()    ,  CURRENT_TIMESTAMP()    ,  75 );
INSERT INTO chart_query (C_QUERY_ID, API_QUERY, QUERY_TYPE, LEGEND, QUERY_STEP, CREATE_TIME, UPDATE_TIME, PANEL_ID) values (   146    ,   '/api/v1/query_range?query=oracledb_wait_time_configuration{instance=~"$instance"}'   ,   'METRIC'  ,   'Configure wait time' ,   '60'  ,  CURRENT_TIMESTAMP()    ,  CURRENT_TIMESTAMP()    ,  76 );
INSERT INTO chart_query (C_QUERY_ID, API_QUERY, QUERY_TYPE, LEGEND, QUERY_STEP, CREATE_TIME, UPDATE_TIME, PANEL_ID) values (   147    ,   '/api/v1/query_range?query=oracledb_wait_time_scheduler{instance=~"$instance"}'   ,   'METRIC'  ,   'Scheduler  waiting time' ,   '60'  ,  CURRENT_TIMESTAMP()    ,  CURRENT_TIMESTAMP()    ,  77 );
INSERT INTO chart_query (C_QUERY_ID, API_QUERY, QUERY_TYPE, LEGEND, QUERY_STEP, CREATE_TIME, UPDATE_TIME, PANEL_ID) values (   148    ,   '/api/v1/query_range?query=oracledb_resource_current_utilization{instance=~"$instance"}'  ,   'METRIC'  ,   '{{resource_name}}'    ,   '60'  ,  CURRENT_TIMESTAMP()    ,  CURRENT_TIMESTAMP()    ,  78 );
INSERT INTO chart_query (C_QUERY_ID, API_QUERY, QUERY_TYPE, LEGEND, QUERY_STEP, CREATE_TIME, UPDATE_TIME, PANEL_ID) values (   149    ,   '/api/v1/query_range?query=oracledb_lock_wait_count{instance=~"$instance"}'    ,   'METRIC'  ,   'Lock wait count'    ,   '60'  ,  CURRENT_TIMESTAMP()    ,  CURRENT_TIMESTAMP()    ,  161 );
INSERT INTO chart_query (C_QUERY_ID, API_QUERY, QUERY_TYPE, LEGEND, QUERY_STEP, CREATE_TIME, UPDATE_TIME, PANEL_ID) values (   150    ,   '/api/v1/query?query=sum(oracledb_error_count{instance=~"$instance"}) by (error_code)'    ,   'METRIC'  ,   'error count'    ,   '60'  ,  CURRENT_TIMESTAMP()    ,  CURRENT_TIMESTAMP()    ,  162 );
INSERT INTO chart_query (C_QUERY_ID, API_QUERY, QUERY_TYPE, LEGEND, QUERY_STEP, CREATE_TIME, UPDATE_TIME, PANEL_ID) values (   301    ,   '/api/v1/query?query=sort_desc(sum(oracledb_table_space_size{instance=~"$instance"}) by (name))',   'METRIC'  ,   'Size(bytes)'    ,   '60'  ,  CURRENT_TIMESTAMP()    ,  CURRENT_TIMESTAMP()    ,  79 );
INSERT INTO chart_query (C_QUERY_ID, API_QUERY, QUERY_TYPE, LEGEND, QUERY_STEP, CREATE_TIME, UPDATE_TIME, PANEL_ID) values (   302    ,   '/api/v1/query?query=sort_desc(sum(oracledb_table_space_used{instance=~"$instance"}) by (name))'  ,   'METRIC'  ,   'Used(bytes)'    ,   '60'  ,  CURRENT_TIMESTAMP()    ,  CURRENT_TIMESTAMP()    ,  79 );
INSERT INTO chart_query (C_QUERY_ID, API_QUERY, QUERY_TYPE, LEGEND, QUERY_STEP, CREATE_TIME, UPDATE_TIME, PANEL_ID) values (   303    ,   '/api/v1/query?query=sort_desc(sum(oracledb_table_space_usage{instance=~"$instance"}) by (name))'  ,   'METRIC'  ,   'Used(%)'    ,   '60'  ,  CURRENT_TIMESTAMP()    ,  CURRENT_TIMESTAMP()    ,  79 );
INSERT INTO chart_query (C_QUERY_ID, API_QUERY, QUERY_TYPE, LEGEND, QUERY_STEP, CREATE_TIME, UPDATE_TIME, PANEL_ID) values (	151	,	 '/api/v1/query_range?query= (1 - (avg(irate(node_cpu_seconds_total{mode="idle",node=~"^$node"}[5m])) by (node))) * 100'	,	 'PROXY_METRIC'	,	 ''	,	 '60'	,	CURRENT_TIMESTAMP()	,	CURRENT_TIMESTAMP()	,	80	);
INSERT INTO chart_query (C_QUERY_ID, API_QUERY, QUERY_TYPE, LEGEND, QUERY_STEP, CREATE_TIME, UPDATE_TIME, PANEL_ID) values (	152	,	 '/api/v1/query_range?query=100 - ((node_memory_MemAvailable_bytes{node=~"^$node"} * 100) / node_memory_MemTotal_bytes{node=~"^$node"})'	,	 'PROXY_METRIC'	,	 ''	,	 '60'	,	CURRENT_TIMESTAMP()	,	CURRENT_TIMESTAMP()	,	81	);
INSERT INTO chart_query (C_QUERY_ID, API_QUERY, QUERY_TYPE, LEGEND, QUERY_STEP, CREATE_TIME, UPDATE_TIME, PANEL_ID) values (	153	,	 '/api/v1/query_range?query=(sum(node_filesystem_size_bytes{device!~"rootfs|HarddiskVolume.+",node=~"^$node"})-sum(node_filesystem_free_bytes{device!~"rootfs|HarddiskVolume.+",node=~"^$node"})) / sum(node_filesystem_size_bytes{device!~"rootfs|HarddiskVolume.+",node=~"^$node"}) * 100'	,	 'PROXY_METRIC'	,	 ''	,	 '60'	,	CURRENT_TIMESTAMP()	,	CURRENT_TIMESTAMP()	,	82	);
INSERT INTO chart_query (C_QUERY_ID, API_QUERY, QUERY_TYPE, LEGEND, QUERY_STEP, CREATE_TIME, UPDATE_TIME, PANEL_ID) values (	154	,	 '/api/v1/query?query=sum(kube_node_status_capacity_cpu_cores{node="$node"})'	,	 'PROXY_METRIC'	,	 'Total'	,	 '60'	,	CURRENT_TIMESTAMP()	,	CURRENT_TIMESTAMP()	,	83	);
INSERT INTO chart_query (C_QUERY_ID, API_QUERY, QUERY_TYPE, LEGEND, QUERY_STEP, CREATE_TIME, UPDATE_TIME, PANEL_ID) values (	155	,	 '/api/v1/query?query=sum(kube_pod_container_resource_requests_cpu_cores{node="$node"})'	,	 'PROXY_METRIC'	,	 'Request'	,	 '60'	,	CURRENT_TIMESTAMP()	,	CURRENT_TIMESTAMP()	,	83	);
INSERT INTO chart_query (C_QUERY_ID, API_QUERY, QUERY_TYPE, LEGEND, QUERY_STEP, CREATE_TIME, UPDATE_TIME, PANEL_ID) values (	157	,	 '/api/v1/query?query=sum by(node) (kube_node_status_capacity_memory_bytes{node="$node"})'	,	 'PROXY_METRIC'	,	 'Total'	,	 '60'	,	CURRENT_TIMESTAMP()	,	CURRENT_TIMESTAMP()	,	84	);
INSERT INTO chart_query (C_QUERY_ID, API_QUERY, QUERY_TYPE, LEGEND, QUERY_STEP, CREATE_TIME, UPDATE_TIME, PANEL_ID) values (	158	,	 '/api/v1/query?query=sum(kube_pod_container_resource_requests_memory_bytes{node="$node"})'	,	 'PROXY_METRIC'	,	 'Request'	,	 '60'	,	CURRENT_TIMESTAMP()	,	CURRENT_TIMESTAMP()	,	84	);

INSERT INTO chart_query (C_QUERY_ID, API_QUERY, QUERY_TYPE, LEGEND, QUERY_STEP, CREATE_TIME, UPDATE_TIME, PANEL_ID) values (	161	,	 '/api/v1/query?query=sum(node_filesystem_size_bytes{device!~"rootfs|HarddiskVolume.+",node=~"$node"})'	,	 'PROXY_METRIC'	,	 'Size'	,	 '60'	,	CURRENT_TIMESTAMP()	,	CURRENT_TIMESTAMP()	,	85	);
INSERT INTO chart_query (C_QUERY_ID, API_QUERY, QUERY_TYPE, LEGEND, QUERY_STEP, CREATE_TIME, UPDATE_TIME, PANEL_ID) values (	162	,	 '/api/v1/query?query=sum(node_filesystem_size_bytes{device!~"rootfs|HarddiskVolume.+",node=~"$node"})-sum(node_filesystem_free_bytes{device!~"rootfs|HarddiskVolume.+",node=~"$node"})'	,	 'PROXY_METRIC'	,	 'Usage'	,	 '60'	,	CURRENT_TIMESTAMP()	,	CURRENT_TIMESTAMP()	,	85	);

INSERT INTO chart_query (C_QUERY_ID, API_QUERY, QUERY_TYPE, LEGEND, QUERY_STEP, CREATE_TIME, UPDATE_TIME, PANEL_ID) values (	163	,	 '/api/v1/monitoring/cluster/nodes/$node/pods/metrics'	,	 'KUBERNETES'	,	 '{{name}}'	,	 '60'	,	CURRENT_TIMESTAMP()	,	CURRENT_TIMESTAMP()	,	86	);

INSERT INTO chart_query (C_QUERY_ID, API_QUERY, QUERY_TYPE, LEGEND, QUERY_STEP, CREATE_TIME, UPDATE_TIME, PANEL_ID) values (	165	,	 '/api/v1/query?query=sum(count(count(node_cpu_seconds_total{node=~".*", zone!="external"}) by (cpu, node)) by (cpu))'	,	 'PROXY_METRIC'	,	 'Total Cores'	,	 '30'	,	CURRENT_TIMESTAMP()	,	CURRENT_TIMESTAMP()	,	87	);
INSERT INTO chart_query (C_QUERY_ID, API_QUERY, QUERY_TYPE, LEGEND, QUERY_STEP, CREATE_TIME, UPDATE_TIME, PANEL_ID) values (	166	,	 '/api/v1/query?query=sum(node_memory_MemTotal_bytes{node=~".*", zone!="external"})'	,	 'PROXY_METRIC'	,	 'Total Memory'	,	 '30'	,	CURRENT_TIMESTAMP()	,	CURRENT_TIMESTAMP()	,	88	);
INSERT INTO chart_query (C_QUERY_ID, API_QUERY, QUERY_TYPE, LEGEND, QUERY_STEP, CREATE_TIME, UPDATE_TIME, PANEL_ID) values (	167	,	 '/api/v1/query?query=sum(node_filesystem_size_bytes{device!~"rootfs|HarddiskVolume|tmpfs",node=~"^.*$", zone!="external"})'	,	 'PROXY_METRIC'	,	 'Total Disk'	,	 '30'	,	CURRENT_TIMESTAMP()	,	CURRENT_TIMESTAMP()	,	89	);
INSERT INTO chart_query (C_QUERY_ID, API_QUERY, QUERY_TYPE, LEGEND, QUERY_STEP, CREATE_TIME, UPDATE_TIME, PANEL_ID) values (	168	,	 '/api/v1/query?query=sum(kube_node_info{node=~".*",zone!="external"})'	,	 'PROXY_METRIC'	,	 'Total nodes'	,	 '30'	,	CURRENT_TIMESTAMP()	,	CURRENT_TIMESTAMP()	,	90	);
INSERT INTO chart_query (C_QUERY_ID, API_QUERY, QUERY_TYPE, LEGEND, QUERY_STEP, CREATE_TIME, UPDATE_TIME, PANEL_ID) values (	169	,	 '/api/v1/query?query=sum(kube_node_status_condition{condition="Ready",node=~".*",status!="true",zone!="external"})'	,	 'PROXY_METRIC'	,	 'Failed Nodes'	,	 '30'	,	CURRENT_TIMESTAMP()	,	CURRENT_TIMESTAMP()	,	90	);
INSERT INTO chart_query (C_QUERY_ID, API_QUERY, QUERY_TYPE, LEGEND, QUERY_STEP, CREATE_TIME, UPDATE_TIME, PANEL_ID) values (	170	,	 '/api/v1/query_range?query=sum(machine_cpu_cores{node=~"^.*$",zone!="external"})'	,	 'PROXY_METRIC'	,	 'Total'	,	 '30'	,	CURRENT_TIMESTAMP()	,	CURRENT_TIMESTAMP()	,	91	);
INSERT INTO chart_query (C_QUERY_ID, API_QUERY, QUERY_TYPE, LEGEND, QUERY_STEP, CREATE_TIME, UPDATE_TIME, PANEL_ID) values (	171	,	 '/api/v1/query_range?query=(1 -(avg(irate(node_cpu_seconds_total{mode="idle",node=~"^.*$",zone!="external"}[5m]))))*sum(machine_cpu_cores{node=~"^.*$",zone!="external"})'	,	 'PROXY_METRIC'	,	 'Used'	,	 '30'	,	CURRENT_TIMESTAMP()	,	CURRENT_TIMESTAMP()	,	91	);
INSERT INTO chart_query (C_QUERY_ID, API_QUERY, QUERY_TYPE, LEGEND, QUERY_STEP, CREATE_TIME, UPDATE_TIME, PANEL_ID) values (	172	,	 '/api/v1/query_range?query=min(sum(kube_node_status_allocatable_cpu_cores{zone!="external"}) by (instance))'	,	 'PROXY_METRIC'	,	 'Allocatable'	,	 '30'	,	CURRENT_TIMESTAMP()	,	CURRENT_TIMESTAMP()	,	91	);
INSERT INTO chart_query (C_QUERY_ID, API_QUERY, QUERY_TYPE, LEGEND, QUERY_STEP, CREATE_TIME, UPDATE_TIME, PANEL_ID) values (	173	,	 '/api/v1/query_range?query=max(sum(kube_pod_container_resource_requests_cpu_cores{zone!="external"}) by (instance))'	,	 'PROXY_METRIC'	,	 'Requested'	,	 '30'	,	CURRENT_TIMESTAMP()	,	CURRENT_TIMESTAMP()	,	91	);
INSERT INTO chart_query (C_QUERY_ID, API_QUERY, QUERY_TYPE, LEGEND, QUERY_STEP, CREATE_TIME, UPDATE_TIME, PANEL_ID) values (	174	,	 '/api/v1/query_range?query=sum (machine_memory_bytes{node=~"^.*$",zone!="external"})'	,	 'PROXY_METRIC'	,	 'Total'	,	 '30'	,	CURRENT_TIMESTAMP()	,	CURRENT_TIMESTAMP()	,	92	);
INSERT INTO chart_query (C_QUERY_ID, API_QUERY, QUERY_TYPE, LEGEND, QUERY_STEP, CREATE_TIME, UPDATE_TIME, PANEL_ID) values (	175	,	 '/api/v1/query_range?query=sum(node_memory_MemTotal_bytes{node =~"^.*$",zone!="external"}) - sum(node_memory_MemAvailable_bytes{node =~"^.*$",zone!="external"})'	,	 'PROXY_METRIC'	,	 'Used'	,	 '30'	,	CURRENT_TIMESTAMP()	,	CURRENT_TIMESTAMP()	,	92	);
INSERT INTO chart_query (C_QUERY_ID, API_QUERY, QUERY_TYPE, LEGEND, QUERY_STEP, CREATE_TIME, UPDATE_TIME, PANEL_ID) values (	176	,	 '/api/v1/query_range?query=min(sum(kube_node_status_allocatable_memory_bytes{zone!="external"}) by (instance))'	,	 'PROXY_METRIC'	,	 'Allcatable'	,	 '30'	,	CURRENT_TIMESTAMP()	,	CURRENT_TIMESTAMP()	,	92	);
INSERT INTO chart_query (C_QUERY_ID, API_QUERY, QUERY_TYPE, LEGEND, QUERY_STEP, CREATE_TIME, UPDATE_TIME, PANEL_ID) values (	177	,	 '/api/v1/query_range?query=max(sum(kube_pod_container_resource_requests_memory_bytes{zone!="external"}) by (instance))'	,	 'PROXY_METRIC'	,	 'Requested'	,	 '30'	,	CURRENT_TIMESTAMP()	,	CURRENT_TIMESTAMP()	,	92	);
INSERT INTO chart_query (C_QUERY_ID, API_QUERY, QUERY_TYPE, LEGEND, QUERY_STEP, CREATE_TIME, UPDATE_TIME, PANEL_ID) values (	178	,	 '/api/v1/query_range?query=sum(node_filesystem_size_bytes{device!~"rootfs|HarddiskVolume|tmpfs",node=~"^.*$",zone!="external"})'	,	 'PROXY_METRIC'	,	 'Total'	,	 '30'	,	CURRENT_TIMESTAMP()	,	CURRENT_TIMESTAMP()	,	93	);
INSERT INTO chart_query (C_QUERY_ID, API_QUERY, QUERY_TYPE, LEGEND, QUERY_STEP, CREATE_TIME, UPDATE_TIME, PANEL_ID) values (	179	,	 '/api/v1/query_range?query=sum(node_filesystem_size_bytes{device!~"rootfs|HarddiskVolume|tmpfs",node=~"^.*$",zone!="external"}) - sum(node_filesystem_free_bytes{device!~"rootfs|HarddiskVolume|tmpfs",node=~"^.*$",zone!="external"})'	,	 'PROXY_METRIC'	,	 'Used'	,	 '30'	,	CURRENT_TIMESTAMP()	,	CURRENT_TIMESTAMP()	,	93	);
INSERT INTO chart_query (C_QUERY_ID, API_QUERY, QUERY_TYPE, LEGEND, QUERY_STEP, CREATE_TIME, UPDATE_TIME, PANEL_ID) values (	180	,	 '/api/v1/query?query=sum(kube_pod_status_phase{namespace=~".*", phase="Running",zone!="external"})'	,	 'PROXY_METRIC'	,	 'Running'	,	 '30'	,	CURRENT_TIMESTAMP()	,	CURRENT_TIMESTAMP()	,	94	);
INSERT INTO chart_query (C_QUERY_ID, API_QUERY, QUERY_TYPE, LEGEND, QUERY_STEP, CREATE_TIME, UPDATE_TIME, PANEL_ID) values (	181	,	 '/api/v1/query?query=sum(kube_pod_status_phase{namespace=~".*", phase="Failed",zone!="external"})'	,	 'PROXY_METRIC'	,	 'Failed'	,	 '30'	,	CURRENT_TIMESTAMP()	,	CURRENT_TIMESTAMP()	,	94	);
INSERT INTO chart_query (C_QUERY_ID, API_QUERY, QUERY_TYPE, LEGEND, QUERY_STEP, CREATE_TIME, UPDATE_TIME, PANEL_ID) values (	182	,	 '/api/v1/query_range?query=avg(100 * rate(container_cpu_usage_seconds_total{pod_name!="",container_name!="POD",node=~"^.*$",zone!="external"}[5m]))'	,	 'PROXY_METRIC'	,	 'Usage (5m Avg.)'	,	 '30'	,	CURRENT_TIMESTAMP()	,	CURRENT_TIMESTAMP()	,	95	);
INSERT INTO chart_query (C_QUERY_ID, API_QUERY, QUERY_TYPE, LEGEND, QUERY_STEP, CREATE_TIME, UPDATE_TIME, PANEL_ID) values (	183	,	 '/api/v1/query_range?query=avg (container_memory_working_set_bytes{pod_name!="",node=~"^.*$",zone!="external"})'	,	 'PROXY_METRIC'	,	 'Usage Bytes (Avg.)'	,	 '30'	,	CURRENT_TIMESTAMP()	,	CURRENT_TIMESTAMP()	,	96	);
INSERT INTO chart_query (C_QUERY_ID, API_QUERY, QUERY_TYPE, LEGEND, QUERY_STEP, CREATE_TIME, UPDATE_TIME, PANEL_ID) values (	184	,	 '/api/v1/query_range?query=avg (rate (container_network_receive_bytes_total{pod_name!="",node=~"^.*$",zone!="external"}[5m]))'	,	 'PROXY_METRIC'	,	 'Receive Bytes(Avg.)'	,	 '30'	,	CURRENT_TIMESTAMP()	,	CURRENT_TIMESTAMP()	,	97	);
INSERT INTO chart_query (C_QUERY_ID, API_QUERY, QUERY_TYPE, LEGEND, QUERY_STEP, CREATE_TIME, UPDATE_TIME, PANEL_ID) values (	185	,	 '/api/v1/query_range?query=- avg (rate (container_network_transmit_bytes_total{pod_name!="",node=~"^.*$",zone!="external"}[5m]))'	,	 'PROXY_METRIC'	,	 'Transmit Bytes (Avg.)'	,	 '30'	,	CURRENT_TIMESTAMP()	,	CURRENT_TIMESTAMP()	,	97	);
INSERT INTO chart_query (C_QUERY_ID, API_QUERY, QUERY_TYPE, LEGEND, QUERY_STEP, CREATE_TIME, UPDATE_TIME, PANEL_ID) values (	186	,	 '/api/v1/query?query=topk(5, sort_desc(100 * sum(rate(container_cpu_usage_seconds_total{container=~".*",pod_name!="",container_name!="",container_name!="POD",node=~"^.*$", namespace!~"kube-system|cattle-prometheus|cattle-system",zone!="external"}[5m])) by (pod_name)))'	,	 'PROXY_METRIC'	,	 '{{pod_name}}'	,	 '30'	,	CURRENT_TIMESTAMP()	,	CURRENT_TIMESTAMP()	,	98	);
INSERT INTO chart_query (C_QUERY_ID, API_QUERY, QUERY_TYPE, LEGEND, QUERY_STEP, CREATE_TIME, UPDATE_TIME, PANEL_ID) values (	187	,	 '/api/v1/query?query=topk(5, sort_desc(sum (container_memory_working_set_bytes{container=~".*",container_name!="",container_name!="POD",pod_name!="",node=~"^.*$", namespace!~"kube-system|cattle-prometheus|cattle-system",zone!="external"}) by (pod_name)))'	,	 'PROXY_METRIC'	,	 '{{pod_name}}'	,	 '30'	,	CURRENT_TIMESTAMP()	,	CURRENT_TIMESTAMP()	,	99	);
INSERT INTO chart_query (C_QUERY_ID, API_QUERY, QUERY_TYPE, LEGEND, QUERY_STEP, CREATE_TIME, UPDATE_TIME, PANEL_ID) values (	188	,	 '/api/v1/query?query=sum(kube_pod_status_phase{namespace=~"$namespace",phase="Running"}) OR on() vector(0)'	,	 'PROXY_METRIC'	,	 'Running'	,	 '60'	,	CURRENT_TIMESTAMP()	,	CURRENT_TIMESTAMP()	,	100	);
INSERT INTO chart_query (C_QUERY_ID, API_QUERY, QUERY_TYPE, LEGEND, QUERY_STEP, CREATE_TIME, UPDATE_TIME, PANEL_ID) values (	189	,	 '/api/v1/query?query=sum(kube_pod_status_phase{namespace=~"$namespace",phase="Pending"}) OR on() vector(0)'	,	 'PROXY_METRIC'	,	 'Pending'	,	 '60'	,	CURRENT_TIMESTAMP()	,	CURRENT_TIMESTAMP()	,	100	);
INSERT INTO chart_query (C_QUERY_ID, API_QUERY, QUERY_TYPE, LEGEND, QUERY_STEP, CREATE_TIME, UPDATE_TIME, PANEL_ID) values (	190	,	 '/api/v1/query?query=sum(kube_pod_status_phase{namespace=~"$namespace",phase="Failed"}) OR on() vector(0)'	,	 'PROXY_METRIC'	,	 'Failed'	,	 '60'	,	CURRENT_TIMESTAMP()	,	CURRENT_TIMESTAMP()	,	100	);
INSERT INTO chart_query (C_QUERY_ID, API_QUERY, QUERY_TYPE, LEGEND, QUERY_STEP, CREATE_TIME, UPDATE_TIME, PANEL_ID) values (	191	,	 '/api/v1/query?query=count(kube_deployment_status_condition{namespace="$namespace",condition="Available",status="true"} == 1) or on() vector(0)'	,	 'PROXY_METRIC'	,	 'Available'	,	 '60'	,	CURRENT_TIMESTAMP()	,	CURRENT_TIMESTAMP()	,	101	);
INSERT INTO chart_query (C_QUERY_ID, API_QUERY, QUERY_TYPE, LEGEND, QUERY_STEP, CREATE_TIME, UPDATE_TIME, PANEL_ID) values (	192	,	 '/api/v1/query?query=count(kube_deployment_status_condition{namespace="$namespace",condition="Available",status="false"} == 1) or on() vector(0)'	,	 'PROXY_METRIC'	,	 'UnAvailable'	,	 '60'	,	CURRENT_TIMESTAMP()	,	CURRENT_TIMESTAMP()	,	101	);
INSERT INTO chart_query (C_QUERY_ID, API_QUERY, QUERY_TYPE, LEGEND, QUERY_STEP, CREATE_TIME, UPDATE_TIME, PANEL_ID) values (	193	,	 '/api/v1/query?query=count(kube_statefulset_status_replicas_ready{namespace=~"$namespace"} > 0) or on() vector(0)'	,	 'PROXY_METRIC'	,	 'Available'	,	 '60'	,	CURRENT_TIMESTAMP()	,	CURRENT_TIMESTAMP()	,	102	);
INSERT INTO chart_query (C_QUERY_ID, API_QUERY, QUERY_TYPE, LEGEND, QUERY_STEP, CREATE_TIME, UPDATE_TIME, PANEL_ID) values (	194	,	 '/api/v1/query?query=count(kube_statefulset_status_replicas_ready{namespace=~"$namespace"} == 0) or on() vector(0)'	,	 'PROXY_METRIC'	,	 'UnAvailable'	,	 '60'	,	CURRENT_TIMESTAMP()	,	CURRENT_TIMESTAMP()	,	102	);
INSERT INTO chart_query (C_QUERY_ID, API_QUERY, QUERY_TYPE, LEGEND, QUERY_STEP, CREATE_TIME, UPDATE_TIME, PANEL_ID) values (	195	,	 '/api/v1/query?query=count(kube_daemonset_status_number_unavailable{namespace="$namespace"} == 0) or on() vector(0)'	,	 'PROXY_METRIC'	,	 'Available'	,	 '60'	,	CURRENT_TIMESTAMP()	,	CURRENT_TIMESTAMP()	,	103	);
INSERT INTO chart_query (C_QUERY_ID, API_QUERY, QUERY_TYPE, LEGEND, QUERY_STEP, CREATE_TIME, UPDATE_TIME, PANEL_ID) values (	196	,	 '/api/v1/query?query=count(kube_daemonset_status_number_unavailable{namespace="$namespace"} != 0) or on() vector(0)'	,	 'PROXY_METRIC'	,	 'UnAvailable'	,	 '60'	,	CURRENT_TIMESTAMP()	,	CURRENT_TIMESTAMP()	,	103	);
INSERT INTO chart_query (C_QUERY_ID, API_QUERY, QUERY_TYPE, LEGEND, QUERY_STEP, CREATE_TIME, UPDATE_TIME, PANEL_ID) values (	197	,	 '/api/v1/query?query=count(kube_job_complete{namespace="$namespace", condition="true"} == 1) or on() vector(0)'	,	 'PROXY_METRIC'	,	 'Completed'	,	 '60'	,	CURRENT_TIMESTAMP()	,	CURRENT_TIMESTAMP()	,	104	);
INSERT INTO chart_query (C_QUERY_ID, API_QUERY, QUERY_TYPE, LEGEND, QUERY_STEP, CREATE_TIME, UPDATE_TIME, PANEL_ID) values (	198	,	 '/api/v1/query?query=count(kube_job_status_succeeded{namespace="$namespace"} != 0) or on() vector(0)'	,	 'PROXY_METRIC'	,	 'Succeeded'	,	 '60'	,	CURRENT_TIMESTAMP()	,	CURRENT_TIMESTAMP()	,	104	);
INSERT INTO chart_query (C_QUERY_ID, API_QUERY, QUERY_TYPE, LEGEND, QUERY_STEP, CREATE_TIME, UPDATE_TIME, PANEL_ID) values (	199	,	 '/api/v1/query?query=count(kube_job_status_failed{namespace="$namespace"} != 0) or on() vector(0)'	,	 'PROXY_METRIC'	,	 'Failed'	,	 '60'	,	CURRENT_TIMESTAMP()	,	CURRENT_TIMESTAMP()	,	104	);
INSERT INTO chart_query (C_QUERY_ID, API_QUERY, QUERY_TYPE, LEGEND, QUERY_STEP, CREATE_TIME, UPDATE_TIME, PANEL_ID) values (	200	,	 '/api/v1/query?query=count(kube_job_status_active{namespace="$namespace"} != 0) or on() vector(0)'	,	 'PROXY_METRIC'	,	 'Running'	,	 '60'	,	CURRENT_TIMESTAMP()	,	CURRENT_TIMESTAMP()	,	104	);
INSERT INTO chart_query (C_QUERY_ID, API_QUERY, QUERY_TYPE, LEGEND, QUERY_STEP, CREATE_TIME, UPDATE_TIME, PANEL_ID) values (	201	,	 '/api/v1/query?query=count(kube_cronjob_spec_suspend{namespace="$namespace"} != 0) or on() vector(0)'	,	 'PROXY_METRIC'	,	 'Suspend'	,	 '60'	,	CURRENT_TIMESTAMP()	,	CURRENT_TIMESTAMP()	,	105	);
INSERT INTO chart_query (C_QUERY_ID, API_QUERY, QUERY_TYPE, LEGEND, QUERY_STEP, CREATE_TIME, UPDATE_TIME, PANEL_ID) values (	202	,	 '/api/v1/query?query=count(kube_cronjob_spec_suspend{namespace="$namespace"} == 0) or on() vector(0)'	,	 'PROXY_METRIC'	,	 'Continue'	,	 '60'	,	CURRENT_TIMESTAMP()	,	CURRENT_TIMESTAMP()	,	105	);
INSERT INTO chart_query (C_QUERY_ID, API_QUERY, QUERY_TYPE, LEGEND, QUERY_STEP, CREATE_TIME, UPDATE_TIME, PANEL_ID) values (	203	,	 '/api/v1/query?query=count(kube_cronjob_status_active{namespace="$namespace"} != 0) or on() vector(0)'	,	 'PROXY_METRIC'	,	 'Running'	,	 '60'	,	CURRENT_TIMESTAMP()	,	CURRENT_TIMESTAMP()	,	105	);
INSERT INTO chart_query (C_QUERY_ID, API_QUERY, QUERY_TYPE, LEGEND, QUERY_STEP, CREATE_TIME, UPDATE_TIME, PANEL_ID) values (	204	,	 '/monitoring/cluster/namespace/$namespace/events'	,	 'KUBERNETES'	,	 ''	,	 '60'	,	CURRENT_TIMESTAMP()	,	CURRENT_TIMESTAMP()	,	106	);
INSERT INTO chart_query (C_QUERY_ID, API_QUERY, QUERY_TYPE, LEGEND, QUERY_STEP, CREATE_TIME, UPDATE_TIME, PANEL_ID) values (	205	,	 '/api/v1/query_range?query=sum(rate(container_cpu_system_seconds_total{namespace=~"$namespace",pod_name=~"$name",container_name!=""}[5m])) by (pod_name) * 1000'	,	 'PROXY_METRIC'	,	 'CPU system seconds {{pod_name}}'	,	 '60'	,	CURRENT_TIMESTAMP()	,	CURRENT_TIMESTAMP()	,	107	);
INSERT INTO chart_query (C_QUERY_ID, API_QUERY, QUERY_TYPE, LEGEND, QUERY_STEP, CREATE_TIME, UPDATE_TIME, PANEL_ID) values (	206	,	 '/api/v1/query_range?query=sum(rate(container_cpu_usage_seconds_total{namespace=~"$namespace",pod_name=~"$name",container_name!=""}[5m])) by (pod_name) * 1000'	,	 'PROXY_METRIC'	,	 'CPU usage {{pod_name}}'	,	 '60'	,	CURRENT_TIMESTAMP()	,	CURRENT_TIMESTAMP()	,	107	);
INSERT INTO chart_query (C_QUERY_ID, API_QUERY, QUERY_TYPE, LEGEND, QUERY_STEP, CREATE_TIME, UPDATE_TIME, PANEL_ID) values (	207	,	 '/api/v1/query_range?query=sum(rate(container_cpu_user_seconds_total{namespace=~"$namespace",pod_name=~"$name",container_name!=""}[5m])) by (pod_name) * 1000'	,	 'PROXY_METRIC'	,	 'CPU user seconds {{pod_name}}'	,	 '60'	,	CURRENT_TIMESTAMP()	,	CURRENT_TIMESTAMP()	,	107	);
INSERT INTO chart_query (C_QUERY_ID, API_QUERY, QUERY_TYPE, LEGEND, QUERY_STEP, CREATE_TIME, UPDATE_TIME, PANEL_ID) values (	208	,	 '/api/v1/query_range?query=sum(rate(container_cpu_cfs_throttled_seconds_total{namespace=~"$namespace",pod_name=~"$name",container_name!=""}[5m])) by (pod_name) * 1000'	,	 'PROXY_METRIC'	,	 'CPU cfs throttled {{pod_name}}'	,	 '60'	,	CURRENT_TIMESTAMP()	,	CURRENT_TIMESTAMP()	,	107	);
INSERT INTO chart_query (C_QUERY_ID, API_QUERY, QUERY_TYPE, LEGEND, QUERY_STEP, CREATE_TIME, UPDATE_TIME, PANEL_ID) values (	209	,	 '/api/v1/query_range?query=sum(container_memory_working_set_bytes{namespace=~"$namespace",pod_name=~"$name",container_name!=""}) by (pod_name)'	,	 'PROXY_METRIC'	,	 'Memory usage {{pod_name}}'	,	 '60'	,	CURRENT_TIMESTAMP()	,	CURRENT_TIMESTAMP()	,	108	);
INSERT INTO chart_query (C_QUERY_ID, API_QUERY, QUERY_TYPE, LEGEND, QUERY_STEP, CREATE_TIME, UPDATE_TIME, PANEL_ID) values (	210	,	 '/api/v1/query_range?query=sum(rate(container_network_receive_bytes_total{namespace=~"$namespace",pod_name=~"$name",container_name!=""}[5m])) by (pod_name)'	,	 'PROXY_METRIC'	,	 'Receive {{pod_name}}'	,	 '60'	,	CURRENT_TIMESTAMP()	,	CURRENT_TIMESTAMP()	,	109	);
INSERT INTO chart_query (C_QUERY_ID, API_QUERY, QUERY_TYPE, LEGEND, QUERY_STEP, CREATE_TIME, UPDATE_TIME, PANEL_ID) values (	211	,	 '/api/v1/query_range?query=sum(rate(container_network_transmit_bytes_total{namespace=~"$namespace",pod_name=~"$name",container_name!=""}[5m])) by (pod_name)'	,	 'PROXY_METRIC'	,	 'Transmit {{pod_name}}'	,	 '60'	,	CURRENT_TIMESTAMP()	,	CURRENT_TIMESTAMP()	,	109	);
INSERT INTO chart_query (C_QUERY_ID, API_QUERY, QUERY_TYPE, LEGEND, QUERY_STEP, CREATE_TIME, UPDATE_TIME, PANEL_ID) values (	212	,	 '/api/v1/query_range?query=sum(rate(container_fs_reads_bytes_total{namespace=~"$namespace",pod_name=~"$name",container_name!=""}[5m])) by (pod_name)'	,	 'PROXY_METRIC'	,	 'Read {{pod_name}}'	,	 '60'	,	CURRENT_TIMESTAMP()	,	CURRENT_TIMESTAMP()	,	110	);
INSERT INTO chart_query (C_QUERY_ID, API_QUERY, QUERY_TYPE, LEGEND, QUERY_STEP, CREATE_TIME, UPDATE_TIME, PANEL_ID) values (	213	,	 '/api/v1/query_range?query=sum(rate(container_fs_writes_bytes_total{namespace=~"$namespace",pod_name=~"$name",container_name!=""}[5m])) by (pod_name)'	,	 'PROXY_METRIC'	,	 'Write {{pod_name}}'	,	 '60'	,	CURRENT_TIMESTAMP()	,	CURRENT_TIMESTAMP()	,	110	);
INSERT INTO chart_query (C_QUERY_ID, API_QUERY, QUERY_TYPE, LEGEND, QUERY_STEP, CREATE_TIME, UPDATE_TIME, PANEL_ID) values (	214	,	 '/api/v1/query_range?query=sum(rate(container_cpu_system_seconds_total{namespace=~"$namespace",pod_name=~"$name",container_name=~"$containerName"}[5m])) * 1000'	,	 'PROXY_METRIC'	,	 'CPU system seconds'	,	 '60'	,	CURRENT_TIMESTAMP()	,	CURRENT_TIMESTAMP()	,	111	);
INSERT INTO chart_query (C_QUERY_ID, API_QUERY, QUERY_TYPE, LEGEND, QUERY_STEP, CREATE_TIME, UPDATE_TIME, PANEL_ID) values (	215	,	 '/api/v1/query_range?query=sum(rate(container_cpu_usage_seconds_total{container_name!="POD",namespace=~"$namespace",pod_name=~"$name",container_name!=""}[5m])) * 1000'	,	 'PROXY_METRIC'	,	 'CPU usage'	,	 '60'	,	CURRENT_TIMESTAMP()	,	CURRENT_TIMESTAMP()	,	111	);
INSERT INTO chart_query (C_QUERY_ID, API_QUERY, QUERY_TYPE, LEGEND, QUERY_STEP, CREATE_TIME, UPDATE_TIME, PANEL_ID) values (	216	,	 '/api/v1/query_range?query=sum(rate(container_cpu_user_seconds_total{namespace=~"$namespace",pod_name=~"$name",container_name!=""}[5m])) * 1000'	,	 'PROXY_METRIC'	,	 'CPU user seconds'	,	 '60'	,	CURRENT_TIMESTAMP()	,	CURRENT_TIMESTAMP()	,	111	);
INSERT INTO chart_query (C_QUERY_ID, API_QUERY, QUERY_TYPE, LEGEND, QUERY_STEP, CREATE_TIME, UPDATE_TIME, PANEL_ID) values (	217	,	 '/api/v1/query_range?query=sum(rate(container_cpu_cfs_throttled_seconds_total{namespace=~"$namespace",pod_name=~"$name",container_name!=""}[5m])) * 1000'	,	 'PROXY_METRIC'	,	 'CPU cfs throttled'	,	 '60'	,	CURRENT_TIMESTAMP()	,	CURRENT_TIMESTAMP()	,	111	);
INSERT INTO chart_query (C_QUERY_ID, API_QUERY, QUERY_TYPE, LEGEND, QUERY_STEP, CREATE_TIME, UPDATE_TIME, PANEL_ID) values (	218	,	 '/api/v1/query_range?query=sum(container_memory_working_set_bytes{name!~"POD", namespace=~"$namespace",pod_name=~"$name",container_name=~"$containerName"})'	,	 'PROXY_METRIC'	,	 'Memory usage'	,	 '60'	,	CURRENT_TIMESTAMP()	,	CURRENT_TIMESTAMP()	,	112	);
INSERT INTO chart_query (C_QUERY_ID, API_QUERY, QUERY_TYPE, LEGEND, QUERY_STEP, CREATE_TIME, UPDATE_TIME, PANEL_ID) values (	219	,	 '/api/v1/query_range?query=sum(rate(container_fs_reads_bytes_total{namespace=~"$namespace",pod_name=~"$name",container_name=~"$containerName"}[5m]))'	,	 'PROXY_METRIC'	,	 'Read'	,	 '60'	,	CURRENT_TIMESTAMP()	,	CURRENT_TIMESTAMP()	,	113	);
INSERT INTO chart_query (C_QUERY_ID, API_QUERY, QUERY_TYPE, LEGEND, QUERY_STEP, CREATE_TIME, UPDATE_TIME, PANEL_ID) values (	220	,	 '/api/v1/query_range?query=sum(rate(container_fs_writes_bytes_total{namespace=~"$namespace",pod_name=~"$name",container_name=~"$containerName"}[5m]))'	,	 'PROXY_METRIC'	,	 'Write'	,	 '60'	,	CURRENT_TIMESTAMP()	,	CURRENT_TIMESTAMP()	,	113	);
INSERT INTO chart_query (C_QUERY_ID, API_QUERY, QUERY_TYPE, LEGEND, QUERY_STEP, CREATE_TIME, UPDATE_TIME, PANEL_ID) values (	221	,	 '/api/v1/query_range?query=sum(rate(container_cpu_usage_seconds_total{namespace="$namespace",pod_name=~"$name.*",container_name!=""}[5m])) * 1000'	,	 'PROXY_METRIC'	,	 ''	,	 '60'	,	CURRENT_TIMESTAMP()	,	CURRENT_TIMESTAMP()	,	114	);
INSERT INTO chart_query (C_QUERY_ID, API_QUERY, QUERY_TYPE, LEGEND, QUERY_STEP, CREATE_TIME, UPDATE_TIME, PANEL_ID) values (	222	,	 '/api/v1/query_range?query=sum(container_memory_working_set_bytes{namespace="$namespace",pod_name=~"$name.*",container_name!=""})'	,	 'PROXY_METRIC'	,	 ''	,	 '60'	,	CURRENT_TIMESTAMP()	,	CURRENT_TIMESTAMP()	,	115	);
INSERT INTO chart_query (C_QUERY_ID, API_QUERY, QUERY_TYPE, LEGEND, QUERY_STEP, CREATE_TIME, UPDATE_TIME, PANEL_ID) values (	223	,	 '/api/v1/query_range?query=sum(rate(container_network_transmit_bytes_total{namespace="$namespace",pod_name=~"$name.*",container_name!=""}[5m]))'	,	 'PROXY_METRIC'	,	 'Transmit'	,	 '60'	,	CURRENT_TIMESTAMP()	,	CURRENT_TIMESTAMP()	,	116	);
INSERT INTO chart_query (C_QUERY_ID, API_QUERY, QUERY_TYPE, LEGEND, QUERY_STEP, CREATE_TIME, UPDATE_TIME, PANEL_ID) values (	224	,	 '/api/v1/query_range?query=sum(rate(container_network_receive_bytes_total{namespace="$namespace",pod_name=~"$name.*",container_name!=""}[5m]))'	,	 'PROXY_METRIC'	,	 'Receive'	,	 '60'	,	CURRENT_TIMESTAMP()	,	CURRENT_TIMESTAMP()	,	116	);
INSERT INTO chart_query (C_QUERY_ID, API_QUERY, QUERY_TYPE, LEGEND, QUERY_STEP, CREATE_TIME, UPDATE_TIME, PANEL_ID) values (	225	,	 '/api/v1/query_range?query=sum(rate(container_cpu_usage_seconds_total{namespace="$namespace",pod_name=~"$name.*",container_name!=""}[5m])) * 1000'	,	 'PROXY_METRIC'	,	 ''	,	 '60'	,	CURRENT_TIMESTAMP()	,	CURRENT_TIMESTAMP()	,	117	);
INSERT INTO chart_query (C_QUERY_ID, API_QUERY, QUERY_TYPE, LEGEND, QUERY_STEP, CREATE_TIME, UPDATE_TIME, PANEL_ID) values (	226	,	 '/api/v1/query_range?query=sum(container_memory_working_set_bytes{namespace="$namespace",pod_name=~"$name.*",container_name!=""})'	,	 'PROXY_METRIC'	,	 ''	,	 '60'	,	CURRENT_TIMESTAMP()	,	CURRENT_TIMESTAMP()	,	118	);
INSERT INTO chart_query (C_QUERY_ID, API_QUERY, QUERY_TYPE, LEGEND, QUERY_STEP, CREATE_TIME, UPDATE_TIME, PANEL_ID) values (	227	,	 '/api/v1/query_range?query=sum(rate(container_network_transmit_bytes_total{namespace="$namespace",pod_name=~"$name.*",container_name!=""}[5m]))'	,	 'PROXY_METRIC'	,	 'Transmit'	,	 '60'	,	CURRENT_TIMESTAMP()	,	CURRENT_TIMESTAMP()	,	119	);
INSERT INTO chart_query (C_QUERY_ID, API_QUERY, QUERY_TYPE, LEGEND, QUERY_STEP, CREATE_TIME, UPDATE_TIME, PANEL_ID) values (	228	,	 '/api/v1/query_range?query=sum(rate(container_network_receive_bytes_total{namespace="$namespace",pod_name=~"$name.*",container_name!=""}[5m]))'	,	 'PROXY_METRIC'	,	 'Receive'	,	 '60'	,	CURRENT_TIMESTAMP()	,	CURRENT_TIMESTAMP()	,	119	);
INSERT INTO chart_query (C_QUERY_ID, API_QUERY, QUERY_TYPE, LEGEND, QUERY_STEP, CREATE_TIME, UPDATE_TIME, PANEL_ID) values (	229	,	 '/api/v1/query_range?query=sum(rate(container_cpu_usage_seconds_total{namespace="$namespace",pod_name=~"$name.*",container_name!=""}[5m])) * 1000'	,	 'PROXY_METRIC'	,	 ''	,	 '60'	,	CURRENT_TIMESTAMP()	,	CURRENT_TIMESTAMP()	,	120	);
INSERT INTO chart_query (C_QUERY_ID, API_QUERY, QUERY_TYPE, LEGEND, QUERY_STEP, CREATE_TIME, UPDATE_TIME, PANEL_ID) values (	230	,	 '/api/v1/query_range?query=sum(container_memory_working_set_bytes{namespace="$namespace",pod_name=~"$name.*",container_name!=""})'	,	 'PROXY_METRIC'	,	 ''	,	 '60'	,	CURRENT_TIMESTAMP()	,	CURRENT_TIMESTAMP()	,	121	);
INSERT INTO chart_query (C_QUERY_ID, API_QUERY, QUERY_TYPE, LEGEND, QUERY_STEP, CREATE_TIME, UPDATE_TIME, PANEL_ID) values (	231	,	 '/api/v1/query_range?query=sum(rate(container_network_transmit_bytes_total{namespace="$namespace",pod_name=~"$name.*",container_name!=""}[5m]))'	,	 'PROXY_METRIC'	,	 'Transmit'	,	 '60'	,	CURRENT_TIMESTAMP()	,	CURRENT_TIMESTAMP()	,	122	);
INSERT INTO chart_query (C_QUERY_ID, API_QUERY, QUERY_TYPE, LEGEND, QUERY_STEP, CREATE_TIME, UPDATE_TIME, PANEL_ID) values (	232	,	 '/api/v1/query_range?query=sum(rate(container_network_receive_bytes_total{namespace="$namespace",pod_name=~"$name.*",container_name!=""}[5m]))'	,	 'PROXY_METRIC'	,	 'Receive'	,	 '60'	,	CURRENT_TIMESTAMP()	,	CURRENT_TIMESTAMP()	,	122	);
INSERT INTO chart_query (C_QUERY_ID, API_QUERY, QUERY_TYPE, LEGEND, QUERY_STEP, CREATE_TIME, UPDATE_TIME, PANEL_ID) values (	233	,	 '/api/v1/query_range?query=kubelet_volume_stats_capacity_bytes{exported_namespace="$namespace",persistentvolumeclaim="$name"}'	,	 'PROXY_METRIC'	,	 'Capacity'	,	 '60'	,	CURRENT_TIMESTAMP()	,	CURRENT_TIMESTAMP()	,	123	);
INSERT INTO chart_query (C_QUERY_ID, API_QUERY, QUERY_TYPE, LEGEND, QUERY_STEP, CREATE_TIME, UPDATE_TIME, PANEL_ID) values (	234	,	 '/api/v1/query_range?query=kubelet_volume_stats_capacity_bytes{exported_namespace="$namespace",persistentvolumeclaim="$name"}-kublet_volume_stats_availabe_bytes{exported_namespace="$namespace",persistentvolumeclaim="$name"}'	,	 'PROXY_METRIC'	,	 'Usage'	,	 '60'	,	CURRENT_TIMESTAMP()	,	CURRENT_TIMESTAMP()	,	123	);
INSERT INTO chart_query (C_QUERY_ID, API_QUERY, QUERY_TYPE, LEGEND, QUERY_STEP, CREATE_TIME, UPDATE_TIME, PANEL_ID) values (	235	,	 '/api/v1/query?query=sum(kube_node_info{node=~".*"})+sum(kube_node_spec_unschedulable{node=~".*"})'	,	 'PROXY_METRIC'	,	 'Capacity'	,	 '60'	,	CURRENT_TIMESTAMP()	,	CURRENT_TIMESTAMP()	,	124	);
INSERT INTO chart_query (C_QUERY_ID, API_QUERY, QUERY_TYPE, LEGEND, QUERY_STEP, CREATE_TIME, UPDATE_TIME, PANEL_ID) values (	236	,	 '/api/v1/query?query=sum(kube_node_info{node=~".*"})'	,	 'PROXY_METRIC'	,	 'Allocate'	,	 '60'	,	CURRENT_TIMESTAMP()	,	CURRENT_TIMESTAMP()	,	124	);
INSERT INTO chart_query (C_QUERY_ID, API_QUERY, QUERY_TYPE, LEGEND, QUERY_STEP, CREATE_TIME, UPDATE_TIME, PANEL_ID) values (    237 ,    '/api/v1/query?query=sum(kube_pod_status_phase{namespace=~".*", phase="Running",zone!="external"})'    ,    'PROXY_METRIC'   ,    'Running'  ,    '30'   ,   CURRENT_TIMESTAMP() ,   CURRENT_TIMESTAMP() ,   125  );
INSERT INTO chart_query (C_QUERY_ID, API_QUERY, QUERY_TYPE, LEGEND, QUERY_STEP, CREATE_TIME, UPDATE_TIME, PANEL_ID) values (    238 ,    '/api/v1/query?query=sum(kube_pod_status_phase{namespace=~".*", phase="Failed",zone!="external"})' ,    'PROXY_METRIC'   ,    'Failed'   ,    '30'   ,   CURRENT_TIMESTAMP() ,   CURRENT_TIMESTAMP() ,   125  );
INSERT INTO chart_query (C_QUERY_ID, API_QUERY, QUERY_TYPE, LEGEND, QUERY_STEP, CREATE_TIME, UPDATE_TIME, PANEL_ID) values (	239	,	 '/api/v1/query?query=sum(kube_node_status_allocatable_cpu_cores)'	,	 'PROXY_METRIC'	,	 'Capacity'	,	 '60'	,	CURRENT_TIMESTAMP()	,	CURRENT_TIMESTAMP()	,	126	);
INSERT INTO chart_query (C_QUERY_ID, API_QUERY, QUERY_TYPE, LEGEND, QUERY_STEP, CREATE_TIME, UPDATE_TIME, PANEL_ID) values (	240	,	 '/api/v1/query?query=sum(kube_pod_container_resource_requests_cpu_cores)'	,	 'PROXY_METRIC'	,	 'Request'	,	 '60'	,	CURRENT_TIMESTAMP()	,	CURRENT_TIMESTAMP()	,	126	);
INSERT INTO chart_query (C_QUERY_ID, API_QUERY, QUERY_TYPE, LEGEND, QUERY_STEP, CREATE_TIME, UPDATE_TIME, PANEL_ID) values (	242	,	 '/api/v1/query?query=sum(kube_node_status_allocatable_memory_bytes)'	,	 'PROXY_METRIC'	,	 'Capacity'	,	 '60'	,	CURRENT_TIMESTAMP()	,	CURRENT_TIMESTAMP()	,	127	);
INSERT INTO chart_query (C_QUERY_ID, API_QUERY, QUERY_TYPE, LEGEND, QUERY_STEP, CREATE_TIME, UPDATE_TIME, PANEL_ID) values (	243	,	 '/api/v1/query?query=sum(kube_pod_container_resource_requests_memory_bytes)'	,	 'PROXY_METRIC'	,	 'Request'	,	 '60'	,	CURRENT_TIMESTAMP()	,	CURRENT_TIMESTAMP()	,	127	);
INSERT INTO chart_query (C_QUERY_ID, API_QUERY, QUERY_TYPE, LEGEND, QUERY_STEP, CREATE_TIME, UPDATE_TIME, PANEL_ID) values (	245	,	 '/api/v1/monitoring/cluster/component/status/controller-manager'	,	 'KUBERNETES'	,	 ''	,	 '60'	,	CURRENT_TIMESTAMP()	,	CURRENT_TIMESTAMP()	,	128	);
INSERT INTO chart_query (C_QUERY_ID, API_QUERY, QUERY_TYPE, LEGEND, QUERY_STEP, CREATE_TIME, UPDATE_TIME, PANEL_ID) values (	246	,	 '/api/v1/monitoring/cluster/component/status/etcd-0'	,	 'KUBERNETES'	,	 ''	,	 '60'	,	CURRENT_TIMESTAMP()	,	CURRENT_TIMESTAMP()	,	129	);
INSERT INTO chart_query (C_QUERY_ID, API_QUERY, QUERY_TYPE, LEGEND, QUERY_STEP, CREATE_TIME, UPDATE_TIME, PANEL_ID) values (	247	,	 '/api/v1/monitoring/cluster/component/status/scheduler'	,	 'KUBERNETES'	,	 ''	,	 '60'	,	CURRENT_TIMESTAMP()	,	CURRENT_TIMESTAMP()	,	130	);
INSERT INTO chart_query (C_QUERY_ID, API_QUERY, QUERY_TYPE, LEGEND, QUERY_STEP, CREATE_TIME, UPDATE_TIME, PANEL_ID) values (	248	,	 '/api/v1/query?query=count(kube_namespace_created)'	,	 'PROXY_METRIC'	,	 ''	,	 '60'	,	CURRENT_TIMESTAMP()	,	CURRENT_TIMESTAMP()	,	131	);
INSERT INTO chart_query (C_QUERY_ID, API_QUERY, QUERY_TYPE, LEGEND, QUERY_STEP, CREATE_TIME, UPDATE_TIME, PANEL_ID) values (	249	,	 '/api/v1/monitoring/cluster/events/count'	,	 'KUBERNETES'	,	 ''	,	 '60'	,	CURRENT_TIMESTAMP()	,	CURRENT_TIMESTAMP()	,	132	);
INSERT INTO chart_query (C_QUERY_ID, API_QUERY, QUERY_TYPE, LEGEND, QUERY_STEP, CREATE_TIME, UPDATE_TIME, PANEL_ID) values (	250	,	 '/api/v1/query?query=sum(kube_deployment_status_condition{condition="Progressing"})'	,	 'PROXY_METRIC'	,	 'Progressing'	,	 '60'	,	CURRENT_TIMESTAMP()	,	CURRENT_TIMESTAMP()	,	133	);
INSERT INTO chart_query (C_QUERY_ID, API_QUERY, QUERY_TYPE, LEGEND, QUERY_STEP, CREATE_TIME, UPDATE_TIME, PANEL_ID) values (	251	,	 '/api/v1/query?query=count(kube_deployment_created)'	,	 'PROXY_METRIC'	,	 'Total'	,	 '60'	,	CURRENT_TIMESTAMP()	,	CURRENT_TIMESTAMP()	,	133	);
INSERT INTO chart_query (C_QUERY_ID, API_QUERY, QUERY_TYPE, LEGEND, QUERY_STEP, CREATE_TIME, UPDATE_TIME, PANEL_ID) values (	252	,	 '/api/v1/query?query=sum(kube_deployment_status_replicas{namespace=~".*"})'	,	 'PROXY_METRIC'	,	 'Desired'	,	 '60'	,	CURRENT_TIMESTAMP()	,	CURRENT_TIMESTAMP()	,	134	);
INSERT INTO chart_query (C_QUERY_ID, API_QUERY, QUERY_TYPE, LEGEND, QUERY_STEP, CREATE_TIME, UPDATE_TIME, PANEL_ID) values (	253	,	 '/api/v1/query?query=sum(kube_deployment_status_replicas_updated{namespace=~".*"})'	,	 'PROXY_METRIC'	,	 'Current'	,	 '60'	,	CURRENT_TIMESTAMP()	,	CURRENT_TIMESTAMP()	,	134	);
INSERT INTO chart_query (C_QUERY_ID, API_QUERY, QUERY_TYPE, LEGEND, QUERY_STEP, CREATE_TIME, UPDATE_TIME, PANEL_ID) values (	254	,	 '/api/v1/query?query=count(kube_statefulset_status_replicas_ready{namespace=~".*"} > 0) or on() vector(0)'	,	 'PROXY_METRIC'	,	 'Running'	,	 '60'	,	CURRENT_TIMESTAMP()	,	CURRENT_TIMESTAMP()	,	135	);
INSERT INTO chart_query (C_QUERY_ID, API_QUERY, QUERY_TYPE, LEGEND, QUERY_STEP, CREATE_TIME, UPDATE_TIME, PANEL_ID) values (	255	,	 '/api/v1/query?query=count(kube_statefulset_created)'	,	 'PROXY_METRIC'	,	 'Total'	,	 '60'	,	CURRENT_TIMESTAMP()	,	CURRENT_TIMESTAMP()	,	135	);
INSERT INTO chart_query (C_QUERY_ID, API_QUERY, QUERY_TYPE, LEGEND, QUERY_STEP, CREATE_TIME, UPDATE_TIME, PANEL_ID) values (	256	,	 '/api/v1/query?query=count(kube_daemonset_status_number_available)'	,	 'PROXY_METRIC'	,	 'Available'	,	 '60'	,	CURRENT_TIMESTAMP()	,	CURRENT_TIMESTAMP()	,	136	);
INSERT INTO chart_query (C_QUERY_ID, API_QUERY, QUERY_TYPE, LEGEND, QUERY_STEP, CREATE_TIME, UPDATE_TIME, PANEL_ID) values (	257	,	 '/api/v1/query?query=count(kube_daemonset_status_number_ready)'	,	 'PROXY_METRIC'	,	 'Ready'	,	 '60'	,	CURRENT_TIMESTAMP()	,	CURRENT_TIMESTAMP()	,	136	);
INSERT INTO chart_query (C_QUERY_ID, API_QUERY, QUERY_TYPE, LEGEND, QUERY_STEP, CREATE_TIME, UPDATE_TIME, PANEL_ID) values (	258	,	 '/api/v1/query?query=sum(kube_job_status_succeeded)'	,	 'PROXY_METRIC'	,	 'Succeeded'	,	 '60'	,	CURRENT_TIMESTAMP()	,	CURRENT_TIMESTAMP()	,	137	);
INSERT INTO chart_query (C_QUERY_ID, API_QUERY, QUERY_TYPE, LEGEND, QUERY_STEP, CREATE_TIME, UPDATE_TIME, PANEL_ID) values (	259	,	 '/api/v1/query?query=sum(kube_job_info)'	,	 'PROXY_METRIC'	,	 'Total'	,	 '60'	,	CURRENT_TIMESTAMP()	,	CURRENT_TIMESTAMP()	,	137	);
INSERT INTO chart_query (C_QUERY_ID, API_QUERY, QUERY_TYPE, LEGEND, QUERY_STEP, CREATE_TIME, UPDATE_TIME, PANEL_ID) values (	271	,	 'TBD'	,	 'PROXY_METRIC'	,	 ''	,	 '61'	,	CURRENT_TIMESTAMP()	,	CURRENT_TIMESTAMP()	,	146	);
INSERT INTO chart_query (C_QUERY_ID, API_QUERY, QUERY_TYPE, LEGEND, QUERY_STEP, CREATE_TIME, UPDATE_TIME, PANEL_ID) values	(	277	,	 '/api/v1/query?query=up{application=~"$application"}'	,	 'PROXY_METRIC'	,	 ''	,	 '60'	,	CURRENT_TIMESTAMP()	,	CURRENT_TIMESTAMP()	,	153	);
INSERT INTO chart_query (C_QUERY_ID, API_QUERY, QUERY_TYPE, LEGEND, QUERY_STEP, CREATE_TIME, UPDATE_TIME, PANEL_ID) values	(   280	,	 '/api/v1/query?query=label_replace({__name__=~"kube_deployment_status_replicas_available|kube_deployment_status_replicas_unavailable",deployment=~"$application.*"}, "target", "$1", "__name__", "kube_deployment_status_replicas_(.*)")'    ,    'PROXY_METRIC'    ,     'Total'    ,  '30'    ,    CURRENT_TIMESTAMP()    ,    CURRENT_TIMESTAMP() ,    155    );
INSERT INTO chart_query (C_QUERY_ID, API_QUERY, QUERY_TYPE, LEGEND, QUERY_STEP, CREATE_TIME, UPDATE_TIME, PANEL_ID) values	(	281	,	 '/api/v1/query_range?query=avg(rate(container_cpu_usage_seconds_total{pod_name=~"$application.*",container=~"$application.*"}[5m]))*100'	,	 'PROXY_METRIC'	,	 'CPU'	,	 '60'	,	CURRENT_TIMESTAMP()	,	CURRENT_TIMESTAMP()	,	156	);
INSERT INTO chart_query (C_QUERY_ID, API_QUERY, QUERY_TYPE, LEGEND, QUERY_STEP, CREATE_TIME, UPDATE_TIME, PANEL_ID) values	(	282	,	 '/api/v1/query_range?query=avg(container_memory_working_set_bytes{pod_name=~"$application.*",container=~"$application.*"})'	,	 'PROXY_METRIC'	,	 'Memory'	,	 '60'	,	CURRENT_TIMESTAMP()	,	CURRENT_TIMESTAMP()	,	157	);

INSERT INTO chart_query (C_QUERY_ID, API_QUERY, QUERY_TYPE, LEGEND, QUERY_STEP, CREATE_TIME, UPDATE_TIME, PANEL_ID) values (	292	,	 '/api/v1/query_range?query=100 * (1-(avg(irate(node_cpu_seconds_total{mode="idle", zone!="external"}[5m]))))'	,	 'PROXY_METRIC'	,	 'Cluster'	,	 '15'	,	CURRENT_TIMESTAMP()	,	CURRENT_TIMESTAMP()	,	142	);
INSERT INTO chart_query (C_QUERY_ID, API_QUERY, QUERY_TYPE, LEGEND, QUERY_STEP, CREATE_TIME, UPDATE_TIME, PANEL_ID) values (	293	,	 '/api/v1/query_range?query=100 * (1-(avg(irate(node_cpu_seconds_total{mode="idle", zone!="external"}[5m])) by (node)))'	,	 'PROXY_METRIC'	,	 '{{node}}'	,	 '15'	,	CURRENT_TIMESTAMP()	,	CURRENT_TIMESTAMP()	,	142	);
INSERT INTO chart_query (C_QUERY_ID, API_QUERY, QUERY_TYPE, LEGEND, QUERY_STEP, CREATE_TIME, UPDATE_TIME, PANEL_ID) values (	294	,	 '/api/v1/query_range?query=avg(node_load1{node=~".*",zone!="external"})'	,	 'PROXY_METRIC'	,	 'Load 1m'	,	 '30'	,	CURRENT_TIMESTAMP()	,	CURRENT_TIMESTAMP()	,	143	);
INSERT INTO chart_query (C_QUERY_ID, API_QUERY, QUERY_TYPE, LEGEND, QUERY_STEP, CREATE_TIME, UPDATE_TIME, PANEL_ID) values (	295	,	 '/api/v1/query_range?query=avg(node_load5{node=~".*",zone!="external"})'	,	 'PROXY_METRIC'	,	 'Load 5m'	,	 '30'	,	CURRENT_TIMESTAMP()	,	CURRENT_TIMESTAMP()	,	143	);
INSERT INTO chart_query (C_QUERY_ID, API_QUERY, QUERY_TYPE, LEGEND, QUERY_STEP, CREATE_TIME, UPDATE_TIME, PANEL_ID) values (	296	,	 '/api/v1/query_range?query=avg(node_load15{node=~".*",zone!="external"})'	,	 'PROXY_METRIC'	,	 'Load 15m'	,	 '30'	,	CURRENT_TIMESTAMP()	,	CURRENT_TIMESTAMP()	,	143	);
INSERT INTO chart_query (C_QUERY_ID, API_QUERY, QUERY_TYPE, LEGEND, QUERY_STEP, CREATE_TIME, UPDATE_TIME, PANEL_ID) values (	297	,	 '/api/v1/query_range?query=100 * (1 - sum(node_memory_MemAvailable_bytes{zone!="external"}) / sum(node_memory_MemTotal_bytes{zone!="external"}))'	,	 'PROXY_METRIC'	,	 'Cluster'	,	 '15'	,	CURRENT_TIMESTAMP()	,	CURRENT_TIMESTAMP()	,	144	);
INSERT INTO chart_query (C_QUERY_ID, API_QUERY, QUERY_TYPE, LEGEND, QUERY_STEP, CREATE_TIME, UPDATE_TIME, PANEL_ID) values (	298	,	 '/api/v1/query_range?query=100 * (1- sum(node_memory_MemAvailable_bytes{zone!="external"}) by (node) / sum(node_memory_MemTotal_bytes{zone!="external"}) by (node))'	,	 'PROXY_METRIC'	,	 '{{node}}'	,	 '15'	,	CURRENT_TIMESTAMP()	,	CURRENT_TIMESTAMP()	,	144	);
INSERT INTO chart_query (C_QUERY_ID, API_QUERY, QUERY_TYPE, LEGEND, QUERY_STEP, CREATE_TIME, UPDATE_TIME, PANEL_ID) values (	299	,	 '/api/v1/query_range?query=sum(irate(node_disk_read_bytes_total{node=~".*",zone!="external",device=~"[a-z]*[a-z]"}[5m]))'	,	 'PROXY_METRIC'	,	 'Read bytes(+)'	,	 '30'	,	CURRENT_TIMESTAMP()	,	CURRENT_TIMESTAMP()	,	145	);
INSERT INTO chart_query (C_QUERY_ID, API_QUERY, QUERY_TYPE, LEGEND, QUERY_STEP, CREATE_TIME, UPDATE_TIME, PANEL_ID) values (	300	,	 '/api/v1/query_range?query=-sum(irate(node_disk_written_bytes_total{node=~".*",zone!="external",device=~"[a-z]*[a-z]"}[5m]))'	,	 'PROXY_METRIC'	,	 'Written bytes(-)'	,	 '30'	,	CURRENT_TIMESTAMP()	,	CURRENT_TIMESTAMP()	,	145	);


INSERT INTO page_variable (VARIABLE_ID, NAME, SORT_ORDER, EDGE_FIELDS, QUERY_TYPE, VARIABLE_TYPE, REFRESH_INTERVAL, HIDDEN_YN, JOB_NAME, API_QUERY,  CREATE_TIME, UPDATE_TIME, PAGE_ID) values (	1	,	 'node'	,	1	,	 ''	,	 'PROXY_METRIC'	,'metric_label_values'	,	 '10s'	,	 'N'	,	 'external-node-metrics'	,	 '/api/v1/query?query=node_load1'	,	CURRENT_TIMESTAMP()	,	CURRENT_TIMESTAMP()	,	2	);
INSERT INTO page_variable (VARIABLE_ID, NAME, SORT_ORDER, EDGE_FIELDS, QUERY_TYPE, VARIABLE_TYPE, REFRESH_INTERVAL, HIDDEN_YN, JOB_NAME, API_QUERY,  CREATE_TIME, UPDATE_TIME, PAGE_ID) values (	3	,	 'application'	,	1	,	 'instance'	,	 'PROXY_METRIC'	,'metric_label_values'	,	 '10s'	,	 'N'	,	 'jmx-metrics'	,	 '/api/v1/query?query=count(jvm_info{job="jmx-metrics"}) by (application)'	,	CURRENT_TIMESTAMP()	,	CURRENT_TIMESTAMP()	,	4	);
INSERT INTO page_variable (VARIABLE_ID, NAME, SORT_ORDER, EDGE_FIELDS, QUERY_TYPE, VARIABLE_TYPE, REFRESH_INTERVAL, HIDDEN_YN, JOB_NAME, API_QUERY,  CREATE_TIME, UPDATE_TIME, PAGE_ID) values (	4	,	 'instance'	,	2	,	 ''	,	 'PROXY_METRIC'	,'metric_label_values'	,	 '10s'	,	 'Y'	,	 'jmx-metrics'	,	 '/api/v1/query?query=jvm_info{job="jmx-metrics", application="$application"}'	,	CURRENT_TIMESTAMP()	,	CURRENT_TIMESTAMP()	,	4	);
INSERT INTO page_variable (VARIABLE_ID, NAME, SORT_ORDER, EDGE_FIELDS, QUERY_TYPE, VARIABLE_TYPE, REFRESH_INTERVAL, HIDDEN_YN, JOB_NAME, API_QUERY,  CREATE_TIME, UPDATE_TIME, PAGE_ID) values (    8  ,   'instance'    ,  1  ,   'exported_instance'   ,   'PROXY_METRIC'	,'metric_label_values' ,   '10s' ,   'Y'   ,   'oracle-metrics'  ,   '/api/v1/query?query=count(oracledb_up) by (instance)'    ,  CURRENT_TIMESTAMP()    ,  CURRENT_TIMESTAMP()    ,  5  );
INSERT INTO page_variable (VARIABLE_ID, NAME, SORT_ORDER, EDGE_FIELDS, QUERY_TYPE, VARIABLE_TYPE, REFRESH_INTERVAL, HIDDEN_YN, JOB_NAME, API_QUERY,  CREATE_TIME, UPDATE_TIME, PAGE_ID) values (   9  ,   'exported_instance'   ,  2  ,   ''    ,   'PROXY_METRIC'	,'metric_label_values' ,   '10s' ,   'Y'   ,   'oracle-metrics'  ,   '/api/v1/query?query=count(oracledb_instance_name_count{instance=~"$instance"}) by (exported_instance)'   ,  CURRENT_TIMESTAMP()    ,  CURRENT_TIMESTAMP()    ,  5  );
INSERT INTO page_variable (VARIABLE_ID, NAME, SORT_ORDER, EDGE_FIELDS, QUERY_TYPE, VARIABLE_TYPE, REFRESH_INTERVAL, HIDDEN_YN, JOB_NAME, API_QUERY,  CREATE_TIME, UPDATE_TIME, PAGE_ID) values (	11	,	 'namespace'	,	1	,	 ''	,	 'KUBERNETES'	,	 'api_label_values'	,	 '10s'	,	 'N'	,	 'expose-kubernetes-metrics'	,	 '/api/v1/cluster/config/namespaces'	,	CURRENT_TIMESTAMP()	,	CURRENT_TIMESTAMP()	,	8	);


INSERT INTO page (PAGE_ID, TITLE, NAV,CREATE_TIME, UPDATE_TIME, MENU_ID) values (	50	,	'Application usage'	,	'Home<i class=&quot;feather icon-chevron-right&quot; ></i>Application Usage'    	,	CURRENT_TIMESTAMP()	,	CURRENT_TIMESTAMP()	,	1127	);

INSERT INTO page_row (PAGE_ROW_ID, TITLE, SORT_ORDER, ROW_TYPE, CREATE_TIME, UPDATE_TIME, PAGE_ID) values (	51	,	 '보험코어 어플리케이션'	,	1	,	 'P'	,	CURRENT_TIMESTAMP()	,	CURRENT_TIMESTAMP()	,	50	);
INSERT INTO page_row (PAGE_ROW_ID, TITLE, SORT_ORDER, ROW_TYPE, CREATE_TIME, UPDATE_TIME, PAGE_ID) values (	52	,	 '보험코어 어플리케이션'	,	2	,	 'P'	,	CURRENT_TIMESTAMP()	,	CURRENT_TIMESTAMP()	,	50	);
INSERT INTO page_row (PAGE_ROW_ID, TITLE, SORT_ORDER, ROW_TYPE, CREATE_TIME, UPDATE_TIME, PAGE_ID) values (	53	,	 '보험코어 어플리케이션'	,	3	,	 'P'	,	CURRENT_TIMESTAMP()	,	CURRENT_TIMESTAMP()	,	50	);

INSERT INTO page_row_panel (PANEL_ID, TITLE, SORT_ORDER, PANEL_TYPE, CHART_TYPE, FRAGMENT_NAME, MAIN_YN, REFRESH_INTERVAL, LEGEND_VISIBLE, YAXIS_LABEL, YAXIS_UNIT, YAXIS_MIN, YAXIS_MAX, XAXIS_MODE, CREATE_TIME, UPDATE_TIME, PAGE_ROW_ID) values (	165	,	 'POD'    	,	1	,	 'CHART'   	,	 'columnbar'    	,	'full-head-card-panel'	,	'Y'	,	60000	,	1	,	''	,	 'float'    	,	 '0'    	,	 ''    	,	 'datetime'    	,	CURRENT_TIMESTAMP()	,	CURRENT_TIMESTAMP()	,	51	);
INSERT INTO page_row_panel (PANEL_ID, TITLE, SORT_ORDER, PANEL_TYPE, CHART_TYPE, FRAGMENT_NAME, MAIN_YN, REFRESH_INTERVAL, LEGEND_VISIBLE, YAXIS_LABEL, YAXIS_UNIT, YAXIS_MIN, YAXIS_MAX, XAXIS_MODE, CREATE_TIME, UPDATE_TIME, PAGE_ROW_ID) values (	166	,	 'CPU'    	,	1	,	 'CHART'   	,	 'columnbar'    	,	'full-head-card-panel'	,	'Y'	,	60000	,	1	,	''	,	 'decimalSiPrefix'    	,	 '0'    	,	 ''    	,	 'datetime'    	,	CURRENT_TIMESTAMP()	,	CURRENT_TIMESTAMP()	,	52	);
INSERT INTO page_row_panel (PANEL_ID, TITLE, SORT_ORDER, PANEL_TYPE, CHART_TYPE, FRAGMENT_NAME, MAIN_YN, REFRESH_INTERVAL, LEGEND_VISIBLE, YAXIS_LABEL, YAXIS_UNIT, YAXIS_MIN, YAXIS_MAX, XAXIS_MODE, CREATE_TIME, UPDATE_TIME, PAGE_ROW_ID) values (	167	,	 'Memory'    	,	1	,	 'CHART'   	,	 'columnbar'    	,	'full-head-card-panel'	,	'Y'	,	60000	,	1	,	''	,	 'byte'    	,	 '0'    	,	 ''    	,	 'datetime'    	,	CURRENT_TIMESTAMP()	,	CURRENT_TIMESTAMP()	,	53	);

INSERT INTO chart_query (C_QUERY_ID, API_QUERY, QUERY_TYPE, LEGEND, QUERY_STEP, CREATE_TIME, UPDATE_TIME, PANEL_ID) values (304, '/api/v1/application/usage/metric/namespace/$namespace/application/$application/metric/POD?unit=$unit&searchDate=$searchDate'	,	 'API'	,	 '{{name}}'	,	 '0'	,	CURRENT_TIMESTAMP()	,	CURRENT_TIMESTAMP()	,	165	);
INSERT INTO chart_query (C_QUERY_ID, API_QUERY, QUERY_TYPE, LEGEND, QUERY_STEP, CREATE_TIME, UPDATE_TIME, PANEL_ID) values (305, '/api/v1/application/usage/metric/namespace/$namespace/application/$application/metric/CPU?unit=$unit&searchDate=$searchDate'	,	 'API'	,	 '{{name}}'	,	 '0'	,	CURRENT_TIMESTAMP()	,	CURRENT_TIMESTAMP()	,	166	);
INSERT INTO chart_query (C_QUERY_ID, API_QUERY, QUERY_TYPE, LEGEND, QUERY_STEP, CREATE_TIME, UPDATE_TIME, PANEL_ID) values (306, '/api/v1/application/usage/metric/namespace/$namespace/application/$application/metric/MEMORY?unit=$unit&searchDate=$searchDate'	,	 'API'	,	 '{{name}}'	,	 '0'	,	CURRENT_TIMESTAMP()	,	CURRENT_TIMESTAMP()	,	167	);


-- loki Start
INSERT INTO page (PAGE_ID, TITLE, NAV,CREATE_TIME, UPDATE_TIME, MENU_ID) values (	44	,	'Loki Log '	,	'Home<i class=&quot;feather icon-chevron-right&quot; ></i>Monitoring<i class=&quot;feather icon-chevron-right&quot; ></i>Logging'    	,	CURRENT_TIMESTAMP()	,	CURRENT_TIMESTAMP()	,	1128	);

INSERT INTO page_row (PAGE_ROW_ID, TITLE, SORT_ORDER, ROW_TYPE, CREATE_TIME, UPDATE_TIME, PAGE_ID) values (	39	,	'' 	,	2	,	 'P'	,	CURRENT_TIMESTAMP()	,	CURRENT_TIMESTAMP()	,	44	);

INSERT INTO page_row_panel (PANEL_ID, TITLE, SORT_ORDER, PANEL_TYPE, CHART_TYPE, FRAGMENT_NAME, MAIN_YN, REFRESH_INTERVAL, LEGEND_VISIBLE, YAXIS_LABEL, YAXIS_UNIT, YAXIS_MIN, YAXIS_MAX, XAXIS_MODE, CREATE_TIME, UPDATE_TIME, PAGE_ROW_ID) values (	168	,	 '보험코어 어플리케이션 거래 현황'	,	16	,	 'METRIC_TABLE'	,	 ''	,	 'col-6-head-card-panel-in-logtable'	,	 'Y'	,	60000	,	1	,	 ''	,	 ''	,	 ''	,	 ''	,	 ''	,	 CURRENT_TIMESTAMP() 	,	 CURRENT_TIMESTAMP() 	,	39	);
INSERT INTO page_row_panel (PANEL_ID, TITLE, SORT_ORDER, PANEL_TYPE, CHART_TYPE, FRAGMENT_NAME, MAIN_YN, REFRESH_INTERVAL, LEGEND_VISIBLE, YAXIS_LABEL, YAXIS_UNIT, YAXIS_MIN, YAXIS_MAX, XAXIS_MODE, CREATE_TIME, UPDATE_TIME, PAGE_ROW_ID) values (	169	,	 '보험코어 어플리케이션 에러 로그 '	,	16	,	 'LOG_METRIC_TABLE'	,	 ''	,	 'col-6-head-card-panel-in-errorlogtable'	,	 'Y'	,	0	,	1	,	 ''	,	 ''	,	 ''	,	 ''	,	 ''	,	 CURRENT_TIMESTAMP() 	,	 CURRENT_TIMESTAMP() 	,	39	);

--Caas 환경
--INSERT INTO chart_query (C_QUERY_ID, API_QUERY, QUERY_TYPE, LEGEND, QUERY_STEP, CREATE_TIME, UPDATE_TIME, PANEL_ID) values	(	307	,	 '/loki/api/v1/query_range?direction=BACKWARD&limit=5000&query=sum(count_over_time({app=~"$application",marker="FRT.TX_END"} [1m])) by (app)'	,	 'PROXY_METRIC'	,	 '총건수'	,	 '60'	,	CURRENT_TIMESTAMP()	,	CURRENT_TIMESTAMP()	,	168	);
--INSERT INTO chart_query (C_QUERY_ID, API_QUERY, QUERY_TYPE, LEGEND, QUERY_STEP, CREATE_TIME, UPDATE_TIME, PANEL_ID) values	(	308	,	 '/loki/api/v1/query_range?direction=BACKWARD&limit=5000&query=sum(count_over_time({app=~"$application",marker="FRT.TX_END"} |="TX END : [0]" [1m])) by (app)'	,	 'PROXY_METRIC'	,	 '정상'	,	 '60'	,	CURRENT_TIMESTAMP()	,	CURRENT_TIMESTAMP()	,	168	);
--INSERT INTO chart_query (C_QUERY_ID, API_QUERY, QUERY_TYPE, LEGEND, QUERY_STEP, CREATE_TIME, UPDATE_TIME, PANEL_ID) values	(	309	,	 '/loki/api/v1/query_range?direction=BACKWARD&limit=5000&query=sum(count_over_time({app=~"$application",marker="FRT.TX_END"} |="TX END : [1]" [1m])) by (app)'	,	 'PROXY_METRIC'	,	 '에러'	,	 '60'	,	CURRENT_TIMESTAMP()	,	CURRENT_TIMESTAMP()	,	168	);

--local 환경
INSERT INTO chart_query (C_QUERY_ID, API_QUERY, QUERY_TYPE, LEGEND, QUERY_STEP, CREATE_TIME, UPDATE_TIME, PANEL_ID) values	(	307	,	 '/loki/api/v1/query_range?query=sum(count_over_time({app=~"$application"} [1m])) by (app)'	,	 'PROXY_METRIC'	,	 '총건수'	,	 '60'	,	CURRENT_TIMESTAMP()	,	CURRENT_TIMESTAMP()	,	168	);
INSERT INTO chart_query (C_QUERY_ID, API_QUERY, QUERY_TYPE, LEGEND, QUERY_STEP, CREATE_TIME, UPDATE_TIME, PANEL_ID) values	(	308	,	 '/loki/api/v1/query_range?query=sum(count_over_time({app=~"$application"} |="info" [1m])) by (app)'	,	 'PROXY_METRIC'	,	 '정상'	,	 '60'	,	CURRENT_TIMESTAMP()	,	CURRENT_TIMESTAMP()	,	168	);
INSERT INTO chart_query (C_QUERY_ID, API_QUERY, QUERY_TYPE, LEGEND, QUERY_STEP, CREATE_TIME, UPDATE_TIME, PANEL_ID) values	(	309	,	 '/loki/api/v1/query_range?query=sum(count_over_time({app=~"$application"} |="error" [1m])) by (app)'	,	 'PROXY_METRIC'	,	 '에러'	,	 '60'	,	CURRENT_TIMESTAMP()	,	CURRENT_TIMESTAMP()	,	168	);

-- 공통 - 에러로그 호출 쿼리
INSERT INTO chart_query (C_QUERY_ID, API_QUERY, QUERY_TYPE, LEGEND, QUERY_STEP, CREATE_TIME, UPDATE_TIME, PANEL_ID) values (	310	,	 ''	,	 'PROXY_METRIC'	,	 'LOG'	,	 '60'	,	CURRENT_TIMESTAMP()	,	CURRENT_TIMESTAMP()	,	169	);
-- loki End

INSERT INTO application_management (APPLICATION_ID, CODE, NAME, NAMESPACE, DISPLAY_NAME) values ( 1 ,  'AGW'  , 'api-gateway' ,  'app'  , 'API Gateway' );
INSERT INTO application_management (APPLICATION_ID, CODE, NAME, NAMESPACE, DISPLAY_NAME) values ( 2 ,  'CUS'  , 'customers' ,    'app'  , 'Customers' );
INSERT INTO application_management (APPLICATION_ID, CODE, NAME, NAMESPACE, DISPLAY_NAME) values ( 3 ,  'VET'  , 'vets' ,         'app'  , 'Vets' );
INSERT INTO application_management (APPLICATION_ID, CODE, NAME, NAMESPACE, DISPLAY_NAME) values ( 4 ,  'VIT'  , 'visits' ,       'app'  , 'Visits' );
INSERT INTO application_management (APPLICATION_ID, CODE, NAME, NAMESPACE, DISPLAY_NAME) values ( 5 ,  'PRO'  , 'prometheus' ,   'prometheus'  , 'prometheus' );
INSERT INTO application_management (APPLICATION_ID, CODE, NAME, NAMESPACE, DISPLAY_NAME) values ( 6 ,  'LOKI'  , 'loki' ,        'loki'  , 'loki' );
INSERT INTO application_management (APPLICATION_ID, CODE, NAME, NAMESPACE, DISPLAY_NAME) values ( 7 ,  'PET'  , 'petclinic' , 'default', 'petclinic' );
