CREATE TABLE IF NOT EXISTS `cluster_pod_usage` (`application` varchar(255) NOT NULL, `namespace` varchar(255) NOT NULL, `pod_count` int(10) unsigned NOT NULL DEFAULT 0, `max_cpu` decimal(27,9) unsigned NOT NULL DEFAULT 0.000000000, `avg_cpu` decimal(27,9) unsigned NOT NULL DEFAULT 0.000000000, `max_memory` decimal(18,0) unsigned NOT NULL DEFAULT 0, `avg_memory` decimal(18,0) unsigned NOT NULL DEFAULT 0, `create_time` timestamp NOT NULL DEFAULT current_timestamp(), PRIMARY KEY (`application`,`namespace`,`create_time`) ) ENGINE=InnoDB DEFAULT CHARSET=utf8mb4;

INSERT INTO application_management (CODE, NAME, NAMESPACE, DISPLAY_NAME) VALUES ('DMA', 'demoapp', 'demo', '데모앱');

INSERT INTO alert_rule_metric (CATEGORY, RESOURCE, `TYPE`, CREATE_TIME, UPDATE_TIME, EXPRESSION, MESSAGE_TEMPLATE, METRIC_NAME) VALUES ('EVENT', 'STRING', 'LOG', CURRENT_TIMESTAMP(), CURRENT_TIMESTAMP(), 'NOOP', '%s', '');
INSERT INTO alert_rule_metric (CATEGORY, RESOURCE, `TYPE`, CREATE_TIME, UPDATE_TIME, EXPRESSION, MESSAGE_TEMPLATE, METRIC_NAME) VALUES ('LOG', 'STRING', 'LOG', CURRENT_TIMESTAMP(), CURRENT_TIMESTAMP(), '/loki/api/v1/query_range?direction=BACKWARD&query={app=~".*"}|~"%s"', '%s', '');
INSERT INTO alert_rule_metric (CATEGORY, RESOURCE, `TYPE`, CREATE_TIME, UPDATE_TIME, EXPRESSION, MESSAGE_TEMPLATE, METRIC_NAME) VALUES ('NODE', 'CPU', 'METRIC', CURRENT_TIMESTAMP(), CURRENT_TIMESTAMP(), '(1 - (avg by (node)(irate(node_cpu_seconds_total{mode="idle",zone!="external"}[5m])))) * 100 >= %d', '%s %s usage', 'node');
INSERT INTO alert_rule_metric (CATEGORY, RESOURCE, `TYPE`, CREATE_TIME, UPDATE_TIME, EXPRESSION, MESSAGE_TEMPLATE, METRIC_NAME) VALUES ('NODE', 'DISK', 'METRIC', CURRENT_TIMESTAMP(), CURRENT_TIMESTAMP(), '(sum by (node)(node_filesystem_size_bytes{device!~"rootfs|HarddiskVolume.+",node!="", zone!="external"}) - sum  by (node)(node_filesystem_free_bytes{device!~"rootfs|HarddiskVolume.+",node!="", zone!="external"})) / sum by (node)(node_filesystem_size_bytes{device!~"rootfs|HarddiskVolume.+",node!="", zone!="external"}) * 100 >= %d', '%s %s usage', 'node');
INSERT INTO alert_rule_metric (CATEGORY, RESOURCE, `TYPE`, CREATE_TIME, UPDATE_TIME, EXPRESSION, MESSAGE_TEMPLATE, METRIC_NAME) VALUES ('NODE', 'MEMORY', 'METRIC', CURRENT_TIMESTAMP(), CURRENT_TIMESTAMP(), '(1 - sum by (node)(node_memory_MemAvailable_bytes{node!="",zone!="external"}) / sum by (node)(node_memory_MemTotal_bytes{node!="",zone!="external"})) * 100 >= %d', '%s %s usage', 'node');
INSERT INTO alert_rule_metric (CATEGORY, RESOURCE, `TYPE`, CREATE_TIME, UPDATE_TIME, EXPRESSION, MESSAGE_TEMPLATE, METRIC_NAME) VALUES ('POD', 'CPU', 'METRIC', CURRENT_TIMESTAMP(), CURRENT_TIMESTAMP(), '(sum by (pod_name)(rate(container_cpu_usage_seconds_total{container_name!="",container_name!="POD"}[5m])) * 100) >= %d', '%s %s usage', 'pod_name');
INSERT INTO alert_rule_metric (CATEGORY, RESOURCE, `TYPE`, CREATE_TIME, UPDATE_TIME, EXPRESSION, MESSAGE_TEMPLATE, METRIC_NAME) VALUES ('POD', 'MEMORY', 'METRIC', CURRENT_TIMESTAMP(), CURRENT_TIMESTAMP(), '(100 * (sum by(pod) (container_memory_working_set_bytes{container_name!="",container_name!="POD",pod_name=~".*"}) / on (pod) sum by (pod)(container_spec_memory_limit_bytes{container_name!="",container_name!="POD",pod_name=~".*"}) or sum by(pod) (container_memory_working_set_bytes{container_name!="",container_name!="POD",pod_name=~".*"}) / %s) < 500) >= %d', '%s %s usage', 'pod');

INSERT INTO alert_rule (CREATE_TIME, UPDATE_TIME, CATEGORY, RESOURCE, `TYPE`, DANGER_LEVEL, DETECT_STRING, DURATION, SEVERITY, WARNING_LEVEL) VALUES (CURRENT_TIMESTAMP(), CURRENT_TIMESTAMP(), 'NODE', 'CPU', 'METRIC', 85, NULL, 5, '', 70);
INSERT INTO alert_rule (CREATE_TIME, UPDATE_TIME, CATEGORY, RESOURCE, `TYPE`, DANGER_LEVEL, DETECT_STRING, DURATION, SEVERITY, WARNING_LEVEL) VALUES (CURRENT_TIMESTAMP(), CURRENT_TIMESTAMP(), 'NODE', 'MEMORY', 'METRIC', 85, NULL, 5, '', 70);
INSERT INTO alert_rule (CREATE_TIME, UPDATE_TIME, CATEGORY, RESOURCE, `TYPE`, DANGER_LEVEL, DETECT_STRING, DURATION, SEVERITY, WARNING_LEVEL) VALUES (CURRENT_TIMESTAMP(), CURRENT_TIMESTAMP(), 'EVENT', 'STRING', 'LOG', 0, 'shutdown2', 0, 'Info', 0);
INSERT INTO alert_rule (CREATE_TIME, UPDATE_TIME, CATEGORY, RESOURCE, `TYPE`, DANGER_LEVEL, DETECT_STRING, DURATION, SEVERITY, WARNING_LEVEL) VALUES (CURRENT_TIMESTAMP(), CURRENT_TIMESTAMP(), 'NODE', 'DISK', 'METRIC', 121, NULL, 5, '', 70);
INSERT INTO alert_rule (CREATE_TIME, UPDATE_TIME, CATEGORY, RESOURCE, `TYPE`, DANGER_LEVEL, DETECT_STRING, DURATION, SEVERITY, WARNING_LEVEL) VALUES (CURRENT_TIMESTAMP(), CURRENT_TIMESTAMP(), 'POD', 'MEMORY', 'METRIC', 90, NULL, 5, '', 80);

INSERT INTO kw_user_group (GROUPNAME, CREATE_TIME, UPDATE_TIME, DESCRIPTION) VALUES ('CLUSTER', CURRENT_TIMESTAMP(), CURRENT_TIMESTAMP(), '설명1');
INSERT INTO kw_user_group (GROUPNAME, CREATE_TIME, UPDATE_TIME, DESCRIPTION) VALUES ('DATABASE', CURRENT_TIMESTAMP(), CURRENT_TIMESTAMP(), '설명3');
INSERT INTO kw_user_group (GROUPNAME, CREATE_TIME, UPDATE_TIME, DESCRIPTION) VALUES ('NODE', CURRENT_TIMESTAMP(), CURRENT_TIMESTAMP(), '설명2');
INSERT INTO kw_user_group (GROUPNAME, CREATE_TIME, UPDATE_TIME, DESCRIPTION) VALUES	('TEST', CURRENT_TIMESTAMP(), CURRENT_TIMESTAMP(), '테스터 그룹');

INSERT INTO kw_user (USERNAME, CREATE_TIME, UPDATE_TIME, DEPT, NAME, PASSWORD, USERNO, GROUPNAME) VALUES ('tester', CURRENT_TIMESTAMP(), CURRENT_TIMESTAMP(), '비밀번호 : test1234!', '큐브웍스', '$2a$10$5nZb88FtGxq9dL9I6YPjkOCg7C3QWlrYuQurWFfRaGTNptnVSTuM.', '1000000', 'CLUSTER');

INSERT INTO kw_user_role_rule (CREATE_TIME, UPDATE_TIME, DESCRIPTION, RULE, RULE_NAME, AUTH_CODE) VALUES (CURRENT_TIMESTAMP(), CURRENT_TIMESTAMP(), 'Admin', '11111111111111111111111111111111111111111111', 'Admin', '001');
INSERT INTO kw_user_role_rule (CREATE_TIME, UPDATE_TIME, DESCRIPTION, RULE, RULE_NAME, AUTH_CODE) VALUES (CURRENT_TIMESTAMP(), CURRENT_TIMESTAMP(), 'Infra담당자', '11111111111111111110111111111111111100001111', 'Infra', '002');
INSERT INTO kw_user_role_rule (CREATE_TIME, UPDATE_TIME, DESCRIPTION, RULE, RULE_NAME, AUTH_CODE) VALUES (CURRENT_TIMESTAMP(), CURRENT_TIMESTAMP(), '개발자', '00110000000011110000010010000000000000001000', 'Developer', '003');
INSERT INTO kw_user_role_rule (CREATE_TIME, UPDATE_TIME, DESCRIPTION, RULE, RULE_NAME, AUTH_CODE) VALUES (CURRENT_TIMESTAMP(), CURRENT_TIMESTAMP(), '뷰어', '11111111111111100100001111111101111100000100', 'Viewer', '004');

INSERT INTO kw_user_role (ROLENAME, USERNAME, CREATE_TIME, UPDATE_TIME, RULE_ID) VALUES ('Admin', 'tester', CURRENT_TIMESTAMP(), CURRENT_TIMESTAMP(), 1);

INSERT INTO page (PAGE_ID, CREATE_TIME, UPDATE_TIME, DESCRIPTION, MENU_ID, NAV, TITLE) VALUES (1, CURRENT_TIMESTAMP(), CURRENT_TIMESTAMP(), NULL, 140, 'Home<i class="feather icon-chevron-right"></i>Dashboard<i class="feather icon-chevron-right"></i>K8s Boards<i class="feather icon-chevron-right"></i>Cluster Node Overview', 'Virtual Machine Overview');
INSERT INTO page (PAGE_ID, CREATE_TIME, UPDATE_TIME, DESCRIPTION, MENU_ID, NAV, TITLE) VALUES (2, CURRENT_TIMESTAMP(), CURRENT_TIMESTAMP(), NULL, 141, 'Home<i class="feather icon-chevron-right"></i>Dashboard<i class="feather icon-chevron-right"></i>K8s Boards<i class="feather icon-chevron-right"></i>Cluster Node Detail', 'Virtual Machine Overview 현황');
INSERT INTO page (PAGE_ID, CREATE_TIME, UPDATE_TIME, DESCRIPTION, MENU_ID, NAV, TITLE) VALUES (3, CURRENT_TIMESTAMP(), CURRENT_TIMESTAMP(), NULL, 120, 'Home<i class="feather icon-chevron-right"></i>Dashboard<i class="feather icon-chevron-right"></i>K8s Boards<i class="feather icon-chevron-right"></i>Pod JVM Overview', '보험코어 JVM 현황');
INSERT INTO page (PAGE_ID, CREATE_TIME, UPDATE_TIME, DESCRIPTION, MENU_ID, NAV, TITLE) VALUES (4, CURRENT_TIMESTAMP(), CURRENT_TIMESTAMP(), NULL, 121, 'Home<i class="feather icon-chevron-right"></i>Dashboard<i class="feather icon-chevron-right"></i>K8s Boards<i class="feather icon-chevron-right"></i>Pod JVM Detail', '보험코어 어플리케이션 JVM');
INSERT INTO page (PAGE_ID, CREATE_TIME, UPDATE_TIME, DESCRIPTION, MENU_ID, NAV, TITLE) VALUES (5, CURRENT_TIMESTAMP(), CURRENT_TIMESTAMP(), NULL, 130, 'Home<i class="feather icon-chevron-right"></i>Dashboard<i class="feather icon-chevron-right"></i>Database', '보험코어 Database 현황');
INSERT INTO page (PAGE_ID, CREATE_TIME, UPDATE_TIME, DESCRIPTION, MENU_ID, NAV, TITLE) VALUES (6, CURRENT_TIMESTAMP(), CURRENT_TIMESTAMP(), NULL, 111, 'Home<i class="feather icon-chevron-right"></i>Dashboard<i class="feather icon-chevron-right"></i>K8s Boards<i class="feather icon-chevron-right"></i>K8s Overview', '보험코어 클러스터 현황');
INSERT INTO page (PAGE_ID, CREATE_TIME, UPDATE_TIME, DESCRIPTION, MENU_ID, NAV, TITLE) VALUES (7, CURRENT_TIMESTAMP(), CURRENT_TIMESTAMP(), NULL, 112, 'Home<i class="feather icon-chevron-right"></i>K8s Cluster<i class="feather icon-chevron-right"></i>Nodes', '보험코어 클러스터 Nodes');
INSERT INTO page (PAGE_ID, CREATE_TIME, UPDATE_TIME, DESCRIPTION, MENU_ID, NAV, TITLE) VALUES (8, CURRENT_TIMESTAMP(), CURRENT_TIMESTAMP(), NULL, 1120, 'Home<i class="feather icon-chevron-right"></i>K8s Cluster<i class="feather icon-chevron-right"></i>Workloads<i class="feather icon-chevron-right"></i>Overview', '보험코어 클러스터 Workload');
INSERT INTO page (PAGE_ID, CREATE_TIME, UPDATE_TIME, DESCRIPTION, MENU_ID, NAV, TITLE) VALUES (9, CURRENT_TIMESTAMP(), CURRENT_TIMESTAMP(), NULL, 1121, 'Home<i class="feather icon-chevron-right"></i>K8s Cluster<i class="feather icon-chevron-right"></i>Workloads<i class="feather icon-chevron-right"></i>Pods', '보험코어 클러스터 Pods');
INSERT INTO page (PAGE_ID, CREATE_TIME, UPDATE_TIME, DESCRIPTION, MENU_ID, NAV, TITLE) VALUES (10, CURRENT_TIMESTAMP(), CURRENT_TIMESTAMP(), NULL, 1122, 'Home<i class="feather icon-chevron-right"></i>K8s Cluster<i class="feather icon-chevron-right"></i>Workloads<i class="feather icon-chevron-right"></i>Deployments', '보험코어 클러스터 Deployments');
INSERT INTO page (PAGE_ID, CREATE_TIME, UPDATE_TIME, DESCRIPTION, MENU_ID, NAV, TITLE) VALUES (11, CURRENT_TIMESTAMP(), CURRENT_TIMESTAMP(), NULL, 1123, 'Home<i class="feather icon-chevron-right"></i>K8s Cluster<i class="feather icon-chevron-right"></i>Workloads<i class="feather icon-chevron-right"></i>DaemonSets', '보험코어 클러스터 DaemonSets');
INSERT INTO page (PAGE_ID, CREATE_TIME, UPDATE_TIME, DESCRIPTION, MENU_ID, NAV, TITLE) VALUES (12, CURRENT_TIMESTAMP(), CURRENT_TIMESTAMP(), NULL, 1124, 'Home<i class="feather icon-chevron-right"></i>K8s Cluster<i class="feather icon-chevron-right"></i>Workloads<i class="feather icon-chevron-right"></i>StatefulSets', '보험코어 클러스터 StatefulSets');
INSERT INTO page (PAGE_ID, CREATE_TIME, UPDATE_TIME, DESCRIPTION, MENU_ID, NAV, TITLE) VALUES (13, CURRENT_TIMESTAMP(), CURRENT_TIMESTAMP(), NULL, 113, 'Home<i class="feather icon-chevron-right"></i>K8s Cluster<i class="feather icon-chevron-right"></i>Storages', '보험코어 클러스터 Storages');
INSERT INTO page (PAGE_ID, CREATE_TIME, UPDATE_TIME, DESCRIPTION, MENU_ID, NAV, TITLE) VALUES (14, CURRENT_TIMESTAMP(), CURRENT_TIMESTAMP(), NULL, 99, 'Home<i class="feather icon-chevron-right"></i>Dashboard<i class="feather icon-chevron-right"></i>Overview', '보험코어 클라우드 통합');
INSERT INTO page (PAGE_ID, CREATE_TIME, UPDATE_TIME, DESCRIPTION, MENU_ID, NAV, TITLE) VALUES (15, CURRENT_TIMESTAMP(), CURRENT_TIMESTAMP(), NULL, 100, 'Home<i class="feather icon-chevron-right"></i>Dashboard<i class="feather icon-chevron-right"></i>Application (K8s)', '보험코어 어플리케이션 현황');
INSERT INTO page (PAGE_ID, CREATE_TIME, UPDATE_TIME, DESCRIPTION, MENU_ID, NAV, TITLE) VALUES (16, CURRENT_TIMESTAMP(), CURRENT_TIMESTAMP(), NULL, 0, 'Home<i class="feather icon-chevron-right"></i>Dashboard<i class="feather icon-chevron-right"></i>Overview', '보험코어 클라우드 통합 대쉬보드');
INSERT INTO page (PAGE_ID, CREATE_TIME, UPDATE_TIME, DESCRIPTION, MENU_ID, NAV, TITLE) VALUES (17, CURRENT_TIMESTAMP(), CURRENT_TIMESTAMP(), NULL, 101, '', '보험코어 어플리케이션 Topology');
INSERT INTO page (PAGE_ID, CREATE_TIME, UPDATE_TIME, DESCRIPTION, MENU_ID, NAV, TITLE) VALUES (18, CURRENT_TIMESTAMP(), CURRENT_TIMESTAMP(), NULL, 114, 'Home<i class="feather icon-chevron-right"></i>K8s Cluster<i class="feather icon-chevron-right"></i>Events', '보험코어 클러스터 Events');
INSERT INTO page (PAGE_ID, CREATE_TIME, UPDATE_TIME, DESCRIPTION, MENU_ID, NAV, TITLE) VALUES (19, CURRENT_TIMESTAMP(), CURRENT_TIMESTAMP(), NULL, 150, 'Home<i class="feather icon-chevron-right"></i>Alarms<i class="feather icon-chevron-right"></i>List', '보험코어 Alarm List');
INSERT INTO page (PAGE_ID, CREATE_TIME, UPDATE_TIME, DESCRIPTION, MENU_ID, NAV, TITLE) VALUES (20, CURRENT_TIMESTAMP(), CURRENT_TIMESTAMP(), NULL, 500, 'Home<i class="feather icon-chevron-right"></i>Alarms<i class="feather icon-chevron-right"></i>Config', 'Alarm 설정 목록');
INSERT INTO page (PAGE_ID, CREATE_TIME, UPDATE_TIME, DESCRIPTION, MENU_ID, NAV, TITLE) VALUES (21, CURRENT_TIMESTAMP(), CURRENT_TIMESTAMP(), NULL, 201, '', '보험코어 어플리케이션 릴리즈 목록');
INSERT INTO page (PAGE_ID, CREATE_TIME, UPDATE_TIME, DESCRIPTION, MENU_ID, NAV, TITLE) VALUES (22, CURRENT_TIMESTAMP(), CURRENT_TIMESTAMP(), NULL, 210, 'Home<i class="feather icon-chevron-right"></i>Cluster usages', '보험코어 어플리케이션 사용 현황');
INSERT INTO page (PAGE_ID, CREATE_TIME, UPDATE_TIME, DESCRIPTION, MENU_ID, NAV, TITLE) VALUES (23, CURRENT_TIMESTAMP(), CURRENT_TIMESTAMP(), NULL, 300, 'Home<i class="feather icon-chevron-right"></i>K8s Cluster<i class="feather icon-chevron-right"></i>Configuration<i class="feather icon-chevron-right"></i>Configmaps', '클러스터 Configmaps');
INSERT INTO page (PAGE_ID, CREATE_TIME, UPDATE_TIME, DESCRIPTION, MENU_ID, NAV, TITLE) VALUES (24, CURRENT_TIMESTAMP(), CURRENT_TIMESTAMP(), NULL, 302, 'Home<i class="feather icon-chevron-right"></i>K8s Cluster<i class="feather icon-chevron-right"></i>Configuration<i class="feather icon-chevron-right"></i>Resource Quotas', '클러스터 Resource Quotas');
INSERT INTO page (PAGE_ID, CREATE_TIME, UPDATE_TIME, DESCRIPTION, MENU_ID, NAV, TITLE) VALUES (25, CURRENT_TIMESTAMP(), CURRENT_TIMESTAMP(), NULL, 303, 'Home<i class="feather icon-chevron-right"></i>K8s Cluster<i class="feather icon-chevron-right"></i>Configuration<i class="feather icon-chevron-right"></i>HPA', '클러스터 HPA');
INSERT INTO page (PAGE_ID, CREATE_TIME, UPDATE_TIME, DESCRIPTION, MENU_ID, NAV, TITLE) VALUES (26, CURRENT_TIMESTAMP(), CURRENT_TIMESTAMP(), NULL, 304, 'Home<i class="feather icon-chevron-right"></i>K8s Cluster<i class="feather icon-chevron-right"></i>Configuration<i class="feather icon-chevron-right"></i>Namespaces', '클러스터 Namespaces');
INSERT INTO page (PAGE_ID, CREATE_TIME, UPDATE_TIME, DESCRIPTION, MENU_ID, NAV, TITLE) VALUES (27, CURRENT_TIMESTAMP(), CURRENT_TIMESTAMP(), NULL, 305, 'Home<i class="feather icon-chevron-right"></i>K8s Cluster<i class="feather icon-chevron-right"></i>Configuration<i class="feather icon-chevron-right"></i>Custom Resources', '클러스터 Custom Resources');
INSERT INTO page (PAGE_ID, CREATE_TIME, UPDATE_TIME, DESCRIPTION, MENU_ID, NAV, TITLE) VALUES (28, CURRENT_TIMESTAMP(), CURRENT_TIMESTAMP(), NULL, 310, 'Home<i class="feather icon-chevron-right"></i>K8s Cluster<i class="feather icon-chevron-right"></i>Network<i class="feather icon-chevron-right"></i>Services', '클러스터 Services');
INSERT INTO page (PAGE_ID, CREATE_TIME, UPDATE_TIME, DESCRIPTION, MENU_ID, NAV, TITLE) VALUES (29, CURRENT_TIMESTAMP(), CURRENT_TIMESTAMP(), NULL, 311, 'Home<i class="feather icon-chevron-right"></i>K8s Cluster<i class="feather icon-chevron-right"></i>Network<i class="feather icon-chevron-right"></i> Ingresses', '클러스터 네트워크 Ingresses');
INSERT INTO page (PAGE_ID, CREATE_TIME, UPDATE_TIME, DESCRIPTION, MENU_ID, NAV, TITLE) VALUES (30, CURRENT_TIMESTAMP(), CURRENT_TIMESTAMP(), NULL, 312, 'Home<i class="feather icon-chevron-right"></i>K8s Cluster<i class="feather icon-chevron-right"></i>Network<i class="feather icon-chevron-right"></i>Endpoints', '클러스터 네트워크 Endpoints');
INSERT INTO page (PAGE_ID, CREATE_TIME, UPDATE_TIME, DESCRIPTION, MENU_ID, NAV, TITLE) VALUES (31, CURRENT_TIMESTAMP(), CURRENT_TIMESTAMP(), NULL, 313, 'Home<i class="feather icon-chevron-right"></i>K8s Cluster<i class="feather icon-chevron-right"></i>Network<i class="feather icon-chevron-right"></i>Network Policies', '클러스터 네트워크 Polices');
INSERT INTO page (PAGE_ID, CREATE_TIME, UPDATE_TIME, DESCRIPTION, MENU_ID, NAV, TITLE) VALUES (32, CURRENT_TIMESTAMP(), CURRENT_TIMESTAMP(), NULL, 320, 'Home<i class="feather icon-chevron-right"></i>K8s Cluster<i class="feather icon-chevron-right"></i>Access Control<i class="feather icon-chevron-right"></i>Service Accounts', '클러스터 Service Accounts');
INSERT INTO page (PAGE_ID, CREATE_TIME, UPDATE_TIME, DESCRIPTION, MENU_ID, NAV, TITLE) VALUES (33, CURRENT_TIMESTAMP(), CURRENT_TIMESTAMP(), NULL, 321, 'Home<i class="feather icon-chevron-right"></i>K8s Cluster<i class="feather icon-chevron-right"></i>Access Control<i class="feather icon-chevron-right"></i>Role Bindings', '클러스터 Role Bindings');
INSERT INTO page (PAGE_ID, CREATE_TIME, UPDATE_TIME, DESCRIPTION, MENU_ID, NAV, TITLE) VALUES (34, CURRENT_TIMESTAMP(), CURRENT_TIMESTAMP(), NULL, 322, 'Home<i class="feather icon-chevron-right"></i>K8s Cluster<i class="feather icon-chevron-right"></i>Access Control<i class="feather icon-chevron-right"></i>Roles', '클러스터 Roles');
INSERT INTO page (PAGE_ID, CREATE_TIME, UPDATE_TIME, DESCRIPTION, MENU_ID, NAV, TITLE) VALUES (35, CURRENT_TIMESTAMP(), CURRENT_TIMESTAMP(), NULL, 301, 'Home<i class="feather icon-chevron-right"></i>K8s Cluster<i class="feather icon-chevron-right"></i>Access Control<i class="feather icon-chevron-right"></i>Secrets', '클러스터 Secrets');
INSERT INTO page (PAGE_ID, CREATE_TIME, UPDATE_TIME, DESCRIPTION, MENU_ID, NAV, TITLE) VALUES (36, CURRENT_TIMESTAMP(), CURRENT_TIMESTAMP(), NULL, 323, 'Home<i class="feather icon-chevron-right"></i>K8s Cluster<i class="feather icon-chevron-right"></i>Access Control<i class="feather icon-chevron-right"></i>Pod Security Polices', '클러스터 Pod Security Polices');
INSERT INTO page (PAGE_ID, CREATE_TIME, UPDATE_TIME, DESCRIPTION, MENU_ID, NAV, TITLE) VALUES (37, CURRENT_TIMESTAMP(), CURRENT_TIMESTAMP(), NULL, 400, 'Home<i class="feather icon-chevron-right"></i>Users<i class="feather icon-chevron-right"></i>Groups', '사용자 Group 관리');
INSERT INTO page (PAGE_ID, CREATE_TIME, UPDATE_TIME, DESCRIPTION, MENU_ID, NAV, TITLE) VALUES (38, CURRENT_TIMESTAMP(), CURRENT_TIMESTAMP(), NULL, 410, 'Home<i class="feather icon-chevron-right"></i>Users<i class="feather icon-chevron-right"></i>Users', '사용자 관리');
INSERT INTO page (PAGE_ID, CREATE_TIME, UPDATE_TIME, DESCRIPTION, MENU_ID, NAV, TITLE) VALUES (39, CURRENT_TIMESTAMP(), CURRENT_TIMESTAMP(), NULL, 420, 'Home<i class="feather icon-chevron-right"></i>Users<i class="feather icon-chevron-right"></i>Roles', '사용자 Role 관리');
INSERT INTO page (PAGE_ID, CREATE_TIME, UPDATE_TIME, DESCRIPTION, MENU_ID, NAV, TITLE) VALUES (40, CURRENT_TIMESTAMP(), CURRENT_TIMESTAMP(), NULL, 440, '', '클러스터 Key 관리');
INSERT INTO page (PAGE_ID, CREATE_TIME, UPDATE_TIME, DESCRIPTION, MENU_ID, NAV, TITLE) VALUES (41, CURRENT_TIMESTAMP(), CURRENT_TIMESTAMP(), NULL, 520, 'Home<i class="feather icon-chevron-right"></i>Preference', 'Preference');
INSERT INTO page (PAGE_ID, CREATE_TIME, UPDATE_TIME, DESCRIPTION, MENU_ID, NAV, TITLE) VALUES (42, CURRENT_TIMESTAMP(), CURRENT_TIMESTAMP(), NULL, 1125, 'Home<i class="feather icon-chevron-right"></i>K8s Cluster<i class="feather icon-chevron-right"></i>Workloads<i class="feather icon-chevron-right"></i>Jobs', '보험코어 클러스터 Jobs');
INSERT INTO page (PAGE_ID, CREATE_TIME, UPDATE_TIME, DESCRIPTION, MENU_ID, NAV, TITLE) VALUES (43, CURRENT_TIMESTAMP(), CURRENT_TIMESTAMP(), NULL, 1126, 'Home<i class="feather icon-chevron-right"></i>K8s Cluster<i class="feather icon-chevron-right"></i>Workloads<i class="feather icon-chevron-right"></i>CronJobs', '보험코어 클러스터 CronJobs');
-- INSERT INTO page (PAGE_ID, CREATE_TIME, UPDATE_TIME, DESCRIPTION, MENU_ID, NAV, TITLE) VALUES (44, CURRENT_TIMESTAMP(), CURRENT_TIMESTAMP(), NULL, 1128, 'Home<i class=&quot;feather icon-chevron-right&quot; ></i>Monitoring<i class=&quot;feather icon-chevron-right&quot; ></i>Logging', 'Loki Log ');
INSERT INTO page (PAGE_ID, CREATE_TIME, UPDATE_TIME, DESCRIPTION, MENU_ID, NAV, TITLE) VALUES (50, CURRENT_TIMESTAMP(), CURRENT_TIMESTAMP(), NULL, 1127, 'Home<i class=&quot;feather icon-chevron-right&quot; ></i>Application Usage', 'Application usage');

INSERT INTO page_row (PAGE_ROW_ID, CREATE_TIME, UPDATE_TIME, ROW_TYPE, SORT_ORDER, TITLE, PAGE_ID) VALUES (1,  CURRENT_TIMESTAMP(), CURRENT_TIMESTAMP(), 'P', 1, '보험코어 클러스터 Node 현황', 1);
INSERT INTO page_row (PAGE_ROW_ID, CREATE_TIME, UPDATE_TIME, ROW_TYPE, SORT_ORDER, TITLE, PAGE_ID) VALUES (2,  CURRENT_TIMESTAMP(), CURRENT_TIMESTAMP(), 'P', 2, '보험코어 클러스터 Node 리소스', 1);
INSERT INTO page_row (PAGE_ROW_ID, CREATE_TIME, UPDATE_TIME, ROW_TYPE, SORT_ORDER, TITLE, PAGE_ID) VALUES (3,  CURRENT_TIMESTAMP(), CURRENT_TIMESTAMP(), 'V', 1, '#Variables', 2);
INSERT INTO page_row (PAGE_ROW_ID, CREATE_TIME, UPDATE_TIME, ROW_TYPE, SORT_ORDER, TITLE, PAGE_ID) VALUES (4,  CURRENT_TIMESTAMP(), CURRENT_TIMESTAMP(), 'P', 2, 'CPU', 2);
INSERT INTO page_row (PAGE_ROW_ID, CREATE_TIME, UPDATE_TIME, ROW_TYPE, SORT_ORDER, TITLE, PAGE_ID) VALUES (5,  CURRENT_TIMESTAMP(), CURRENT_TIMESTAMP(), 'P', 3, 'Memory', 2);
INSERT INTO page_row (PAGE_ROW_ID, CREATE_TIME, UPDATE_TIME, ROW_TYPE, SORT_ORDER, TITLE, PAGE_ID) VALUES (6,  CURRENT_TIMESTAMP(), CURRENT_TIMESTAMP(), 'P', 4, 'Disk', 2);
INSERT INTO page_row (PAGE_ROW_ID, CREATE_TIME, UPDATE_TIME, ROW_TYPE, SORT_ORDER, TITLE, PAGE_ID) VALUES (7,  CURRENT_TIMESTAMP(), CURRENT_TIMESTAMP(), 'P', 5, 'Network', 2);
INSERT INTO page_row (PAGE_ROW_ID, CREATE_TIME, UPDATE_TIME, ROW_TYPE, SORT_ORDER, TITLE, PAGE_ID) VALUES (8,  CURRENT_TIMESTAMP(), CURRENT_TIMESTAMP(), 'P', 6, 'File System', 2);
-- 프로세스 패널 제외로 주석 처리
-- INSERT INTO page_row (PAGE_ROW_ID, CREATE_TIME, UPDATE_TIME, ROW_TYPE, SORT_ORDER, TITLE, PAGE_ID) VALUES (9,  CURRENT_TIMESTAMP(), CURRENT_TIMESTAMP(), 'P', 7, 'Process', 2);
INSERT INTO page_row (PAGE_ROW_ID, CREATE_TIME, UPDATE_TIME, ROW_TYPE, SORT_ORDER, TITLE, PAGE_ID) VALUES (10, CURRENT_TIMESTAMP(), CURRENT_TIMESTAMP(), 'P', 2, '보험코어 JVM 현황', 3);
INSERT INTO page_row (PAGE_ROW_ID, CREATE_TIME, UPDATE_TIME, ROW_TYPE, SORT_ORDER, TITLE, PAGE_ID) VALUES (11, CURRENT_TIMESTAMP(), CURRENT_TIMESTAMP(), 'P', 3, '보험코어 JVM Inspector', 3);
INSERT INTO page_row (PAGE_ROW_ID, CREATE_TIME, UPDATE_TIME, ROW_TYPE, SORT_ORDER, TITLE, PAGE_ID) VALUES (12, CURRENT_TIMESTAMP(), CURRENT_TIMESTAMP(), 'V', 1, '', 4);
INSERT INTO page_row (PAGE_ROW_ID, CREATE_TIME, UPDATE_TIME, ROW_TYPE, SORT_ORDER, TITLE, PAGE_ID) VALUES (13, CURRENT_TIMESTAMP(), CURRENT_TIMESTAMP(), 'D', 2, '', 4);
INSERT INTO page_row (PAGE_ROW_ID, CREATE_TIME, UPDATE_TIME, ROW_TYPE, SORT_ORDER, TITLE, PAGE_ID) VALUES (14, CURRENT_TIMESTAMP(), CURRENT_TIMESTAMP(), 'P', 3, '보험코어 JVM Inspector', 4);
INSERT INTO page_row (PAGE_ROW_ID, CREATE_TIME, UPDATE_TIME, ROW_TYPE, SORT_ORDER, TITLE, PAGE_ID) VALUES (15, CURRENT_TIMESTAMP(), CURRENT_TIMESTAMP(), 'P', 1, '데이터베이스 Node', 5);
INSERT INTO page_row (PAGE_ROW_ID, CREATE_TIME, UPDATE_TIME, ROW_TYPE, SORT_ORDER, TITLE, PAGE_ID) VALUES (16, CURRENT_TIMESTAMP(), CURRENT_TIMESTAMP(), 'V', 2, '데이터베이스 Instance', 5);
INSERT INTO page_row (PAGE_ROW_ID, CREATE_TIME, UPDATE_TIME, ROW_TYPE, SORT_ORDER, TITLE, PAGE_ID) VALUES (18, CURRENT_TIMESTAMP(), CURRENT_TIMESTAMP(), 'P', 1, 'node list', 7);
INSERT INTO page_row (PAGE_ROW_ID, CREATE_TIME, UPDATE_TIME, ROW_TYPE, SORT_ORDER, TITLE, PAGE_ID) VALUES (19, CURRENT_TIMESTAMP(), CURRENT_TIMESTAMP(), 'P', 2, 'pop-up', 7);
INSERT INTO page_row (PAGE_ROW_ID, CREATE_TIME, UPDATE_TIME, ROW_TYPE, SORT_ORDER, TITLE, PAGE_ID) VALUES (20, CURRENT_TIMESTAMP(), CURRENT_TIMESTAMP(), 'P', 1, 'Total cluster capacity', 6);
INSERT INTO page_row (PAGE_ROW_ID, CREATE_TIME, UPDATE_TIME, ROW_TYPE, SORT_ORDER, TITLE, PAGE_ID) VALUES (21, CURRENT_TIMESTAMP(), CURRENT_TIMESTAMP(), 'P', 2, 'Node panel', 6);
INSERT INTO page_row (PAGE_ROW_ID, CREATE_TIME, UPDATE_TIME, ROW_TYPE, SORT_ORDER, TITLE, PAGE_ID) VALUES (22, CURRENT_TIMESTAMP(), CURRENT_TIMESTAMP(), 'P', 3, 'Pod panel', 6);
INSERT INTO page_row (PAGE_ROW_ID, CREATE_TIME, UPDATE_TIME, ROW_TYPE, SORT_ORDER, TITLE, PAGE_ID) VALUES (23, CURRENT_TIMESTAMP(), CURRENT_TIMESTAMP(), 'V', 1, '#Variables', 8);
INSERT INTO page_row (PAGE_ROW_ID, CREATE_TIME, UPDATE_TIME, ROW_TYPE, SORT_ORDER, TITLE, PAGE_ID) VALUES (24, CURRENT_TIMESTAMP(), CURRENT_TIMESTAMP(), 'P', 1, 'Cluster Workloads', 8);
INSERT INTO page_row (PAGE_ROW_ID, CREATE_TIME, UPDATE_TIME, ROW_TYPE, SORT_ORDER, TITLE, PAGE_ID) VALUES (25, CURRENT_TIMESTAMP(), CURRENT_TIMESTAMP(), 'P', 1, 'Events', 8);
INSERT INTO page_row (PAGE_ROW_ID, CREATE_TIME, UPDATE_TIME, ROW_TYPE, SORT_ORDER, TITLE, PAGE_ID) VALUES (26, CURRENT_TIMESTAMP(), CURRENT_TIMESTAMP(), 'P', 1, 'pop-up (per POD)', 9);
INSERT INTO page_row (PAGE_ROW_ID, CREATE_TIME, UPDATE_TIME, ROW_TYPE, SORT_ORDER, TITLE, PAGE_ID) VALUES (27, CURRENT_TIMESTAMP(), CURRENT_TIMESTAMP(), 'P', 2, 'Pop-up (per Container)', 9);
INSERT INTO page_row (PAGE_ROW_ID, CREATE_TIME, UPDATE_TIME, ROW_TYPE, SORT_ORDER, TITLE, PAGE_ID) VALUES (28, CURRENT_TIMESTAMP(), CURRENT_TIMESTAMP(), 'P', 1, 'pop-up', 10);
INSERT INTO page_row (PAGE_ROW_ID, CREATE_TIME, UPDATE_TIME, ROW_TYPE, SORT_ORDER, TITLE, PAGE_ID) VALUES (29, CURRENT_TIMESTAMP(), CURRENT_TIMESTAMP(), 'P', 1, 'pop-up', 11);
INSERT INTO page_row (PAGE_ROW_ID, CREATE_TIME, UPDATE_TIME, ROW_TYPE, SORT_ORDER, TITLE, PAGE_ID) VALUES (30, CURRENT_TIMESTAMP(), CURRENT_TIMESTAMP(), 'P', 1, 'pop-up', 12);
INSERT INTO page_row (PAGE_ROW_ID, CREATE_TIME, UPDATE_TIME, ROW_TYPE, SORT_ORDER, TITLE, PAGE_ID) VALUES (31, CURRENT_TIMESTAMP(), CURRENT_TIMESTAMP(), 'P', 1, 'pop-up', 13);
INSERT INTO page_row (PAGE_ROW_ID, CREATE_TIME, UPDATE_TIME, ROW_TYPE, SORT_ORDER, TITLE, PAGE_ID) VALUES (32, CURRENT_TIMESTAMP(), CURRENT_TIMESTAMP(), 'P', 1, '보험코어 클러스터', 14);
INSERT INTO page_row (PAGE_ROW_ID, CREATE_TIME, UPDATE_TIME, ROW_TYPE, SORT_ORDER, TITLE, PAGE_ID) VALUES (33, CURRENT_TIMESTAMP(), CURRENT_TIMESTAMP(), 'P', 2, '보험코어 어플리케이션', 14);
INSERT INTO page_row (PAGE_ROW_ID, CREATE_TIME, UPDATE_TIME, ROW_TYPE, SORT_ORDER, TITLE, PAGE_ID) VALUES (34, CURRENT_TIMESTAMP(), CURRENT_TIMESTAMP(), 'P', 3, '보험코어 클러스터 Node', 14);
INSERT INTO page_row (PAGE_ROW_ID, CREATE_TIME, UPDATE_TIME, ROW_TYPE, SORT_ORDER, TITLE, PAGE_ID) VALUES (35, CURRENT_TIMESTAMP(), CURRENT_TIMESTAMP(), 'P', 4, '보험코어 Alarm', 14);
INSERT INTO page_row (PAGE_ROW_ID, CREATE_TIME, UPDATE_TIME, ROW_TYPE, SORT_ORDER, TITLE, PAGE_ID) VALUES (36, CURRENT_TIMESTAMP(), CURRENT_TIMESTAMP(), 'P', 1, '보험코어 어플리케이션 Overview', 15);
INSERT INTO page_row (PAGE_ROW_ID, CREATE_TIME, UPDATE_TIME, ROW_TYPE, SORT_ORDER, TITLE, PAGE_ID) VALUES (37, CURRENT_TIMESTAMP(), CURRENT_TIMESTAMP(), 'P', 2, '보험코어 어플리케이션', 15);
-- INSERT INTO page_row (PAGE_ROW_ID, CREATE_TIME, UPDATE_TIME, ROW_TYPE, SORT_ORDER, TITLE, PAGE_ID) VALUES (39, CURRENT_TIMESTAMP(), CURRENT_TIMESTAMP(), 'P', 2, '', 44);
INSERT INTO page_row (PAGE_ROW_ID, CREATE_TIME, UPDATE_TIME, ROW_TYPE, SORT_ORDER, TITLE, PAGE_ID) VALUES (51, CURRENT_TIMESTAMP(), CURRENT_TIMESTAMP(), 'P', 1, '보험코어 어플리케이션', 50);
INSERT INTO page_row (PAGE_ROW_ID, CREATE_TIME, UPDATE_TIME, ROW_TYPE, SORT_ORDER, TITLE, PAGE_ID) VALUES (52, CURRENT_TIMESTAMP(), CURRENT_TIMESTAMP(), 'P', 2, '보험코어 어플리케이션', 50);
INSERT INTO page_row (PAGE_ROW_ID, CREATE_TIME, UPDATE_TIME, ROW_TYPE, SORT_ORDER, TITLE, PAGE_ID) VALUES (53, CURRENT_TIMESTAMP(), CURRENT_TIMESTAMP(), 'P', 3, '보험코어 어플리케이션', 50);

INSERT INTO page_row_panel (PANEL_ID, CREATE_TIME, UPDATE_TIME, CHART_TYPE, FRAGMENT_NAME, LEGEND_VISIBLE, MAIN_YN, PANEL_TYPE, REFRESH_INTERVAL, REPEAT_VARIABLE, SORT_ORDER, TITLE, XAXIS_MODE, YAXIS_LABEL, YAXIS_MAX, YAXIS_MIN, YAXIS_UNIT, PAGE_ROW_ID) VALUES (1, CURRENT_TIMESTAMP(), CURRENT_TIMESTAMP(), '','value-card-panel',1,'Y','BADGE',60000,NULL,1,'VM','','','','','float',1);
INSERT INTO page_row_panel (PANEL_ID, CREATE_TIME, UPDATE_TIME, CHART_TYPE, FRAGMENT_NAME, LEGEND_VISIBLE, MAIN_YN, PANEL_TYPE, REFRESH_INTERVAL, REPEAT_VARIABLE, SORT_ORDER, TITLE, XAXIS_MODE, YAXIS_LABEL, YAXIS_MAX, YAXIS_MIN, YAXIS_UNIT, PAGE_ROW_ID) VALUES (2, CURRENT_TIMESTAMP(), CURRENT_TIMESTAMP(), '','value-card-panel',1,'Y','BADGE',60000,NULL,2,'Core','','','','','float',1);
INSERT INTO page_row_panel (PANEL_ID, CREATE_TIME, UPDATE_TIME, CHART_TYPE, FRAGMENT_NAME, LEGEND_VISIBLE, MAIN_YN, PANEL_TYPE, REFRESH_INTERVAL, REPEAT_VARIABLE, SORT_ORDER, TITLE, XAXIS_MODE, YAXIS_LABEL, YAXIS_MAX, YAXIS_MIN, YAXIS_UNIT, PAGE_ROW_ID) VALUES (3, CURRENT_TIMESTAMP(), CURRENT_TIMESTAMP(), 'solidgauge','headless-card-panel',1,'Y','CHART',60000,NULL,3,'Avg. CPU','','','100','0','%',1);
INSERT INTO page_row_panel (PANEL_ID, CREATE_TIME, UPDATE_TIME, CHART_TYPE, FRAGMENT_NAME, LEGEND_VISIBLE, MAIN_YN, PANEL_TYPE, REFRESH_INTERVAL, REPEAT_VARIABLE, SORT_ORDER, TITLE, XAXIS_MODE, YAXIS_LABEL, YAXIS_MAX, YAXIS_MIN, YAXIS_UNIT, PAGE_ROW_ID) VALUES (4, CURRENT_TIMESTAMP(), CURRENT_TIMESTAMP(), 'solidgauge','headless-card-panel',1,'Y','CHART',60000,NULL,4,'Avg. Memory','','','100','0','%',1);
INSERT INTO page_row_panel (PANEL_ID, CREATE_TIME, UPDATE_TIME, CHART_TYPE, FRAGMENT_NAME, LEGEND_VISIBLE, MAIN_YN, PANEL_TYPE, REFRESH_INTERVAL, REPEAT_VARIABLE, SORT_ORDER, TITLE, XAXIS_MODE, YAXIS_LABEL, YAXIS_MAX, YAXIS_MIN, YAXIS_UNIT, PAGE_ROW_ID) VALUES (5, CURRENT_TIMESTAMP(), CURRENT_TIMESTAMP(), 'solidgauge','headless-card-panel',1,'Y','CHART',60000,NULL,5,'Avg. Disk','','','100','0','%',1);
INSERT INTO page_row_panel (PANEL_ID, CREATE_TIME, UPDATE_TIME, CHART_TYPE, FRAGMENT_NAME, LEGEND_VISIBLE, MAIN_YN, PANEL_TYPE, REFRESH_INTERVAL, REPEAT_VARIABLE, SORT_ORDER, TITLE, XAXIS_MODE, YAXIS_LABEL, YAXIS_MAX, YAXIS_MIN, YAXIS_UNIT, PAGE_ROW_ID) VALUES (6, CURRENT_TIMESTAMP(), CURRENT_TIMESTAMP(), 'area','head-card-panel',1,'Y','CHART',60000,NULL,1,'CPU','datetime','','100','0','%',2);
INSERT INTO page_row_panel (PANEL_ID, CREATE_TIME, UPDATE_TIME, CHART_TYPE, FRAGMENT_NAME, LEGEND_VISIBLE, MAIN_YN, PANEL_TYPE, REFRESH_INTERVAL, REPEAT_VARIABLE, SORT_ORDER, TITLE, XAXIS_MODE, YAXIS_LABEL, YAXIS_MAX, YAXIS_MIN, YAXIS_UNIT, PAGE_ROW_ID) VALUES (7, CURRENT_TIMESTAMP(), CURRENT_TIMESTAMP(), 'area','head-card-panel',1,'Y','CHART',60000,NULL,2,'Memory','datetime','','auto','0','%',2);
INSERT INTO page_row_panel (PANEL_ID, CREATE_TIME, UPDATE_TIME, CHART_TYPE, FRAGMENT_NAME, LEGEND_VISIBLE, MAIN_YN, PANEL_TYPE, REFRESH_INTERVAL, REPEAT_VARIABLE, SORT_ORDER, TITLE, XAXIS_MODE, YAXIS_LABEL, YAXIS_MAX, YAXIS_MIN, YAXIS_UNIT, PAGE_ROW_ID) VALUES (8, CURRENT_TIMESTAMP(), CURRENT_TIMESTAMP(), 'area','head-card-panel',1,'Y','CHART',60000,NULL,3,'Disk I/O','datetime','IO read (-) / write (+)','auto','auto','iops',2);
INSERT INTO page_row_panel (PANEL_ID, CREATE_TIME, UPDATE_TIME, CHART_TYPE, FRAGMENT_NAME, LEGEND_VISIBLE, MAIN_YN, PANEL_TYPE, REFRESH_INTERVAL, REPEAT_VARIABLE, SORT_ORDER, TITLE, XAXIS_MODE, YAXIS_LABEL, YAXIS_MAX, YAXIS_MIN, YAXIS_UNIT, PAGE_ROW_ID) VALUES (9, CURRENT_TIMESTAMP(), CURRENT_TIMESTAMP(), 'area','head-card-panel',1,'Y','CHART',60000,NULL,4,'Network','datetime','recv (+) / trans (-)','auto','auto','bps',2);
-- 프로세스 패널 제외로 주석 처리
-- INSERT INTO page_row_panel (PANEL_ID, CREATE_TIME, UPDATE_TIME, CHART_TYPE, FRAGMENT_NAME, LEGEND_VISIBLE, MAIN_YN, PANEL_TYPE, REFRESH_INTERVAL, REPEAT_VARIABLE, SORT_ORDER, TITLE, XAXIS_MODE, YAXIS_LABEL, YAXIS_MAX, YAXIS_MIN, YAXIS_UNIT, PAGE_ROW_ID) VALUES (10, CURRENT_TIMESTAMP(), CURRENT_TIMESTAMP(), '','col-6-head-card-panel-in-table',1,'Y','METRIC_TABLE',60000,NULL,5,'Process','','','','','',2);
INSERT INTO page_row_panel (PANEL_ID, CREATE_TIME, UPDATE_TIME, CHART_TYPE, FRAGMENT_NAME, LEGEND_VISIBLE, MAIN_YN, PANEL_TYPE, REFRESH_INTERVAL, REPEAT_VARIABLE, SORT_ORDER, TITLE, XAXIS_MODE, YAXIS_LABEL, YAXIS_MAX, YAXIS_MIN, YAXIS_UNIT, PAGE_ROW_ID) VALUES (11, CURRENT_TIMESTAMP(), CURRENT_TIMESTAMP(), '','col-6-head-card-panel-in-table',1,'Y','METRIC_TABLE',60000,NULL,6,'File System','','','','','',2);
INSERT INTO page_row_panel (PANEL_ID, CREATE_TIME, UPDATE_TIME, CHART_TYPE, FRAGMENT_NAME, LEGEND_VISIBLE, MAIN_YN, PANEL_TYPE, REFRESH_INTERVAL, REPEAT_VARIABLE, SORT_ORDER, TITLE, XAXIS_MODE, YAXIS_LABEL, YAXIS_MAX, YAXIS_MIN, YAXIS_UNIT, PAGE_ROW_ID) VALUES (12, CURRENT_TIMESTAMP(), CURRENT_TIMESTAMP(), 'area','head-card-panel',1,'Y','CHART',60000,NULL,1,'CPU Basic','datetime','','100','0','%',4);
INSERT INTO page_row_panel (PANEL_ID, CREATE_TIME, UPDATE_TIME, CHART_TYPE, FRAGMENT_NAME, LEGEND_VISIBLE, MAIN_YN, PANEL_TYPE, REFRESH_INTERVAL, REPEAT_VARIABLE, SORT_ORDER, TITLE, XAXIS_MODE, YAXIS_LABEL, YAXIS_MAX, YAXIS_MIN, YAXIS_UNIT, PAGE_ROW_ID) VALUES (13, CURRENT_TIMESTAMP(), CURRENT_TIMESTAMP(), 'area','head-card-panel',1,'Y','CHART',60000,NULL,2,'CPU','datetime','percentage','100','0','%',4);
INSERT INTO page_row_panel (PANEL_ID, CREATE_TIME, UPDATE_TIME, CHART_TYPE, FRAGMENT_NAME, LEGEND_VISIBLE, MAIN_YN, PANEL_TYPE, REFRESH_INTERVAL, REPEAT_VARIABLE, SORT_ORDER, TITLE, XAXIS_MODE, YAXIS_LABEL, YAXIS_MAX, YAXIS_MIN, YAXIS_UNIT, PAGE_ROW_ID) VALUES (14, CURRENT_TIMESTAMP(), CURRENT_TIMESTAMP(), 'area','head-card-panel',1,'Y','CHART',60000,NULL,3,'System Load','datetime','counter','auto','0','float',4);
INSERT INTO page_row_panel (PANEL_ID, CREATE_TIME, UPDATE_TIME, CHART_TYPE, FRAGMENT_NAME, LEGEND_VISIBLE, MAIN_YN, PANEL_TYPE, REFRESH_INTERVAL, REPEAT_VARIABLE, SORT_ORDER, TITLE, XAXIS_MODE, YAXIS_LABEL, YAXIS_MAX, YAXIS_MIN, YAXIS_UNIT, PAGE_ROW_ID) VALUES (15, CURRENT_TIMESTAMP(), CURRENT_TIMESTAMP(), 'area','head-card-panel',1,'Y','CHART',60000,NULL,4,'Process Status','datetime','counter','auto','0','float',4);
INSERT INTO page_row_panel (PANEL_ID, CREATE_TIME, UPDATE_TIME, CHART_TYPE, FRAGMENT_NAME, LEGEND_VISIBLE, MAIN_YN, PANEL_TYPE, REFRESH_INTERVAL, REPEAT_VARIABLE, SORT_ORDER, TITLE, XAXIS_MODE, YAXIS_LABEL, YAXIS_MAX, YAXIS_MIN, YAXIS_UNIT, PAGE_ROW_ID) VALUES (16, CURRENT_TIMESTAMP(), CURRENT_TIMESTAMP(), 'area','head-card-panel',1,'Y','CHART',60000,NULL,5,'Memory Basic','datetime','','auto','0','bytes',5);
INSERT INTO page_row_panel (PANEL_ID, CREATE_TIME, UPDATE_TIME, CHART_TYPE, FRAGMENT_NAME, LEGEND_VISIBLE, MAIN_YN, PANEL_TYPE, REFRESH_INTERVAL, REPEAT_VARIABLE, SORT_ORDER, TITLE, XAXIS_MODE, YAXIS_LABEL, YAXIS_MAX, YAXIS_MIN, YAXIS_UNIT, PAGE_ROW_ID) VALUES (17, CURRENT_TIMESTAMP(), CURRENT_TIMESTAMP(), 'area','head-card-panel',1,'Y','CHART',60000,NULL,6,'Memory Stack','datetime','','auto','0','bytes',5);
INSERT INTO page_row_panel (PANEL_ID, CREATE_TIME, UPDATE_TIME, CHART_TYPE, FRAGMENT_NAME, LEGEND_VISIBLE, MAIN_YN, PANEL_TYPE, REFRESH_INTERVAL, REPEAT_VARIABLE, SORT_ORDER, TITLE, XAXIS_MODE, YAXIS_LABEL, YAXIS_MAX, YAXIS_MIN, YAXIS_UNIT, PAGE_ROW_ID) VALUES (18, CURRENT_TIMESTAMP(), CURRENT_TIMESTAMP(), 'area','head-card-panel',1,'Y','CHART',60000,NULL,7,'Memory Active/Inactive','datetime','bytes','auto','0','bytes',5);
INSERT INTO page_row_panel (PANEL_ID, CREATE_TIME, UPDATE_TIME, CHART_TYPE, FRAGMENT_NAME, LEGEND_VISIBLE, MAIN_YN, PANEL_TYPE, REFRESH_INTERVAL, REPEAT_VARIABLE, SORT_ORDER, TITLE, XAXIS_MODE, YAXIS_LABEL, YAXIS_MAX, YAXIS_MIN, YAXIS_UNIT, PAGE_ROW_ID) VALUES (19, CURRENT_TIMESTAMP(), CURRENT_TIMESTAMP(), 'area','head-card-panel',1,'Y','CHART',60000,NULL,8,'Memory Page In/Out','datetime','pages out (-) / in (+)','auto','auto','float',5);
INSERT INTO page_row_panel (PANEL_ID, CREATE_TIME, UPDATE_TIME, CHART_TYPE, FRAGMENT_NAME, LEGEND_VISIBLE, MAIN_YN, PANEL_TYPE, REFRESH_INTERVAL, REPEAT_VARIABLE, SORT_ORDER, TITLE, XAXIS_MODE, YAXIS_LABEL, YAXIS_MAX, YAXIS_MIN, YAXIS_UNIT, PAGE_ROW_ID) VALUES (20, CURRENT_TIMESTAMP(), CURRENT_TIMESTAMP(), 'area','head-card-panel',1,'Y','CHART',60000,NULL,9,'Disk Space Used Basic','datetime','','100','0','%',6);
INSERT INTO page_row_panel (PANEL_ID, CREATE_TIME, UPDATE_TIME, CHART_TYPE, FRAGMENT_NAME, LEGEND_VISIBLE, MAIN_YN, PANEL_TYPE, REFRESH_INTERVAL, REPEAT_VARIABLE, SORT_ORDER, TITLE, XAXIS_MODE, YAXIS_LABEL, YAXIS_MAX, YAXIS_MIN, YAXIS_UNIT, PAGE_ROW_ID) VALUES (21, CURRENT_TIMESTAMP(), CURRENT_TIMESTAMP(), 'area','head-card-panel',1,'Y','CHART',60000,NULL,10,'Disk Space Used','datetime','bytes','auto','0','bytes',6);
INSERT INTO page_row_panel (PANEL_ID, CREATE_TIME, UPDATE_TIME, CHART_TYPE, FRAGMENT_NAME, LEGEND_VISIBLE, MAIN_YN, PANEL_TYPE, REFRESH_INTERVAL, REPEAT_VARIABLE, SORT_ORDER, TITLE, XAXIS_MODE, YAXIS_LABEL, YAXIS_MAX, YAXIS_MIN, YAXIS_UNIT, PAGE_ROW_ID) VALUES (22, CURRENT_TIMESTAMP(), CURRENT_TIMESTAMP(), 'area','head-card-panel',1,'Y','CHART',60000,NULL,11,'Disk I/O(Read/Write Bytes)','datetime','bytes read (-) / write (+)','auto','auto','bytes',6);
INSERT INTO page_row_panel (PANEL_ID, CREATE_TIME, UPDATE_TIME, CHART_TYPE, FRAGMENT_NAME, LEGEND_VISIBLE, MAIN_YN, PANEL_TYPE, REFRESH_INTERVAL, REPEAT_VARIABLE, SORT_ORDER, TITLE, XAXIS_MODE, YAXIS_LABEL, YAXIS_MAX, YAXIS_MIN, YAXIS_UNIT, PAGE_ROW_ID) VALUES (23, CURRENT_TIMESTAMP(), CURRENT_TIMESTAMP(), 'area','head-card-panel',1,'Y','CHART',60000,NULL,12,'Disk IOps','datetime','IO read (-) / write (+)','auto','auto','iops',6);
INSERT INTO page_row_panel (PANEL_ID, CREATE_TIME, UPDATE_TIME, CHART_TYPE, FRAGMENT_NAME, LEGEND_VISIBLE, MAIN_YN, PANEL_TYPE, REFRESH_INTERVAL, REPEAT_VARIABLE, SORT_ORDER, TITLE, XAXIS_MODE, YAXIS_LABEL, YAXIS_MAX, YAXIS_MIN, YAXIS_UNIT, PAGE_ROW_ID) VALUES (24, CURRENT_TIMESTAMP(), CURRENT_TIMESTAMP(), 'area','col-6-head-card-panel',1,'Y','CHART',60000,NULL,13,'Network Traffic basic','datetime','recv (+) / trans (-)','auto','auto','bps',7);
INSERT INTO page_row_panel (PANEL_ID, CREATE_TIME, UPDATE_TIME, CHART_TYPE, FRAGMENT_NAME, LEGEND_VISIBLE, MAIN_YN, PANEL_TYPE, REFRESH_INTERVAL, REPEAT_VARIABLE, SORT_ORDER, TITLE, XAXIS_MODE, YAXIS_LABEL, YAXIS_MAX, YAXIS_MIN, YAXIS_UNIT, PAGE_ROW_ID) VALUES (25, CURRENT_TIMESTAMP(), CURRENT_TIMESTAMP(), 'area','col-6-head-card-panel',1,'Y','CHART',60000,NULL,14,'Network Traffic by packets','datetime','in (+) / out (-)','auto','auto','pps',7);
INSERT INTO page_row_panel (PANEL_ID, CREATE_TIME, UPDATE_TIME, CHART_TYPE, FRAGMENT_NAME, LEGEND_VISIBLE, MAIN_YN, PANEL_TYPE, REFRESH_INTERVAL, REPEAT_VARIABLE, SORT_ORDER, TITLE, XAXIS_MODE, YAXIS_LABEL, YAXIS_MAX, YAXIS_MIN, YAXIS_UNIT, PAGE_ROW_ID) VALUES (26, CURRENT_TIMESTAMP(), CURRENT_TIMESTAMP(), '','full-head-card-panel-in-table',1,'Y','METRIC_TABLE',60000,NULL,15,'File System Table ','','','','','byte',8);
-- 프로세스 패널 제외로 주석 처리
-- INSERT INTO page_row_panel (PANEL_ID, CREATE_TIME, UPDATE_TIME, CHART_TYPE, FRAGMENT_NAME, LEGEND_VISIBLE, MAIN_YN, PANEL_TYPE, REFRESH_INTERVAL, REPEAT_VARIABLE, SORT_ORDER, TITLE, XAXIS_MODE, YAXIS_LABEL, YAXIS_MAX, YAXIS_MIN, YAXIS_UNIT, PAGE_ROW_ID) VALUES (27, CURRENT_TIMESTAMP(), CURRENT_TIMESTAMP(), '','full-head-card-panel-in-table',1,'Y','METRIC_TABLE',60000,NULL,16,'Process ','','','','','',9);
INSERT INTO page_row_panel (PANEL_ID, CREATE_TIME, UPDATE_TIME, CHART_TYPE, FRAGMENT_NAME, LEGEND_VISIBLE, MAIN_YN, PANEL_TYPE, REFRESH_INTERVAL, REPEAT_VARIABLE, SORT_ORDER, TITLE, XAXIS_MODE, YAXIS_LABEL, YAXIS_MAX, YAXIS_MIN, YAXIS_UNIT, PAGE_ROW_ID) VALUES (28, CURRENT_TIMESTAMP(), CURRENT_TIMESTAMP(), '','value-card-panel',1,'Y','BADGE',60000,NULL,1,'JVM','','','','','float',10);
INSERT INTO page_row_panel (PANEL_ID, CREATE_TIME, UPDATE_TIME, CHART_TYPE, FRAGMENT_NAME, LEGEND_VISIBLE, MAIN_YN, PANEL_TYPE, REFRESH_INTERVAL, REPEAT_VARIABLE, SORT_ORDER, TITLE, XAXIS_MODE, YAXIS_LABEL, YAXIS_MAX, YAXIS_MIN, YAXIS_UNIT, PAGE_ROW_ID) VALUES (29, CURRENT_TIMESTAMP(), CURRENT_TIMESTAMP(), 'solidgauge','headless-card-panel',1,'Y','CHART',60000,NULL,2,'Avg. CPU','','','100','0','%',10);
INSERT INTO page_row_panel (PANEL_ID, CREATE_TIME, UPDATE_TIME, CHART_TYPE, FRAGMENT_NAME, LEGEND_VISIBLE, MAIN_YN, PANEL_TYPE, REFRESH_INTERVAL, REPEAT_VARIABLE, SORT_ORDER, TITLE, XAXIS_MODE, YAXIS_LABEL, YAXIS_MAX, YAXIS_MIN, YAXIS_UNIT, PAGE_ROW_ID) VALUES (30, CURRENT_TIMESTAMP(), CURRENT_TIMESTAMP(), 'solidgauge','headless-card-panel',1,'Y','CHART',60000,NULL,3,'Heap Memory','','','100','0','%',10);
INSERT INTO page_row_panel (PANEL_ID, CREATE_TIME, UPDATE_TIME, CHART_TYPE, FRAGMENT_NAME, LEGEND_VISIBLE, MAIN_YN, PANEL_TYPE, REFRESH_INTERVAL, REPEAT_VARIABLE, SORT_ORDER, TITLE, XAXIS_MODE, YAXIS_LABEL, YAXIS_MAX, YAXIS_MIN, YAXIS_UNIT, PAGE_ROW_ID) VALUES (31, CURRENT_TIMESTAMP(), CURRENT_TIMESTAMP(), '','value-card-panel',1,'Y','BADGE',60000,NULL,4,'Active Threads','','','','','float',10);
INSERT INTO page_row_panel (PANEL_ID, CREATE_TIME, UPDATE_TIME, CHART_TYPE, FRAGMENT_NAME, LEGEND_VISIBLE, MAIN_YN, PANEL_TYPE, REFRESH_INTERVAL, REPEAT_VARIABLE, SORT_ORDER, TITLE, XAXIS_MODE, YAXIS_LABEL, YAXIS_MAX, YAXIS_MIN, YAXIS_UNIT, PAGE_ROW_ID) VALUES (32, CURRENT_TIMESTAMP(), CURRENT_TIMESTAMP(), '','value-card-panel',1,'Y','BADGE',60000,NULL,5,'Avg. GC Time(ms.)','','','','','ms',10);
INSERT INTO page_row_panel (PANEL_ID, CREATE_TIME, UPDATE_TIME, CHART_TYPE, FRAGMENT_NAME, LEGEND_VISIBLE, MAIN_YN, PANEL_TYPE, REFRESH_INTERVAL, REPEAT_VARIABLE, SORT_ORDER, TITLE, XAXIS_MODE, YAXIS_LABEL, YAXIS_MAX, YAXIS_MIN, YAXIS_UNIT, PAGE_ROW_ID) VALUES (33, CURRENT_TIMESTAMP(), CURRENT_TIMESTAMP(), 'area','head-card-panel',1,'Y','CHART',60000,NULL,6,'Heap Used [Memory bytes]','datetime','','auto','0','bytes',11);
INSERT INTO page_row_panel (PANEL_ID, CREATE_TIME, UPDATE_TIME, CHART_TYPE, FRAGMENT_NAME, LEGEND_VISIBLE, MAIN_YN, PANEL_TYPE, REFRESH_INTERVAL, REPEAT_VARIABLE, SORT_ORDER, TITLE, XAXIS_MODE, YAXIS_LABEL, YAXIS_MAX, YAXIS_MIN, YAXIS_UNIT, PAGE_ROW_ID) VALUES (34, CURRENT_TIMESTAMP(), CURRENT_TIMESTAMP(), 'area','head-card-panel',1,'Y','CHART',60000,NULL,7,'Non Heap Usage [Memory bytes]','datetime','','auto','0','bytes',11);
INSERT INTO page_row_panel (PANEL_ID, CREATE_TIME, UPDATE_TIME, CHART_TYPE, FRAGMENT_NAME, LEGEND_VISIBLE, MAIN_YN, PANEL_TYPE, REFRESH_INTERVAL, REPEAT_VARIABLE, SORT_ORDER, TITLE, XAXIS_MODE, YAXIS_LABEL, YAXIS_MAX, YAXIS_MIN, YAXIS_UNIT, PAGE_ROW_ID) VALUES (35, CURRENT_TIMESTAMP(), CURRENT_TIMESTAMP(), 'area','head-card-panel',1,'Y','CHART',60000,NULL,8,'PS Eden [Memory bytes]','datetime','','auto','0','bytes',11);
INSERT INTO page_row_panel (PANEL_ID, CREATE_TIME, UPDATE_TIME, CHART_TYPE, FRAGMENT_NAME, LEGEND_VISIBLE, MAIN_YN, PANEL_TYPE, REFRESH_INTERVAL, REPEAT_VARIABLE, SORT_ORDER, TITLE, XAXIS_MODE, YAXIS_LABEL, YAXIS_MAX, YAXIS_MIN, YAXIS_UNIT, PAGE_ROW_ID) VALUES (36, CURRENT_TIMESTAMP(), CURRENT_TIMESTAMP(), 'area','head-card-panel',1,'Y','CHART',60000,NULL,9,'PS Old Gen [Memory bytes]','datetime','','auto','0','bytes',11);
INSERT INTO page_row_panel (PANEL_ID, CREATE_TIME, UPDATE_TIME, CHART_TYPE, FRAGMENT_NAME, LEGEND_VISIBLE, MAIN_YN, PANEL_TYPE, REFRESH_INTERVAL, REPEAT_VARIABLE, SORT_ORDER, TITLE, XAXIS_MODE, YAXIS_LABEL, YAXIS_MAX, YAXIS_MIN, YAXIS_UNIT, PAGE_ROW_ID) VALUES (37, CURRENT_TIMESTAMP(), CURRENT_TIMESTAMP(), 'area','head-card-panel',1,'Y','CHART',60000,NULL,10,'Thread used','datetime','','auto','0','float',11);
INSERT INTO page_row_panel (PANEL_ID, CREATE_TIME, UPDATE_TIME, CHART_TYPE, FRAGMENT_NAME, LEGEND_VISIBLE, MAIN_YN, PANEL_TYPE, REFRESH_INTERVAL, REPEAT_VARIABLE, SORT_ORDER, TITLE, XAXIS_MODE, YAXIS_LABEL, YAXIS_MAX, YAXIS_MIN, YAXIS_UNIT, PAGE_ROW_ID) VALUES (38, CURRENT_TIMESTAMP(), CURRENT_TIMESTAMP(), 'area','head-card-panel',1,'Y','CHART',60000,NULL,11,'GC Count','datetime','','auto','0','float',11);
INSERT INTO page_row_panel (PANEL_ID, CREATE_TIME, UPDATE_TIME, CHART_TYPE, FRAGMENT_NAME, LEGEND_VISIBLE, MAIN_YN, PANEL_TYPE, REFRESH_INTERVAL, REPEAT_VARIABLE, SORT_ORDER, TITLE, XAXIS_MODE, YAXIS_LABEL, YAXIS_MAX, YAXIS_MIN, YAXIS_UNIT, PAGE_ROW_ID) VALUES (39, CURRENT_TIMESTAMP(), CURRENT_TIMESTAMP(), 'area','head-card-panel',1,'Y','CHART',60000,NULL,12,'GC Time / 5 min.rate','datetime','','auto','0','sec',11);
INSERT INTO page_row_panel (PANEL_ID, CREATE_TIME, UPDATE_TIME, CHART_TYPE, FRAGMENT_NAME, LEGEND_VISIBLE, MAIN_YN, PANEL_TYPE, REFRESH_INTERVAL, REPEAT_VARIABLE, SORT_ORDER, TITLE, XAXIS_MODE, YAXIS_LABEL, YAXIS_MAX, YAXIS_MIN, YAXIS_UNIT, PAGE_ROW_ID) VALUES (40, CURRENT_TIMESTAMP(), CURRENT_TIMESTAMP(), 'area','head-card-panel',1,'Y','CHART',60000,NULL,13,'Class loading','datetime','','auto','0','float',11);
INSERT INTO page_row_panel (PANEL_ID, CREATE_TIME, UPDATE_TIME, CHART_TYPE, FRAGMENT_NAME, LEGEND_VISIBLE, MAIN_YN, PANEL_TYPE, REFRESH_INTERVAL, REPEAT_VARIABLE, SORT_ORDER, TITLE, XAXIS_MODE, YAXIS_LABEL, YAXIS_MAX, YAXIS_MIN, YAXIS_UNIT, PAGE_ROW_ID) VALUES (41, CURRENT_TIMESTAMP(), CURRENT_TIMESTAMP(), 'age','col-3-value-card-panel',1,'Y','BADGE',60000,NULL,1,'Uptime','','','','','',13);
INSERT INTO page_row_panel (PANEL_ID, CREATE_TIME, UPDATE_TIME, CHART_TYPE, FRAGMENT_NAME, LEGEND_VISIBLE, MAIN_YN, PANEL_TYPE, REFRESH_INTERVAL, REPEAT_VARIABLE, SORT_ORDER, TITLE, XAXIS_MODE, YAXIS_LABEL, YAXIS_MAX, YAXIS_MIN, YAXIS_UNIT, PAGE_ROW_ID) VALUES (42, CURRENT_TIMESTAMP(), CURRENT_TIMESTAMP(), 'date','col-3-value-card-panel',1,'Y','BADGE',60000,NULL,2,'Start time','','','','','time',13);
INSERT INTO page_row_panel (PANEL_ID, CREATE_TIME, UPDATE_TIME, CHART_TYPE, FRAGMENT_NAME, LEGEND_VISIBLE, MAIN_YN, PANEL_TYPE, REFRESH_INTERVAL, REPEAT_VARIABLE, SORT_ORDER, TITLE, XAXIS_MODE, YAXIS_LABEL, YAXIS_MAX, YAXIS_MIN, YAXIS_UNIT, PAGE_ROW_ID) VALUES (43, CURRENT_TIMESTAMP(), CURRENT_TIMESTAMP(), 'sparkline','col-3-headless-card-panel',1,'Y','CHART',60000,NULL,3,'Heap used','','','auto','0','%',13);
INSERT INTO page_row_panel (PANEL_ID, CREATE_TIME, UPDATE_TIME, CHART_TYPE, FRAGMENT_NAME, LEGEND_VISIBLE, MAIN_YN, PANEL_TYPE, REFRESH_INTERVAL, REPEAT_VARIABLE, SORT_ORDER, TITLE, XAXIS_MODE, YAXIS_LABEL, YAXIS_MAX, YAXIS_MIN, YAXIS_UNIT, PAGE_ROW_ID) VALUES (44, CURRENT_TIMESTAMP(), CURRENT_TIMESTAMP(), '','col-3-value-card-panel',1,'Y','Boxversion',60000,NULL,4,'JVM version','','','','','text',13);
INSERT INTO page_row_panel (PANEL_ID, CREATE_TIME, UPDATE_TIME, CHART_TYPE, FRAGMENT_NAME, LEGEND_VISIBLE, MAIN_YN, PANEL_TYPE, REFRESH_INTERVAL, REPEAT_VARIABLE, SORT_ORDER, TITLE, XAXIS_MODE, YAXIS_LABEL, YAXIS_MAX, YAXIS_MIN, YAXIS_UNIT, PAGE_ROW_ID) VALUES (45, CURRENT_TIMESTAMP(), CURRENT_TIMESTAMP(), 'area','col-6-head-card-panel',1,'Y','CHART',60000,NULL,5,'JVM CPU Usage [%]','datetime','float','auto','0','%',14);
INSERT INTO page_row_panel (PANEL_ID, CREATE_TIME, UPDATE_TIME, CHART_TYPE, FRAGMENT_NAME, LEGEND_VISIBLE, MAIN_YN, PANEL_TYPE, REFRESH_INTERVAL, REPEAT_VARIABLE, SORT_ORDER, TITLE, XAXIS_MODE, YAXIS_LABEL, YAXIS_MAX, YAXIS_MIN, YAXIS_UNIT, PAGE_ROW_ID) VALUES (46, CURRENT_TIMESTAMP(), CURRENT_TIMESTAMP(), 'area','col-6-head-card-panel',1,'Y','CHART',60000,NULL,6,'Request (count)','datetime','counter','auto','0','float',14);
INSERT INTO page_row_panel (PANEL_ID, CREATE_TIME, UPDATE_TIME, CHART_TYPE, FRAGMENT_NAME, LEGEND_VISIBLE, MAIN_YN, PANEL_TYPE, REFRESH_INTERVAL, REPEAT_VARIABLE, SORT_ORDER, TITLE, XAXIS_MODE, YAXIS_LABEL, YAXIS_MAX, YAXIS_MIN, YAXIS_UNIT, PAGE_ROW_ID) VALUES (47, CURRENT_TIMESTAMP(), CURRENT_TIMESTAMP(), 'area','head-card-panel',1,'Y','CHART',60000,NULL,7,'Heap Used [Memory bytes]','datetime','','auto','0','bytes',14);
INSERT INTO page_row_panel (PANEL_ID, CREATE_TIME, UPDATE_TIME, CHART_TYPE, FRAGMENT_NAME, LEGEND_VISIBLE, MAIN_YN, PANEL_TYPE, REFRESH_INTERVAL, REPEAT_VARIABLE, SORT_ORDER, TITLE, XAXIS_MODE, YAXIS_LABEL, YAXIS_MAX, YAXIS_MIN, YAXIS_UNIT, PAGE_ROW_ID) VALUES (48, CURRENT_TIMESTAMP(), CURRENT_TIMESTAMP(), 'area','head-card-panel',1,'Y','CHART',60000,NULL,8,'Non Heap Usage [Memory bytes]','datetime','','auto','0','bytes',14);
INSERT INTO page_row_panel (PANEL_ID, CREATE_TIME, UPDATE_TIME, CHART_TYPE, FRAGMENT_NAME, LEGEND_VISIBLE, MAIN_YN, PANEL_TYPE, REFRESH_INTERVAL, REPEAT_VARIABLE, SORT_ORDER, TITLE, XAXIS_MODE, YAXIS_LABEL, YAXIS_MAX, YAXIS_MIN, YAXIS_UNIT, PAGE_ROW_ID) VALUES (49, CURRENT_TIMESTAMP(), CURRENT_TIMESTAMP(), 'area','head-card-panel',1,'Y','CHART',60000,NULL,9,'PS Eden [Memory bytes]','datetime','','auto','0','bytes',14);
INSERT INTO page_row_panel (PANEL_ID, CREATE_TIME, UPDATE_TIME, CHART_TYPE, FRAGMENT_NAME, LEGEND_VISIBLE, MAIN_YN, PANEL_TYPE, REFRESH_INTERVAL, REPEAT_VARIABLE, SORT_ORDER, TITLE, XAXIS_MODE, YAXIS_LABEL, YAXIS_MAX, YAXIS_MIN, YAXIS_UNIT, PAGE_ROW_ID) VALUES (50, CURRENT_TIMESTAMP(), CURRENT_TIMESTAMP(), 'area','head-card-panel',1,'Y','CHART',60000,NULL,10,'PS Old Gen [Memory bytes]','datetime','','auto','0','bytes',14);
INSERT INTO page_row_panel (PANEL_ID, CREATE_TIME, UPDATE_TIME, CHART_TYPE, FRAGMENT_NAME, LEGEND_VISIBLE, MAIN_YN, PANEL_TYPE, REFRESH_INTERVAL, REPEAT_VARIABLE, SORT_ORDER, TITLE, XAXIS_MODE, YAXIS_LABEL, YAXIS_MAX, YAXIS_MIN, YAXIS_UNIT, PAGE_ROW_ID) VALUES (51, CURRENT_TIMESTAMP(), CURRENT_TIMESTAMP(), 'area','col-6-head-card-panel',1,'Y','CHART',60000,NULL,11,'Thread used','datetime','','auto','0','float',14);
INSERT INTO page_row_panel (PANEL_ID, CREATE_TIME, UPDATE_TIME, CHART_TYPE, FRAGMENT_NAME, LEGEND_VISIBLE, MAIN_YN, PANEL_TYPE, REFRESH_INTERVAL, REPEAT_VARIABLE, SORT_ORDER, TITLE, XAXIS_MODE, YAXIS_LABEL, YAXIS_MAX, YAXIS_MIN, YAXIS_UNIT, PAGE_ROW_ID) VALUES (52, CURRENT_TIMESTAMP(), CURRENT_TIMESTAMP(), 'area','col-6-head-card-panel',1,'Y','CHART',60000,NULL,12,'Class loading','datetime','','auto','0','float',14);
INSERT INTO page_row_panel (PANEL_ID, CREATE_TIME, UPDATE_TIME, CHART_TYPE, FRAGMENT_NAME, LEGEND_VISIBLE, MAIN_YN, PANEL_TYPE, REFRESH_INTERVAL, REPEAT_VARIABLE, SORT_ORDER, TITLE, XAXIS_MODE, YAXIS_LABEL, YAXIS_MAX, YAXIS_MIN, YAXIS_UNIT, PAGE_ROW_ID) VALUES (53, CURRENT_TIMESTAMP(), CURRENT_TIMESTAMP(), 'area','col-6-head-card-panel',1,'Y','CHART',60000,NULL,13,'GC Count','datetime','','auto','0','sec',14);
INSERT INTO page_row_panel (PANEL_ID, CREATE_TIME, UPDATE_TIME, CHART_TYPE, FRAGMENT_NAME, LEGEND_VISIBLE, MAIN_YN, PANEL_TYPE, REFRESH_INTERVAL, REPEAT_VARIABLE, SORT_ORDER, TITLE, XAXIS_MODE, YAXIS_LABEL, YAXIS_MAX, YAXIS_MIN, YAXIS_UNIT, PAGE_ROW_ID) VALUES (54, CURRENT_TIMESTAMP(), CURRENT_TIMESTAMP(), 'area','col-6-head-card-panel',1,'Y','CHART',60000,NULL,14,'GC Time / 5 min.rate','datetime','','auto','0','float',14);
INSERT INTO page_row_panel (PANEL_ID, CREATE_TIME, UPDATE_TIME, CHART_TYPE, FRAGMENT_NAME, LEGEND_VISIBLE, MAIN_YN, PANEL_TYPE, REFRESH_INTERVAL, REPEAT_VARIABLE, SORT_ORDER, TITLE, XAXIS_MODE, YAXIS_LABEL, YAXIS_MAX, YAXIS_MIN, YAXIS_UNIT, PAGE_ROW_ID) VALUES (55, CURRENT_TIMESTAMP(), CURRENT_TIMESTAMP(), 'sparkline','head-card-db-dummy',1,'Y','CHART',60000,NULL,1,'DB Node','','','','','float',15);
INSERT INTO page_row_panel (PANEL_ID, CREATE_TIME, UPDATE_TIME, CHART_TYPE, FRAGMENT_NAME, LEGEND_VISIBLE, MAIN_YN, PANEL_TYPE, REFRESH_INTERVAL, REPEAT_VARIABLE, SORT_ORDER, TITLE, XAXIS_MODE, YAXIS_LABEL, YAXIS_MAX, YAXIS_MIN, YAXIS_UNIT, PAGE_ROW_ID) VALUES (56, CURRENT_TIMESTAMP(), CURRENT_TIMESTAMP(), '','head-card-db-panel',1,'N','UPDOWN',60000,NULL,2,'Available Node','','','','','float',15);
INSERT INTO page_row_panel (PANEL_ID, CREATE_TIME, UPDATE_TIME, CHART_TYPE, FRAGMENT_NAME, LEGEND_VISIBLE, MAIN_YN, PANEL_TYPE, REFRESH_INTERVAL, REPEAT_VARIABLE, SORT_ORDER, TITLE, XAXIS_MODE, YAXIS_LABEL, YAXIS_MAX, YAXIS_MIN, YAXIS_UNIT, PAGE_ROW_ID) VALUES (57, CURRENT_TIMESTAMP(), CURRENT_TIMESTAMP(), 'sparkline','head-card-db-panel',1,'N','CHART',60000,NULL,3,'CPU','datetime','','100','0','%',15);
INSERT INTO page_row_panel (PANEL_ID, CREATE_TIME, UPDATE_TIME, CHART_TYPE, FRAGMENT_NAME, LEGEND_VISIBLE, MAIN_YN, PANEL_TYPE, REFRESH_INTERVAL, REPEAT_VARIABLE, SORT_ORDER, TITLE, XAXIS_MODE, YAXIS_LABEL, YAXIS_MAX, YAXIS_MIN, YAXIS_UNIT, PAGE_ROW_ID) VALUES (58, CURRENT_TIMESTAMP(), CURRENT_TIMESTAMP(), 'sparkline','head-card-db-panel',1,'N','CHART',60000,NULL,4,'Memory','datetime','','100','0','%',15);
INSERT INTO page_row_panel (PANEL_ID, CREATE_TIME, UPDATE_TIME, CHART_TYPE, FRAGMENT_NAME, LEGEND_VISIBLE, MAIN_YN, PANEL_TYPE, REFRESH_INTERVAL, REPEAT_VARIABLE, SORT_ORDER, TITLE, XAXIS_MODE, YAXIS_LABEL, YAXIS_MAX, YAXIS_MIN, YAXIS_UNIT, PAGE_ROW_ID) VALUES (59, CURRENT_TIMESTAMP(), CURRENT_TIMESTAMP(), '','head-card-db-panel',1,'N','UPDOWN',60000,NULL,5,'Available Node','','','','','float',15);
INSERT INTO page_row_panel (PANEL_ID, CREATE_TIME, UPDATE_TIME, CHART_TYPE, FRAGMENT_NAME, LEGEND_VISIBLE, MAIN_YN, PANEL_TYPE, REFRESH_INTERVAL, REPEAT_VARIABLE, SORT_ORDER, TITLE, XAXIS_MODE, YAXIS_LABEL, YAXIS_MAX, YAXIS_MIN, YAXIS_UNIT, PAGE_ROW_ID) VALUES (60, CURRENT_TIMESTAMP(), CURRENT_TIMESTAMP(), 'sparkline','head-card-db-panel',1,'N','CHART',60000,NULL,6,'CPU','datetime','','100','0','%',15);
INSERT INTO page_row_panel (PANEL_ID, CREATE_TIME, UPDATE_TIME, CHART_TYPE, FRAGMENT_NAME, LEGEND_VISIBLE, MAIN_YN, PANEL_TYPE, REFRESH_INTERVAL, REPEAT_VARIABLE, SORT_ORDER, TITLE, XAXIS_MODE, YAXIS_LABEL, YAXIS_MAX, YAXIS_MIN, YAXIS_UNIT, PAGE_ROW_ID) VALUES (61, CURRENT_TIMESTAMP(), CURRENT_TIMESTAMP(), 'sparkline','head-card-db-panel',1,'N','CHART',60000,NULL,7,'Memory','datetime','','100','0','%',15);
INSERT INTO page_row_panel (PANEL_ID, CREATE_TIME, UPDATE_TIME, CHART_TYPE, FRAGMENT_NAME, LEGEND_VISIBLE, MAIN_YN, PANEL_TYPE, REFRESH_INTERVAL, REPEAT_VARIABLE, SORT_ORDER, TITLE, XAXIS_MODE, YAXIS_LABEL, YAXIS_MAX, YAXIS_MIN, YAXIS_UNIT, PAGE_ROW_ID) VALUES (62, CURRENT_TIMESTAMP(), CURRENT_TIMESTAMP(), '','head-card-db-panel',1,'N','UPDOWN',60000,NULL,8,'Available Node','','','','','float',15);
INSERT INTO page_row_panel (PANEL_ID, CREATE_TIME, UPDATE_TIME, CHART_TYPE, FRAGMENT_NAME, LEGEND_VISIBLE, MAIN_YN, PANEL_TYPE, REFRESH_INTERVAL, REPEAT_VARIABLE, SORT_ORDER, TITLE, XAXIS_MODE, YAXIS_LABEL, YAXIS_MAX, YAXIS_MIN, YAXIS_UNIT, PAGE_ROW_ID) VALUES (63, CURRENT_TIMESTAMP(), CURRENT_TIMESTAMP(), 'sparkline','head-card-db-panel',1,'N','CHART',60000,NULL,9,'CPU','datetime','','100','0','%',15);
INSERT INTO page_row_panel (PANEL_ID, CREATE_TIME, UPDATE_TIME, CHART_TYPE, FRAGMENT_NAME, LEGEND_VISIBLE, MAIN_YN, PANEL_TYPE, REFRESH_INTERVAL, REPEAT_VARIABLE, SORT_ORDER, TITLE, XAXIS_MODE, YAXIS_LABEL, YAXIS_MAX, YAXIS_MIN, YAXIS_UNIT, PAGE_ROW_ID) VALUES (64, CURRENT_TIMESTAMP(), CURRENT_TIMESTAMP(), 'sparkline','head-card-db-panel',1,'N','CHART',60000,NULL,10,'Memory','datetime','','100','0','%',15);
INSERT INTO page_row_panel (PANEL_ID, CREATE_TIME, UPDATE_TIME, CHART_TYPE, FRAGMENT_NAME, LEGEND_VISIBLE, MAIN_YN, PANEL_TYPE, REFRESH_INTERVAL, REPEAT_VARIABLE, SORT_ORDER, TITLE, XAXIS_MODE, YAXIS_LABEL, YAXIS_MAX, YAXIS_MIN, YAXIS_UNIT, PAGE_ROW_ID) VALUES (65, CURRENT_TIMESTAMP(), CURRENT_TIMESTAMP(), 'sparkline','headless-card-panel',1,'Y','CHART',60000,NULL,3,'Parallel query','datetime','','auto','0','float',16);
INSERT INTO page_row_panel (PANEL_ID, CREATE_TIME, UPDATE_TIME, CHART_TYPE, FRAGMENT_NAME, LEGEND_VISIBLE, MAIN_YN, PANEL_TYPE, REFRESH_INTERVAL, REPEAT_VARIABLE, SORT_ORDER, TITLE, XAXIS_MODE, YAXIS_LABEL, YAXIS_MAX, YAXIS_MIN, YAXIS_UNIT, PAGE_ROW_ID) VALUES (66, CURRENT_TIMESTAMP(), CURRENT_TIMESTAMP(), 'sparkline','headless-card-panel',1,'Y','CHART',60000,NULL,4,'Number of commit (1m)','datetime','','auto','0','float',16);
INSERT INTO page_row_panel (PANEL_ID, CREATE_TIME, UPDATE_TIME, CHART_TYPE, FRAGMENT_NAME, LEGEND_VISIBLE, MAIN_YN, PANEL_TYPE, REFRESH_INTERVAL, REPEAT_VARIABLE, SORT_ORDER, TITLE, XAXIS_MODE, YAXIS_LABEL, YAXIS_MAX, YAXIS_MIN, YAXIS_UNIT, PAGE_ROW_ID) VALUES (67, CURRENT_TIMESTAMP(), CURRENT_TIMESTAMP(), 'sparkline','headless-card-panel',1,'Y','CHART',60000,NULL,1,'Active session','datetime','','auto','0','float',16);
INSERT INTO page_row_panel (PANEL_ID, CREATE_TIME, UPDATE_TIME, CHART_TYPE, FRAGMENT_NAME, LEGEND_VISIBLE, MAIN_YN, PANEL_TYPE, REFRESH_INTERVAL, REPEAT_VARIABLE, SORT_ORDER, TITLE, XAXIS_MODE, YAXIS_LABEL, YAXIS_MAX, YAXIS_MIN, YAXIS_UNIT, PAGE_ROW_ID) VALUES (68, CURRENT_TIMESTAMP(), CURRENT_TIMESTAMP(), 'sparkline','headless-card-panel',1,'Y','CHART',60000,NULL,2,'Process count','datetime','','auto','0','float',16);
INSERT INTO page_row_panel (PANEL_ID, CREATE_TIME, UPDATE_TIME, CHART_TYPE, FRAGMENT_NAME, LEGEND_VISIBLE, MAIN_YN, PANEL_TYPE, REFRESH_INTERVAL, REPEAT_VARIABLE, SORT_ORDER, TITLE, XAXIS_MODE, YAXIS_LABEL, YAXIS_MAX, YAXIS_MIN, YAXIS_UNIT, PAGE_ROW_ID) VALUES (69, CURRENT_TIMESTAMP(), CURRENT_TIMESTAMP(), 'sparkline','headless-card-panel',1,'Y','CHART',60000,NULL,5,'User rollback (1m)','datetime','','auto','0','float',16);
INSERT INTO page_row_panel (PANEL_ID, CREATE_TIME, UPDATE_TIME, CHART_TYPE, FRAGMENT_NAME, LEGEND_VISIBLE, MAIN_YN, PANEL_TYPE, REFRESH_INTERVAL, REPEAT_VARIABLE, SORT_ORDER, TITLE, XAXIS_MODE, YAXIS_LABEL, YAXIS_MAX, YAXIS_MIN, YAXIS_UNIT, PAGE_ROW_ID) VALUES (70, CURRENT_TIMESTAMP(), CURRENT_TIMESTAMP(), 'area','head-card-panel',1,'Y','CHART',60000,NULL,7,'Concurrent wait time','datetime','','auto','0','sec',16);
INSERT INTO page_row_panel (PANEL_ID, CREATE_TIME, UPDATE_TIME, CHART_TYPE, FRAGMENT_NAME, LEGEND_VISIBLE, MAIN_YN, PANEL_TYPE, REFRESH_INTERVAL, REPEAT_VARIABLE, SORT_ORDER, TITLE, XAXIS_MODE, YAXIS_LABEL, YAXIS_MAX, YAXIS_MIN, YAXIS_UNIT, PAGE_ROW_ID) VALUES (71, CURRENT_TIMESTAMP(), CURRENT_TIMESTAMP(), 'area','head-card-panel',1,'Y','CHART',60000,NULL,8,'Commit wait time','datetime','','auto','0','sec',16);
INSERT INTO page_row_panel (PANEL_ID, CREATE_TIME, UPDATE_TIME, CHART_TYPE, FRAGMENT_NAME, LEGEND_VISIBLE, MAIN_YN, PANEL_TYPE, REFRESH_INTERVAL, REPEAT_VARIABLE, SORT_ORDER, TITLE, XAXIS_MODE, YAXIS_LABEL, YAXIS_MAX, YAXIS_MIN, YAXIS_UNIT, PAGE_ROW_ID) VALUES (72, CURRENT_TIMESTAMP(), CURRENT_TIMESTAMP(), 'area','head-card-panel',1,'Y','CHART',60000,NULL,9,'Application waiting','datetime','','auto','0','sec',16);
INSERT INTO page_row_panel (PANEL_ID, CREATE_TIME, UPDATE_TIME, CHART_TYPE, FRAGMENT_NAME, LEGEND_VISIBLE, MAIN_YN, PANEL_TYPE, REFRESH_INTERVAL, REPEAT_VARIABLE, SORT_ORDER, TITLE, XAXIS_MODE, YAXIS_LABEL, YAXIS_MAX, YAXIS_MIN, YAXIS_UNIT, PAGE_ROW_ID) VALUES (73, CURRENT_TIMESTAMP(), CURRENT_TIMESTAMP(), 'area','head-card-panel',1,'Y','CHART',60000,NULL,10,'Network waiting','datetime','','auto','0','sec',16);
INSERT INTO page_row_panel (PANEL_ID, CREATE_TIME, UPDATE_TIME, CHART_TYPE, FRAGMENT_NAME, LEGEND_VISIBLE, MAIN_YN, PANEL_TYPE, REFRESH_INTERVAL, REPEAT_VARIABLE, SORT_ORDER, TITLE, XAXIS_MODE, YAXIS_LABEL, YAXIS_MAX, YAXIS_MIN, YAXIS_UNIT, PAGE_ROW_ID) VALUES (74, CURRENT_TIMESTAMP(), CURRENT_TIMESTAMP(), 'area','head-card-panel',1,'Y','CHART',60000,NULL,11,'System I/O wait','datetime','','auto','0','sec',16);
INSERT INTO page_row_panel (PANEL_ID, CREATE_TIME, UPDATE_TIME, CHART_TYPE, FRAGMENT_NAME, LEGEND_VISIBLE, MAIN_YN, PANEL_TYPE, REFRESH_INTERVAL, REPEAT_VARIABLE, SORT_ORDER, TITLE, XAXIS_MODE, YAXIS_LABEL, YAXIS_MAX, YAXIS_MIN, YAXIS_UNIT, PAGE_ROW_ID) VALUES (75, CURRENT_TIMESTAMP(), CURRENT_TIMESTAMP(), 'area','head-card-panel',1,'Y','CHART',60000,NULL,12,'User I/O wait','datetime','','auto','0','sec',16);
INSERT INTO page_row_panel (PANEL_ID, CREATE_TIME, UPDATE_TIME, CHART_TYPE, FRAGMENT_NAME, LEGEND_VISIBLE, MAIN_YN, PANEL_TYPE, REFRESH_INTERVAL, REPEAT_VARIABLE, SORT_ORDER, TITLE, XAXIS_MODE, YAXIS_LABEL, YAXIS_MAX, YAXIS_MIN, YAXIS_UNIT, PAGE_ROW_ID) VALUES (76, CURRENT_TIMESTAMP(), CURRENT_TIMESTAMP(), 'area','head-card-panel',1,'Y','CHART',60000,NULL,13,'Configuring wait','datetime','','auto','0','sec',16);
INSERT INTO page_row_panel (PANEL_ID, CREATE_TIME, UPDATE_TIME, CHART_TYPE, FRAGMENT_NAME, LEGEND_VISIBLE, MAIN_YN, PANEL_TYPE, REFRESH_INTERVAL, REPEAT_VARIABLE, SORT_ORDER, TITLE, XAXIS_MODE, YAXIS_LABEL, YAXIS_MAX, YAXIS_MIN, YAXIS_UNIT, PAGE_ROW_ID) VALUES (77, CURRENT_TIMESTAMP(), CURRENT_TIMESTAMP(), 'area','head-card-panel',1,'Y','CHART',60000,NULL,14,'Scheduler wait','datetime','','auto','0','sec',16);
INSERT INTO page_row_panel (PANEL_ID, CREATE_TIME, UPDATE_TIME, CHART_TYPE, FRAGMENT_NAME, LEGEND_VISIBLE, MAIN_YN, PANEL_TYPE, REFRESH_INTERVAL, REPEAT_VARIABLE, SORT_ORDER, TITLE, XAXIS_MODE, YAXIS_LABEL, YAXIS_MAX, YAXIS_MIN, YAXIS_UNIT, PAGE_ROW_ID) VALUES (78, CURRENT_TIMESTAMP(), CURRENT_TIMESTAMP(), 'area','head-card-panel',1,'Y','CHART',60000,NULL,15,'Resource utilization','datetime','','auto','0','',16);
INSERT INTO page_row_panel (PANEL_ID, CREATE_TIME, UPDATE_TIME, CHART_TYPE, FRAGMENT_NAME, LEGEND_VISIBLE, MAIN_YN, PANEL_TYPE, REFRESH_INTERVAL, REPEAT_VARIABLE, SORT_ORDER, TITLE, XAXIS_MODE, YAXIS_LABEL, YAXIS_MAX, YAXIS_MIN, YAXIS_UNIT, PAGE_ROW_ID) VALUES (79, CURRENT_TIMESTAMP(), CURRENT_TIMESTAMP(), '','col-6-head-card-panel-in-table',1,'Y','METRIC_TABLE',60000,NULL,16,'Table spaces','','','','','',16);
INSERT INTO page_row_panel (PANEL_ID, CREATE_TIME, UPDATE_TIME, CHART_TYPE, FRAGMENT_NAME, LEGEND_VISIBLE, MAIN_YN, PANEL_TYPE, REFRESH_INTERVAL, REPEAT_VARIABLE, SORT_ORDER, TITLE, XAXIS_MODE, YAXIS_LABEL, YAXIS_MAX, YAXIS_MIN, YAXIS_UNIT, PAGE_ROW_ID) VALUES (80, CURRENT_TIMESTAMP(), CURRENT_TIMESTAMP(), 'sparkline','headless-card-panel',1,'Y','CHART',60000,NULL,1,'CPU','','','','','%',18);
INSERT INTO page_row_panel (PANEL_ID, CREATE_TIME, UPDATE_TIME, CHART_TYPE, FRAGMENT_NAME, LEGEND_VISIBLE, MAIN_YN, PANEL_TYPE, REFRESH_INTERVAL, REPEAT_VARIABLE, SORT_ORDER, TITLE, XAXIS_MODE, YAXIS_LABEL, YAXIS_MAX, YAXIS_MIN, YAXIS_UNIT, PAGE_ROW_ID) VALUES (81, CURRENT_TIMESTAMP(), CURRENT_TIMESTAMP(), 'sparkline','headless-card-panel',1,'Y','CHART',60000,NULL,2,'Memory','','','','','%',18);
INSERT INTO page_row_panel (PANEL_ID, CREATE_TIME, UPDATE_TIME, CHART_TYPE, FRAGMENT_NAME, LEGEND_VISIBLE, MAIN_YN, PANEL_TYPE, REFRESH_INTERVAL, REPEAT_VARIABLE, SORT_ORDER, TITLE, XAXIS_MODE, YAXIS_LABEL, YAXIS_MAX, YAXIS_MIN, YAXIS_UNIT, PAGE_ROW_ID) VALUES (82, CURRENT_TIMESTAMP(), CURRENT_TIMESTAMP(), 'sparkline','headless-card-panel',1,'Y','CHART',60000,NULL,3,'Disk','','','','','%',18);
INSERT INTO page_row_panel (PANEL_ID, CREATE_TIME, UPDATE_TIME, CHART_TYPE, FRAGMENT_NAME, LEGEND_VISIBLE, MAIN_YN, PANEL_TYPE, REFRESH_INTERVAL, REPEAT_VARIABLE, SORT_ORDER, TITLE, XAXIS_MODE, YAXIS_LABEL, YAXIS_MAX, YAXIS_MIN, YAXIS_UNIT, PAGE_ROW_ID) VALUES (83, CURRENT_TIMESTAMP(), CURRENT_TIMESTAMP(), 'multiplegauge','col-3-headless-card-panel',1,'Y','CHART',60000,NULL,4,'CPU','','','','0','%',19);
INSERT INTO page_row_panel (PANEL_ID, CREATE_TIME, UPDATE_TIME, CHART_TYPE, FRAGMENT_NAME, LEGEND_VISIBLE, MAIN_YN, PANEL_TYPE, REFRESH_INTERVAL, REPEAT_VARIABLE, SORT_ORDER, TITLE, XAXIS_MODE, YAXIS_LABEL, YAXIS_MAX, YAXIS_MIN, YAXIS_UNIT, PAGE_ROW_ID) VALUES (84, CURRENT_TIMESTAMP(), CURRENT_TIMESTAMP(), 'multiplegauge','col-3-headless-card-panel',1,'Y','CHART',60000,NULL,5,'Memory','','','','0','%',19);
INSERT INTO page_row_panel (PANEL_ID, CREATE_TIME, UPDATE_TIME, CHART_TYPE, FRAGMENT_NAME, LEGEND_VISIBLE, MAIN_YN, PANEL_TYPE, REFRESH_INTERVAL, REPEAT_VARIABLE, SORT_ORDER, TITLE, XAXIS_MODE, YAXIS_LABEL, YAXIS_MAX, YAXIS_MIN, YAXIS_UNIT, PAGE_ROW_ID) VALUES (85, CURRENT_TIMESTAMP(), CURRENT_TIMESTAMP(), 'multiplegauge','col-3-headless-card-panel',1,'Y','CHART',60000,NULL,6,'Disk','','','','0','%',19);
INSERT INTO page_row_panel (PANEL_ID, CREATE_TIME, UPDATE_TIME, CHART_TYPE, FRAGMENT_NAME, LEGEND_VISIBLE, MAIN_YN, PANEL_TYPE, REFRESH_INTERVAL, REPEAT_VARIABLE, SORT_ORDER, TITLE, XAXIS_MODE, YAXIS_LABEL, YAXIS_MAX, YAXIS_MIN, YAXIS_UNIT, PAGE_ROW_ID) VALUES (86, CURRENT_TIMESTAMP(), CURRENT_TIMESTAMP(), 'multiplegauge','col-3-headless-card-panel',1,'Y','CHART',60000,NULL,7,'POD','','','','0','%',19);
INSERT INTO page_row_panel (PANEL_ID, CREATE_TIME, UPDATE_TIME, CHART_TYPE, FRAGMENT_NAME, LEGEND_VISIBLE, MAIN_YN, PANEL_TYPE, REFRESH_INTERVAL, REPEAT_VARIABLE, SORT_ORDER, TITLE, XAXIS_MODE, YAXIS_LABEL, YAXIS_MAX, YAXIS_MIN, YAXIS_UNIT, PAGE_ROW_ID) VALUES (87, CURRENT_TIMESTAMP(), CURRENT_TIMESTAMP(), '','col-4-value-card-panel',1,'Y','BADGE',60000,NULL,1,'CPU','','','','','vCPU',20);
INSERT INTO page_row_panel (PANEL_ID, CREATE_TIME, UPDATE_TIME, CHART_TYPE, FRAGMENT_NAME, LEGEND_VISIBLE, MAIN_YN, PANEL_TYPE, REFRESH_INTERVAL, REPEAT_VARIABLE, SORT_ORDER, TITLE, XAXIS_MODE, YAXIS_LABEL, YAXIS_MAX, YAXIS_MIN, YAXIS_UNIT, PAGE_ROW_ID) VALUES (88, CURRENT_TIMESTAMP(), CURRENT_TIMESTAMP(), '','col-4-value-card-panel',1,'Y','BADGE',60000,NULL,2,'Memory','','','','','bytes',20);
INSERT INTO page_row_panel (PANEL_ID, CREATE_TIME, UPDATE_TIME, CHART_TYPE, FRAGMENT_NAME, LEGEND_VISIBLE, MAIN_YN, PANEL_TYPE, REFRESH_INTERVAL, REPEAT_VARIABLE, SORT_ORDER, TITLE, XAXIS_MODE, YAXIS_LABEL, YAXIS_MAX, YAXIS_MIN, YAXIS_UNIT, PAGE_ROW_ID) VALUES (89, CURRENT_TIMESTAMP(), CURRENT_TIMESTAMP(), '','col-4-value-card-panel',1,'Y','BADGE',60000,NULL,3,'Disk','','','','','bytes',20);
INSERT INTO page_row_panel (PANEL_ID, CREATE_TIME, UPDATE_TIME, CHART_TYPE, FRAGMENT_NAME, LEGEND_VISIBLE, MAIN_YN, PANEL_TYPE, REFRESH_INTERVAL, REPEAT_VARIABLE, SORT_ORDER, TITLE, XAXIS_MODE, YAXIS_LABEL, YAXIS_MAX, YAXIS_MIN, YAXIS_UNIT, PAGE_ROW_ID) VALUES (90, CURRENT_TIMESTAMP(), CURRENT_TIMESTAMP(), 'multiplegauge','head-card-panel',1,'Y','CHART',60000,NULL,4,'Nodes','datetime','','50','-0.1','',21);
INSERT INTO page_row_panel (PANEL_ID, CREATE_TIME, UPDATE_TIME, CHART_TYPE, FRAGMENT_NAME, LEGEND_VISIBLE, MAIN_YN, PANEL_TYPE, REFRESH_INTERVAL, REPEAT_VARIABLE, SORT_ORDER, TITLE, XAXIS_MODE, YAXIS_LABEL, YAXIS_MAX, YAXIS_MIN, YAXIS_UNIT, PAGE_ROW_ID) VALUES (91, CURRENT_TIMESTAMP(), CURRENT_TIMESTAMP(), 'area','head-card-panel',1,'Y','CHART',60000,NULL,5,'CPU','datetime','','','','',21);
INSERT INTO page_row_panel (PANEL_ID, CREATE_TIME, UPDATE_TIME, CHART_TYPE, FRAGMENT_NAME, LEGEND_VISIBLE, MAIN_YN, PANEL_TYPE, REFRESH_INTERVAL, REPEAT_VARIABLE, SORT_ORDER, TITLE, XAXIS_MODE, YAXIS_LABEL, YAXIS_MAX, YAXIS_MIN, YAXIS_UNIT, PAGE_ROW_ID) VALUES (92, CURRENT_TIMESTAMP(), CURRENT_TIMESTAMP(), 'area','head-card-panel',1,'Y','CHART',60000,NULL,6,'Memory','datetime','','','','bytes',21);
INSERT INTO page_row_panel (PANEL_ID, CREATE_TIME, UPDATE_TIME, CHART_TYPE, FRAGMENT_NAME, LEGEND_VISIBLE, MAIN_YN, PANEL_TYPE, REFRESH_INTERVAL, REPEAT_VARIABLE, SORT_ORDER, TITLE, XAXIS_MODE, YAXIS_LABEL, YAXIS_MAX, YAXIS_MIN, YAXIS_UNIT, PAGE_ROW_ID) VALUES (93, CURRENT_TIMESTAMP(), CURRENT_TIMESTAMP(), 'area','head-card-panel',1,'Y','CHART',60000,NULL,7,'Disk','datetime','','','','bytes',21);
INSERT INTO page_row_panel (PANEL_ID, CREATE_TIME, UPDATE_TIME, CHART_TYPE, FRAGMENT_NAME, LEGEND_VISIBLE, MAIN_YN, PANEL_TYPE, REFRESH_INTERVAL, REPEAT_VARIABLE, SORT_ORDER, TITLE, XAXIS_MODE, YAXIS_LABEL, YAXIS_MAX, YAXIS_MIN, YAXIS_UNIT, PAGE_ROW_ID) VALUES (94, CURRENT_TIMESTAMP(), CURRENT_TIMESTAMP(), 'multiplegauge','head-card-panel',1,'Y','CHART',60000,NULL,8,'Pods','datetime','','200','-0.1','',22);
INSERT INTO page_row_panel (PANEL_ID, CREATE_TIME, UPDATE_TIME, CHART_TYPE, FRAGMENT_NAME, LEGEND_VISIBLE, MAIN_YN, PANEL_TYPE, REFRESH_INTERVAL, REPEAT_VARIABLE, SORT_ORDER, TITLE, XAXIS_MODE, YAXIS_LABEL, YAXIS_MAX, YAXIS_MIN, YAXIS_UNIT, PAGE_ROW_ID) VALUES (95, CURRENT_TIMESTAMP(), CURRENT_TIMESTAMP(), 'area','head-card-panel',1,'Y','CHART',60000,NULL,9,'CPU','datetime','','','','%',22);
INSERT INTO page_row_panel (PANEL_ID, CREATE_TIME, UPDATE_TIME, CHART_TYPE, FRAGMENT_NAME, LEGEND_VISIBLE, MAIN_YN, PANEL_TYPE, REFRESH_INTERVAL, REPEAT_VARIABLE, SORT_ORDER, TITLE, XAXIS_MODE, YAXIS_LABEL, YAXIS_MAX, YAXIS_MIN, YAXIS_UNIT, PAGE_ROW_ID) VALUES (96, CURRENT_TIMESTAMP(), CURRENT_TIMESTAMP(), 'area','head-card-panel',1,'Y','CHART',60000,NULL,10,'Memory','datetime','','','','bytes',22);
INSERT INTO page_row_panel (PANEL_ID, CREATE_TIME, UPDATE_TIME, CHART_TYPE, FRAGMENT_NAME, LEGEND_VISIBLE, MAIN_YN, PANEL_TYPE, REFRESH_INTERVAL, REPEAT_VARIABLE, SORT_ORDER, TITLE, XAXIS_MODE, YAXIS_LABEL, YAXIS_MAX, YAXIS_MIN, YAXIS_UNIT, PAGE_ROW_ID) VALUES (97, CURRENT_TIMESTAMP(), CURRENT_TIMESTAMP(), 'area','head-card-panel',1,'Y','CHART',60000,NULL,11,'Network','datetime','','','','bytes',22);
INSERT INTO page_row_panel (PANEL_ID, CREATE_TIME, UPDATE_TIME, CHART_TYPE, FRAGMENT_NAME, LEGEND_VISIBLE, MAIN_YN, PANEL_TYPE, REFRESH_INTERVAL, REPEAT_VARIABLE, SORT_ORDER, TITLE, XAXIS_MODE, YAXIS_LABEL, YAXIS_MAX, YAXIS_MIN, YAXIS_UNIT, PAGE_ROW_ID) VALUES (98, CURRENT_TIMESTAMP(), CURRENT_TIMESTAMP(), 'bar','col-6-head-card-panel',1,'Y','CHART',60000,NULL,12,'CPU intensive top 5','','','','','%',22);
INSERT INTO page_row_panel (PANEL_ID, CREATE_TIME, UPDATE_TIME, CHART_TYPE, FRAGMENT_NAME, LEGEND_VISIBLE, MAIN_YN, PANEL_TYPE, REFRESH_INTERVAL, REPEAT_VARIABLE, SORT_ORDER, TITLE, XAXIS_MODE, YAXIS_LABEL, YAXIS_MAX, YAXIS_MIN, YAXIS_UNIT, PAGE_ROW_ID) VALUES (99, CURRENT_TIMESTAMP(), CURRENT_TIMESTAMP(), 'bar','col-6-head-card-panel',1,'Y','CHART',60000,NULL,13,'Memory intensive top 5','','','','','bytes',22);
INSERT INTO page_row_panel (PANEL_ID, CREATE_TIME, UPDATE_TIME, CHART_TYPE, FRAGMENT_NAME, LEGEND_VISIBLE, MAIN_YN, PANEL_TYPE, REFRESH_INTERVAL, REPEAT_VARIABLE, SORT_ORDER, TITLE, XAXIS_MODE, YAXIS_LABEL, YAXIS_MAX, YAXIS_MIN, YAXIS_UNIT, PAGE_ROW_ID) VALUES (100, CURRENT_TIMESTAMP(), CURRENT_TIMESTAMP(), 'multiplegauge','col-2-head-card-panel',1,'Y','CHART',60000,NULL,1,'Pods','','','100','0','float',24);
INSERT INTO page_row_panel (PANEL_ID, CREATE_TIME, UPDATE_TIME, CHART_TYPE, FRAGMENT_NAME, LEGEND_VISIBLE, MAIN_YN, PANEL_TYPE, REFRESH_INTERVAL, REPEAT_VARIABLE, SORT_ORDER, TITLE, XAXIS_MODE, YAXIS_LABEL, YAXIS_MAX, YAXIS_MIN, YAXIS_UNIT, PAGE_ROW_ID) VALUES (101, CURRENT_TIMESTAMP(), CURRENT_TIMESTAMP(), 'multiplegauge','col-2-head-card-panel',1,'Y','CHART',60000,NULL,2,'Deployments','','','100','0','float',24);
INSERT INTO page_row_panel (PANEL_ID, CREATE_TIME, UPDATE_TIME, CHART_TYPE, FRAGMENT_NAME, LEGEND_VISIBLE, MAIN_YN, PANEL_TYPE, REFRESH_INTERVAL, REPEAT_VARIABLE, SORT_ORDER, TITLE, XAXIS_MODE, YAXIS_LABEL, YAXIS_MAX, YAXIS_MIN, YAXIS_UNIT, PAGE_ROW_ID) VALUES (102, CURRENT_TIMESTAMP(), CURRENT_TIMESTAMP(), 'multiplegauge','col-2-head-card-panel',1,'Y','CHART',60000,NULL,3,'StatefulSets','','','100','0','float',24);
INSERT INTO page_row_panel (PANEL_ID, CREATE_TIME, UPDATE_TIME, CHART_TYPE, FRAGMENT_NAME, LEGEND_VISIBLE, MAIN_YN, PANEL_TYPE, REFRESH_INTERVAL, REPEAT_VARIABLE, SORT_ORDER, TITLE, XAXIS_MODE, YAXIS_LABEL, YAXIS_MAX, YAXIS_MIN, YAXIS_UNIT, PAGE_ROW_ID) VALUES (103, CURRENT_TIMESTAMP(), CURRENT_TIMESTAMP(), 'multiplegauge','col-2-head-card-panel',1,'Y','CHART',60000,NULL,4,'DaemonSets','','','100','0','float',24);
INSERT INTO page_row_panel (PANEL_ID, CREATE_TIME, UPDATE_TIME, CHART_TYPE, FRAGMENT_NAME, LEGEND_VISIBLE, MAIN_YN, PANEL_TYPE, REFRESH_INTERVAL, REPEAT_VARIABLE, SORT_ORDER, TITLE, XAXIS_MODE, YAXIS_LABEL, YAXIS_MAX, YAXIS_MIN, YAXIS_UNIT, PAGE_ROW_ID) VALUES (104, CURRENT_TIMESTAMP(), CURRENT_TIMESTAMP(), 'multiplegauge','col-2-head-card-panel',1,'Y','CHART',60000,NULL,5,'Jobs','','','100','0','float',24);
INSERT INTO page_row_panel (PANEL_ID, CREATE_TIME, UPDATE_TIME, CHART_TYPE, FRAGMENT_NAME, LEGEND_VISIBLE, MAIN_YN, PANEL_TYPE, REFRESH_INTERVAL, REPEAT_VARIABLE, SORT_ORDER, TITLE, XAXIS_MODE, YAXIS_LABEL, YAXIS_MAX, YAXIS_MIN, YAXIS_UNIT, PAGE_ROW_ID) VALUES (105, CURRENT_TIMESTAMP(), CURRENT_TIMESTAMP(), 'multiplegauge','col-2-head-card-panel',1,'Y','CHART',60001,NULL,6,'CronJobs','','','100','0','float',24);
INSERT INTO page_row_panel (PANEL_ID, CREATE_TIME, UPDATE_TIME, CHART_TYPE, FRAGMENT_NAME, LEGEND_VISIBLE, MAIN_YN, PANEL_TYPE, REFRESH_INTERVAL, REPEAT_VARIABLE, SORT_ORDER, TITLE, XAXIS_MODE, YAXIS_LABEL, YAXIS_MAX, YAXIS_MIN, YAXIS_UNIT, PAGE_ROW_ID) VALUES (106, CURRENT_TIMESTAMP(), CURRENT_TIMESTAMP(), 'multiplegauge','full-head-card-panel-in-table-modal',1,'Y','HTML_TABLE',60002,NULL,6,'','','','100','0','float',25);
INSERT INTO page_row_panel (PANEL_ID, CREATE_TIME, UPDATE_TIME, CHART_TYPE, FRAGMENT_NAME, LEGEND_VISIBLE, MAIN_YN, PANEL_TYPE, REFRESH_INTERVAL, REPEAT_VARIABLE, SORT_ORDER, TITLE, XAXIS_MODE, YAXIS_LABEL, YAXIS_MAX, YAXIS_MIN, YAXIS_UNIT, PAGE_ROW_ID) VALUES (107, CURRENT_TIMESTAMP(), CURRENT_TIMESTAMP(), 'area','head-card-db-panel',0,'Y','CHART',60000,NULL,1,'CPU','datetime','','','','mCPU',26);
INSERT INTO page_row_panel (PANEL_ID, CREATE_TIME, UPDATE_TIME, CHART_TYPE, FRAGMENT_NAME, LEGEND_VISIBLE, MAIN_YN, PANEL_TYPE, REFRESH_INTERVAL, REPEAT_VARIABLE, SORT_ORDER, TITLE, XAXIS_MODE, YAXIS_LABEL, YAXIS_MAX, YAXIS_MIN, YAXIS_UNIT, PAGE_ROW_ID) VALUES (108, CURRENT_TIMESTAMP(), CURRENT_TIMESTAMP(), 'area','head-card-db-panel',0,'Y','CHART',60000,NULL,2,'Memory','datetime','','','','bytes',26);
INSERT INTO page_row_panel (PANEL_ID, CREATE_TIME, UPDATE_TIME, CHART_TYPE, FRAGMENT_NAME, LEGEND_VISIBLE, MAIN_YN, PANEL_TYPE, REFRESH_INTERVAL, REPEAT_VARIABLE, SORT_ORDER, TITLE, XAXIS_MODE, YAXIS_LABEL, YAXIS_MAX, YAXIS_MIN, YAXIS_UNIT, PAGE_ROW_ID) VALUES (109, CURRENT_TIMESTAMP(), CURRENT_TIMESTAMP(), 'area','head-card-db-panel',0,'Y','CHART',60000,NULL,3,'Network I/O','datetime','','','','pps',26);
INSERT INTO page_row_panel (PANEL_ID, CREATE_TIME, UPDATE_TIME, CHART_TYPE, FRAGMENT_NAME, LEGEND_VISIBLE, MAIN_YN, PANEL_TYPE, REFRESH_INTERVAL, REPEAT_VARIABLE, SORT_ORDER, TITLE, XAXIS_MODE, YAXIS_LABEL, YAXIS_MAX, YAXIS_MIN, YAXIS_UNIT, PAGE_ROW_ID) VALUES (110, CURRENT_TIMESTAMP(), CURRENT_TIMESTAMP(), 'area','head-card-db-panel',0,'Y','CHART',60000,NULL,4,'Disk I/O','datetime','','','','bps',26);
INSERT INTO page_row_panel (PANEL_ID, CREATE_TIME, UPDATE_TIME, CHART_TYPE, FRAGMENT_NAME, LEGEND_VISIBLE, MAIN_YN, PANEL_TYPE, REFRESH_INTERVAL, REPEAT_VARIABLE, SORT_ORDER, TITLE, XAXIS_MODE, YAXIS_LABEL, YAXIS_MAX, YAXIS_MIN, YAXIS_UNIT, PAGE_ROW_ID) VALUES (111, CURRENT_TIMESTAMP(), CURRENT_TIMESTAMP(), 'area','head-card-db-panel',0,'Y','CHART',60000,NULL,1,'CPU','datetime','','','','mCPU',27);
INSERT INTO page_row_panel (PANEL_ID, CREATE_TIME, UPDATE_TIME, CHART_TYPE, FRAGMENT_NAME, LEGEND_VISIBLE, MAIN_YN, PANEL_TYPE, REFRESH_INTERVAL, REPEAT_VARIABLE, SORT_ORDER, TITLE, XAXIS_MODE, YAXIS_LABEL, YAXIS_MAX, YAXIS_MIN, YAXIS_UNIT, PAGE_ROW_ID) VALUES (112, CURRENT_TIMESTAMP(), CURRENT_TIMESTAMP(), 'area','head-card-db-panel',0,'Y','CHART',60000,NULL,2,'Memory','datetime','','','','bytes',27);
INSERT INTO page_row_panel (PANEL_ID, CREATE_TIME, UPDATE_TIME, CHART_TYPE, FRAGMENT_NAME, LEGEND_VISIBLE, MAIN_YN, PANEL_TYPE, REFRESH_INTERVAL, REPEAT_VARIABLE, SORT_ORDER, TITLE, XAXIS_MODE, YAXIS_LABEL, YAXIS_MAX, YAXIS_MIN, YAXIS_UNIT, PAGE_ROW_ID) VALUES (113, CURRENT_TIMESTAMP(), CURRENT_TIMESTAMP(), 'area','head-card-db-panel',0,'Y','CHART',60000,NULL,3,'Disk I/O','datetime','','','','bps',27);
INSERT INTO page_row_panel (PANEL_ID, CREATE_TIME, UPDATE_TIME, CHART_TYPE, FRAGMENT_NAME, LEGEND_VISIBLE, MAIN_YN, PANEL_TYPE, REFRESH_INTERVAL, REPEAT_VARIABLE, SORT_ORDER, TITLE, XAXIS_MODE, YAXIS_LABEL, YAXIS_MAX, YAXIS_MIN, YAXIS_UNIT, PAGE_ROW_ID) VALUES (114, CURRENT_TIMESTAMP(), CURRENT_TIMESTAMP(), 'area','head-card-db-panel',0,'Y','CHART',60000,NULL,1,'CPU','datetime','','','','float',28);
INSERT INTO page_row_panel (PANEL_ID, CREATE_TIME, UPDATE_TIME, CHART_TYPE, FRAGMENT_NAME, LEGEND_VISIBLE, MAIN_YN, PANEL_TYPE, REFRESH_INTERVAL, REPEAT_VARIABLE, SORT_ORDER, TITLE, XAXIS_MODE, YAXIS_LABEL, YAXIS_MAX, YAXIS_MIN, YAXIS_UNIT, PAGE_ROW_ID) VALUES (115, CURRENT_TIMESTAMP(), CURRENT_TIMESTAMP(), 'area','head-card-db-panel',0,'Y','CHART',60000,NULL,2,'Memory','datetime','','','','bytes',28);
INSERT INTO page_row_panel (PANEL_ID, CREATE_TIME, UPDATE_TIME, CHART_TYPE, FRAGMENT_NAME, LEGEND_VISIBLE, MAIN_YN, PANEL_TYPE, REFRESH_INTERVAL, REPEAT_VARIABLE, SORT_ORDER, TITLE, XAXIS_MODE, YAXIS_LABEL, YAXIS_MAX, YAXIS_MIN, YAXIS_UNIT, PAGE_ROW_ID) VALUES (116, CURRENT_TIMESTAMP(), CURRENT_TIMESTAMP(), 'area','head-card-db-panel',0,'Y','CHART',60000,NULL,3,'Network','datetime','','','','bps',28);
INSERT INTO page_row_panel (PANEL_ID, CREATE_TIME, UPDATE_TIME, CHART_TYPE, FRAGMENT_NAME, LEGEND_VISIBLE, MAIN_YN, PANEL_TYPE, REFRESH_INTERVAL, REPEAT_VARIABLE, SORT_ORDER, TITLE, XAXIS_MODE, YAXIS_LABEL, YAXIS_MAX, YAXIS_MIN, YAXIS_UNIT, PAGE_ROW_ID) VALUES (117, CURRENT_TIMESTAMP(), CURRENT_TIMESTAMP(), 'area','head-card-db-panel',0,'Y','CHART',60000,NULL,1,'CPU','datetime','','','','float',29);
INSERT INTO page_row_panel (PANEL_ID, CREATE_TIME, UPDATE_TIME, CHART_TYPE, FRAGMENT_NAME, LEGEND_VISIBLE, MAIN_YN, PANEL_TYPE, REFRESH_INTERVAL, REPEAT_VARIABLE, SORT_ORDER, TITLE, XAXIS_MODE, YAXIS_LABEL, YAXIS_MAX, YAXIS_MIN, YAXIS_UNIT, PAGE_ROW_ID) VALUES (118, CURRENT_TIMESTAMP(), CURRENT_TIMESTAMP(), 'area','head-card-db-panel',0,'Y','CHART',60000,NULL,2,'Memory','datetime','','','','bytes',29);
INSERT INTO page_row_panel (PANEL_ID, CREATE_TIME, UPDATE_TIME, CHART_TYPE, FRAGMENT_NAME, LEGEND_VISIBLE, MAIN_YN, PANEL_TYPE, REFRESH_INTERVAL, REPEAT_VARIABLE, SORT_ORDER, TITLE, XAXIS_MODE, YAXIS_LABEL, YAXIS_MAX, YAXIS_MIN, YAXIS_UNIT, PAGE_ROW_ID) VALUES (119, CURRENT_TIMESTAMP(), CURRENT_TIMESTAMP(), 'area','head-card-db-panel',0,'Y','CHART',60000,NULL,3,'Network','datetime','','','','bps',29);
INSERT INTO page_row_panel (PANEL_ID, CREATE_TIME, UPDATE_TIME, CHART_TYPE, FRAGMENT_NAME, LEGEND_VISIBLE, MAIN_YN, PANEL_TYPE, REFRESH_INTERVAL, REPEAT_VARIABLE, SORT_ORDER, TITLE, XAXIS_MODE, YAXIS_LABEL, YAXIS_MAX, YAXIS_MIN, YAXIS_UNIT, PAGE_ROW_ID) VALUES (120, CURRENT_TIMESTAMP(), CURRENT_TIMESTAMP(), 'area','head-card-db-panel',0,'Y','CHART',60000,NULL,1,'CPU','datetime','','','','float',30);
INSERT INTO page_row_panel (PANEL_ID, CREATE_TIME, UPDATE_TIME, CHART_TYPE, FRAGMENT_NAME, LEGEND_VISIBLE, MAIN_YN, PANEL_TYPE, REFRESH_INTERVAL, REPEAT_VARIABLE, SORT_ORDER, TITLE, XAXIS_MODE, YAXIS_LABEL, YAXIS_MAX, YAXIS_MIN, YAXIS_UNIT, PAGE_ROW_ID) VALUES (121, CURRENT_TIMESTAMP(), CURRENT_TIMESTAMP(), 'area','head-card-db-panel',0,'Y','CHART',60000,NULL,2,'Memory','datetime','','','','bytes',30);
INSERT INTO page_row_panel (PANEL_ID, CREATE_TIME, UPDATE_TIME, CHART_TYPE, FRAGMENT_NAME, LEGEND_VISIBLE, MAIN_YN, PANEL_TYPE, REFRESH_INTERVAL, REPEAT_VARIABLE, SORT_ORDER, TITLE, XAXIS_MODE, YAXIS_LABEL, YAXIS_MAX, YAXIS_MIN, YAXIS_UNIT, PAGE_ROW_ID) VALUES (122, CURRENT_TIMESTAMP(), CURRENT_TIMESTAMP(), 'area','head-card-db-panel',0,'Y','CHART',60000,NULL,3,'Network','datetime','','','','bps',30);
INSERT INTO page_row_panel (PANEL_ID, CREATE_TIME, UPDATE_TIME, CHART_TYPE, FRAGMENT_NAME, LEGEND_VISIBLE, MAIN_YN, PANEL_TYPE, REFRESH_INTERVAL, REPEAT_VARIABLE, SORT_ORDER, TITLE, XAXIS_MODE, YAXIS_LABEL, YAXIS_MAX, YAXIS_MIN, YAXIS_UNIT, PAGE_ROW_ID) VALUES (123, CURRENT_TIMESTAMP(), CURRENT_TIMESTAMP(), 'area','head-card-db-panel',0,'Y','CHART',60000,NULL,1,'Disk','datetime','','','','bytes',31);
INSERT INTO page_row_panel (PANEL_ID, CREATE_TIME, UPDATE_TIME, CHART_TYPE, FRAGMENT_NAME, LEGEND_VISIBLE, MAIN_YN, PANEL_TYPE, REFRESH_INTERVAL, REPEAT_VARIABLE, SORT_ORDER, TITLE, XAXIS_MODE, YAXIS_LABEL, YAXIS_MAX, YAXIS_MIN, YAXIS_UNIT, PAGE_ROW_ID) VALUES (124, CURRENT_TIMESTAMP(), CURRENT_TIMESTAMP(), 'multiplegauge','head-charts-panel',1,'Y','CHART',30000,NULL,1,'NODE','','','','0','%',32);
INSERT INTO page_row_panel (PANEL_ID, CREATE_TIME, UPDATE_TIME, CHART_TYPE, FRAGMENT_NAME, LEGEND_VISIBLE, MAIN_YN, PANEL_TYPE, REFRESH_INTERVAL, REPEAT_VARIABLE, SORT_ORDER, TITLE, XAXIS_MODE, YAXIS_LABEL, YAXIS_MAX, YAXIS_MIN, YAXIS_UNIT, PAGE_ROW_ID) VALUES (125, CURRENT_TIMESTAMP(), CURRENT_TIMESTAMP(), 'multiplegauge','head-charts-panel',1,'Y','CHART',30000,NULL,2,'POD','','','','0','%',32);
INSERT INTO page_row_panel (PANEL_ID, CREATE_TIME, UPDATE_TIME, CHART_TYPE, FRAGMENT_NAME, LEGEND_VISIBLE, MAIN_YN, PANEL_TYPE, REFRESH_INTERVAL, REPEAT_VARIABLE, SORT_ORDER, TITLE, XAXIS_MODE, YAXIS_LABEL, YAXIS_MAX, YAXIS_MIN, YAXIS_UNIT, PAGE_ROW_ID) VALUES (126, CURRENT_TIMESTAMP(), CURRENT_TIMESTAMP(), 'multiplegauge','head-charts-panel',1,'Y','CHART',30000,NULL,3,'CPU (cores)','','','','0','%',32);
INSERT INTO page_row_panel (PANEL_ID, CREATE_TIME, UPDATE_TIME, CHART_TYPE, FRAGMENT_NAME, LEGEND_VISIBLE, MAIN_YN, PANEL_TYPE, REFRESH_INTERVAL, REPEAT_VARIABLE, SORT_ORDER, TITLE, XAXIS_MODE, YAXIS_LABEL, YAXIS_MAX, YAXIS_MIN, YAXIS_UNIT, PAGE_ROW_ID) VALUES (127, CURRENT_TIMESTAMP(), CURRENT_TIMESTAMP(), 'multiplegauge','head-charts-panel',1,'Y','CHART',30000,NULL,4,'MEM (bytes)','','','','0','%',32);
INSERT INTO page_row_panel (PANEL_ID, CREATE_TIME, UPDATE_TIME, CHART_TYPE, FRAGMENT_NAME, LEGEND_VISIBLE, MAIN_YN, PANEL_TYPE, REFRESH_INTERVAL, REPEAT_VARIABLE, SORT_ORDER, TITLE, XAXIS_MODE, YAXIS_LABEL, YAXIS_MAX, YAXIS_MIN, YAXIS_UNIT, PAGE_ROW_ID) VALUES (128, CURRENT_TIMESTAMP(), CURRENT_TIMESTAMP(), '','count-card-sets-panel',1,'Y','UPDOWN',30000,NULL,5,'Networking','','','','','float',32);
INSERT INTO page_row_panel (PANEL_ID, CREATE_TIME, UPDATE_TIME, CHART_TYPE, FRAGMENT_NAME, LEGEND_VISIBLE, MAIN_YN, PANEL_TYPE, REFRESH_INTERVAL, REPEAT_VARIABLE, SORT_ORDER, TITLE, XAXIS_MODE, YAXIS_LABEL, YAXIS_MAX, YAXIS_MIN, YAXIS_UNIT, PAGE_ROW_ID) VALUES (129, CURRENT_TIMESTAMP(), CURRENT_TIMESTAMP(), '','count-card-sets-panel',1,'Y','UPDOWN',30000,NULL,6,'AutoScaling','','','','','float',32);
INSERT INTO page_row_panel (PANEL_ID, CREATE_TIME, UPDATE_TIME, CHART_TYPE, FRAGMENT_NAME, LEGEND_VISIBLE, MAIN_YN, PANEL_TYPE, REFRESH_INTERVAL, REPEAT_VARIABLE, SORT_ORDER, TITLE, XAXIS_MODE, YAXIS_LABEL, YAXIS_MAX, YAXIS_MIN, YAXIS_UNIT, PAGE_ROW_ID) VALUES (130, CURRENT_TIMESTAMP(), CURRENT_TIMESTAMP(), '','count-card-sets-panel',1,'Y','UPDOWN',30000,NULL,7,'Scheduling','','','','','float',32);
INSERT INTO page_row_panel (PANEL_ID, CREATE_TIME, UPDATE_TIME, CHART_TYPE, FRAGMENT_NAME, LEGEND_VISIBLE, MAIN_YN, PANEL_TYPE, REFRESH_INTERVAL, REPEAT_VARIABLE, SORT_ORDER, TITLE, XAXIS_MODE, YAXIS_LABEL, YAXIS_MAX, YAXIS_MIN, YAXIS_UNIT, PAGE_ROW_ID) VALUES (131, CURRENT_TIMESTAMP(), CURRENT_TIMESTAMP(), '','count-card-panel',1,'Y','BADGE',30000,NULL,8,'Namespace','','','','','float',32);
INSERT INTO page_row_panel (PANEL_ID, CREATE_TIME, UPDATE_TIME, CHART_TYPE, FRAGMENT_NAME, LEGEND_VISIBLE, MAIN_YN, PANEL_TYPE, REFRESH_INTERVAL, REPEAT_VARIABLE, SORT_ORDER, TITLE, XAXIS_MODE, YAXIS_LABEL, YAXIS_MAX, YAXIS_MIN, YAXIS_UNIT, PAGE_ROW_ID) VALUES (132, CURRENT_TIMESTAMP(), CURRENT_TIMESTAMP(), '','count-card-panel',1,'Y','BADGE',30000,NULL,9,'Event','','','','','float',32);
INSERT INTO page_row_panel (PANEL_ID, CREATE_TIME, UPDATE_TIME, CHART_TYPE, FRAGMENT_NAME, LEGEND_VISIBLE, MAIN_YN, PANEL_TYPE, REFRESH_INTERVAL, REPEAT_VARIABLE, SORT_ORDER, TITLE, XAXIS_MODE, YAXIS_LABEL, YAXIS_MAX, YAXIS_MIN, YAXIS_UNIT, PAGE_ROW_ID) VALUES (133, CURRENT_TIMESTAMP(), CURRENT_TIMESTAMP(), '','count-card-sets-panel',1,'Y','SetSum',30000,NULL,10,'Deployment','','','','','float',32);
INSERT INTO page_row_panel (PANEL_ID, CREATE_TIME, UPDATE_TIME, CHART_TYPE, FRAGMENT_NAME, LEGEND_VISIBLE, MAIN_YN, PANEL_TYPE, REFRESH_INTERVAL, REPEAT_VARIABLE, SORT_ORDER, TITLE, XAXIS_MODE, YAXIS_LABEL, YAXIS_MAX, YAXIS_MIN, YAXIS_UNIT, PAGE_ROW_ID) VALUES (134, CURRENT_TIMESTAMP(), CURRENT_TIMESTAMP(), '','count-card-sets-panel',1,'Y','SetSum',30000,NULL,11,'ReplicaSet','','','','','float',32);
INSERT INTO page_row_panel (PANEL_ID, CREATE_TIME, UPDATE_TIME, CHART_TYPE, FRAGMENT_NAME, LEGEND_VISIBLE, MAIN_YN, PANEL_TYPE, REFRESH_INTERVAL, REPEAT_VARIABLE, SORT_ORDER, TITLE, XAXIS_MODE, YAXIS_LABEL, YAXIS_MAX, YAXIS_MIN, YAXIS_UNIT, PAGE_ROW_ID) VALUES (135, CURRENT_TIMESTAMP(), CURRENT_TIMESTAMP(), '','count-card-sets-panel',1,'Y','SetSum',30000,NULL,12,'StatefulSet','','','','','float',32);
INSERT INTO page_row_panel (PANEL_ID, CREATE_TIME, UPDATE_TIME, CHART_TYPE, FRAGMENT_NAME, LEGEND_VISIBLE, MAIN_YN, PANEL_TYPE, REFRESH_INTERVAL, REPEAT_VARIABLE, SORT_ORDER, TITLE, XAXIS_MODE, YAXIS_LABEL, YAXIS_MAX, YAXIS_MIN, YAXIS_UNIT, PAGE_ROW_ID) VALUES (136, CURRENT_TIMESTAMP(), CURRENT_TIMESTAMP(), '','count-card-sets-panel',1,'Y','SetSum',30000,NULL,13,'DaemonSet','','','','','float',32);
INSERT INTO page_row_panel (PANEL_ID, CREATE_TIME, UPDATE_TIME, CHART_TYPE, FRAGMENT_NAME, LEGEND_VISIBLE, MAIN_YN, PANEL_TYPE, REFRESH_INTERVAL, REPEAT_VARIABLE, SORT_ORDER, TITLE, XAXIS_MODE, YAXIS_LABEL, YAXIS_MAX, YAXIS_MIN, YAXIS_UNIT, PAGE_ROW_ID) VALUES (137, CURRENT_TIMESTAMP(), CURRENT_TIMESTAMP(), '','count-card-sets-panel',1,'Y','SetSum',30000,NULL,14,'Job','','','','','float',32);
INSERT INTO page_row_panel (PANEL_ID, CREATE_TIME, UPDATE_TIME, CHART_TYPE, FRAGMENT_NAME, LEGEND_VISIBLE, MAIN_YN, PANEL_TYPE, REFRESH_INTERVAL, REPEAT_VARIABLE, SORT_ORDER, TITLE, XAXIS_MODE, YAXIS_LABEL, YAXIS_MAX, YAXIS_MIN, YAXIS_UNIT, PAGE_ROW_ID) VALUES (138, CURRENT_TIMESTAMP(), CURRENT_TIMESTAMP(), '','col-6-app-board',1,'Y','APPLICATION_BOARD',30000,NULL,1,'보험코어 어플리케이션','','','6','','',33);
INSERT INTO page_row_panel (PANEL_ID, CREATE_TIME, UPDATE_TIME, CHART_TYPE, FRAGMENT_NAME, LEGEND_VISIBLE, MAIN_YN, PANEL_TYPE, REFRESH_INTERVAL, REPEAT_VARIABLE, SORT_ORDER, TITLE, XAXIS_MODE, YAXIS_LABEL, YAXIS_MAX, YAXIS_MIN, YAXIS_UNIT, PAGE_ROW_ID) VALUES (139, CURRENT_TIMESTAMP(), CURRENT_TIMESTAMP(), 'sparkline','col-2-headless-card-panel',1,'Y','CHART',30000,NULL,2,'정상거래','','','100','0','%',33);
INSERT INTO page_row_panel (PANEL_ID, CREATE_TIME, UPDATE_TIME, CHART_TYPE, FRAGMENT_NAME, LEGEND_VISIBLE, MAIN_YN, PANEL_TYPE, REFRESH_INTERVAL, REPEAT_VARIABLE, SORT_ORDER, TITLE, XAXIS_MODE, YAXIS_LABEL, YAXIS_MAX, YAXIS_MIN, YAXIS_UNIT, PAGE_ROW_ID) VALUES (140, CURRENT_TIMESTAMP(), CURRENT_TIMESTAMP(), 'sparkline','col-2-headless-card-panel',1,'Y','CHART',30000,NULL,3,'평균응답시간','','','auto','0','ms',33);
INSERT INTO page_row_panel (PANEL_ID, CREATE_TIME, UPDATE_TIME, CHART_TYPE, FRAGMENT_NAME, LEGEND_VISIBLE, MAIN_YN, PANEL_TYPE, REFRESH_INTERVAL, REPEAT_VARIABLE, SORT_ORDER, TITLE, XAXIS_MODE, YAXIS_LABEL, YAXIS_MAX, YAXIS_MIN, YAXIS_UNIT, PAGE_ROW_ID) VALUES (141, CURRENT_TIMESTAMP(), CURRENT_TIMESTAMP(), 'sparkline','col-2-headless-card-panel',1,'Y','CHART',30000,NULL,4,'금일 거래량','','','100','0','float',33);
INSERT INTO page_row_panel (PANEL_ID, CREATE_TIME, UPDATE_TIME, CHART_TYPE, FRAGMENT_NAME, LEGEND_VISIBLE, MAIN_YN, PANEL_TYPE, REFRESH_INTERVAL, REPEAT_VARIABLE, SORT_ORDER, TITLE, XAXIS_MODE, YAXIS_LABEL, YAXIS_MAX, YAXIS_MIN, YAXIS_UNIT, PAGE_ROW_ID) VALUES (142, CURRENT_TIMESTAMP(), CURRENT_TIMESTAMP(), 'area','small-head-card-panel',1,'Y','CHART',30000,NULL,1,'CPU','datetime','','100','0','%',34);
INSERT INTO page_row_panel (PANEL_ID, CREATE_TIME, UPDATE_TIME, CHART_TYPE, FRAGMENT_NAME, LEGEND_VISIBLE, MAIN_YN, PANEL_TYPE, REFRESH_INTERVAL, REPEAT_VARIABLE, SORT_ORDER, TITLE, XAXIS_MODE, YAXIS_LABEL, YAXIS_MAX, YAXIS_MIN, YAXIS_UNIT, PAGE_ROW_ID) VALUES (143, CURRENT_TIMESTAMP(), CURRENT_TIMESTAMP(), 'area','small-head-card-panel',1,'Y','CHART',30000,NULL,2,'LOAD','datetime','','auto','0','float',34);
INSERT INTO page_row_panel (PANEL_ID, CREATE_TIME, UPDATE_TIME, CHART_TYPE, FRAGMENT_NAME, LEGEND_VISIBLE, MAIN_YN, PANEL_TYPE, REFRESH_INTERVAL, REPEAT_VARIABLE, SORT_ORDER, TITLE, XAXIS_MODE, YAXIS_LABEL, YAXIS_MAX, YAXIS_MIN, YAXIS_UNIT, PAGE_ROW_ID) VALUES (144, CURRENT_TIMESTAMP(), CURRENT_TIMESTAMP(), 'area','small-head-card-panel',1,'Y','CHART',30000,NULL,3,'MEM','datetime','','100','0','%',34);
INSERT INTO page_row_panel (PANEL_ID, CREATE_TIME, UPDATE_TIME, CHART_TYPE, FRAGMENT_NAME, LEGEND_VISIBLE, MAIN_YN, PANEL_TYPE, REFRESH_INTERVAL, REPEAT_VARIABLE, SORT_ORDER, TITLE, XAXIS_MODE, YAXIS_LABEL, YAXIS_MAX, YAXIS_MIN, YAXIS_UNIT, PAGE_ROW_ID) VALUES (145, CURRENT_TIMESTAMP(), CURRENT_TIMESTAMP(), 'area','small-head-card-panel',1,'Y','CHART',30000,NULL,4,'DISK I/O','datetime','','','','bytes',34);
INSERT INTO page_row_panel (PANEL_ID, CREATE_TIME, UPDATE_TIME, CHART_TYPE, FRAGMENT_NAME, LEGEND_VISIBLE, MAIN_YN, PANEL_TYPE, REFRESH_INTERVAL, REPEAT_VARIABLE, SORT_ORDER, TITLE, XAXIS_MODE, YAXIS_LABEL, YAXIS_MAX, YAXIS_MIN, YAXIS_UNIT, PAGE_ROW_ID) VALUES (147, CURRENT_TIMESTAMP(), CURRENT_TIMESTAMP(), '','col-6-app-board',1,'Y','APPLICATION_BOARD',60000,'',1,'보험코어 어플리케이션','','','6','','',36);
INSERT INTO page_row_panel (PANEL_ID, CREATE_TIME, UPDATE_TIME, CHART_TYPE, FRAGMENT_NAME, LEGEND_VISIBLE, MAIN_YN, PANEL_TYPE, REFRESH_INTERVAL, REPEAT_VARIABLE, SORT_ORDER, TITLE, XAXIS_MODE, YAXIS_LABEL, YAXIS_MAX, YAXIS_MIN, YAXIS_UNIT, PAGE_ROW_ID) VALUES (148, CURRENT_TIMESTAMP(), CURRENT_TIMESTAMP(), 'sparkline','col-2-headless-card-panel',1,'Y','CHART',60000,'',2,'정상거래율','datetime','','100','0','%',36);
INSERT INTO page_row_panel (PANEL_ID, CREATE_TIME, UPDATE_TIME, CHART_TYPE, FRAGMENT_NAME, LEGEND_VISIBLE, MAIN_YN, PANEL_TYPE, REFRESH_INTERVAL, REPEAT_VARIABLE, SORT_ORDER, TITLE, XAXIS_MODE, YAXIS_LABEL, YAXIS_MAX, YAXIS_MIN, YAXIS_UNIT, PAGE_ROW_ID) VALUES (149, CURRENT_TIMESTAMP(), CURRENT_TIMESTAMP(), 'sparkline','col-2-headless-card-panel',1,'Y','CHART',60000,'',3,'평균응답시간','datetime','','auto','0','ms',36);
INSERT INTO page_row_panel (PANEL_ID, CREATE_TIME, UPDATE_TIME, CHART_TYPE, FRAGMENT_NAME, LEGEND_VISIBLE, MAIN_YN, PANEL_TYPE, REFRESH_INTERVAL, REPEAT_VARIABLE, SORT_ORDER, TITLE, XAXIS_MODE, YAXIS_LABEL, YAXIS_MAX, YAXIS_MIN, YAXIS_UNIT, PAGE_ROW_ID) VALUES (150, CURRENT_TIMESTAMP(), CURRENT_TIMESTAMP(), 'sparkline','col-2-headless-card-panel',1,'Y','CHART',60000,'',4,'금일 거래량','datetime','','100','0','float',36);
INSERT INTO page_row_panel (PANEL_ID, CREATE_TIME, UPDATE_TIME, CHART_TYPE, FRAGMENT_NAME, LEGEND_VISIBLE, MAIN_YN, PANEL_TYPE, REFRESH_INTERVAL, REPEAT_VARIABLE, SORT_ORDER, TITLE, XAXIS_MODE, YAXIS_LABEL, YAXIS_MAX, YAXIS_MIN, YAXIS_UNIT, PAGE_ROW_ID) VALUES (153, CURRENT_TIMESTAMP(), CURRENT_TIMESTAMP(), '','head-card-app-panel',1,'N','UPDOWN',60000,'',3,'Application Status','','','','','float',37);
INSERT INTO page_row_panel (PANEL_ID, CREATE_TIME, UPDATE_TIME, CHART_TYPE, FRAGMENT_NAME, LEGEND_VISIBLE, MAIN_YN, PANEL_TYPE, REFRESH_INTERVAL, REPEAT_VARIABLE, SORT_ORDER, TITLE, XAXIS_MODE, YAXIS_LABEL, YAXIS_MAX, YAXIS_MIN, YAXIS_UNIT, PAGE_ROW_ID) VALUES (154, CURRENT_TIMESTAMP(), CURRENT_TIMESTAMP(), '','head-card-app-panel',1,'N','BADGE',60000,'',4,'Application Transaction','','','','','count',37);
INSERT INTO page_row_panel (PANEL_ID, CREATE_TIME, UPDATE_TIME, CHART_TYPE, FRAGMENT_NAME, LEGEND_VISIBLE, MAIN_YN, PANEL_TYPE, REFRESH_INTERVAL, REPEAT_VARIABLE, SORT_ORDER, TITLE, XAXIS_MODE, YAXIS_LABEL, YAXIS_MAX, YAXIS_MIN, YAXIS_UNIT, PAGE_ROW_ID) VALUES (155, CURRENT_TIMESTAMP(), CURRENT_TIMESTAMP(), 'counttilemap','head-card-app-panel',1,'N','CHART',60000,'',5,'Replica Sets','','','100','0','float',37);
INSERT INTO page_row_panel (PANEL_ID, CREATE_TIME, UPDATE_TIME, CHART_TYPE, FRAGMENT_NAME, LEGEND_VISIBLE, MAIN_YN, PANEL_TYPE, REFRESH_INTERVAL, REPEAT_VARIABLE, SORT_ORDER, TITLE, XAXIS_MODE, YAXIS_LABEL, YAXIS_MAX, YAXIS_MIN, YAXIS_UNIT, PAGE_ROW_ID) VALUES (156, CURRENT_TIMESTAMP(), CURRENT_TIMESTAMP(), 'sparkline','head-card-app-panel',1,'N','CHART',60000,'',6,'CPU','datetime','','100','0','%',37);
INSERT INTO page_row_panel (PANEL_ID, CREATE_TIME, UPDATE_TIME, CHART_TYPE, FRAGMENT_NAME, LEGEND_VISIBLE, MAIN_YN, PANEL_TYPE, REFRESH_INTERVAL, REPEAT_VARIABLE, SORT_ORDER, TITLE, XAXIS_MODE, YAXIS_LABEL, YAXIS_MAX, YAXIS_MIN, YAXIS_UNIT, PAGE_ROW_ID) VALUES (157, CURRENT_TIMESTAMP(), CURRENT_TIMESTAMP(), 'sparkline','head-card-app-panel',1,'N','CHART',60000,'',7,'Memory','datetime','','100','0','bytes',37);
INSERT INTO page_row_panel (PANEL_ID, CREATE_TIME, UPDATE_TIME, CHART_TYPE, FRAGMENT_NAME, LEGEND_VISIBLE, MAIN_YN, PANEL_TYPE, REFRESH_INTERVAL, REPEAT_VARIABLE, SORT_ORDER, TITLE, XAXIS_MODE, YAXIS_LABEL, YAXIS_MAX, YAXIS_MIN, YAXIS_UNIT, PAGE_ROW_ID) VALUES (161, CURRENT_TIMESTAMP(), CURRENT_TIMESTAMP(), 'area','head-card-panel',1,'Y','CHART',60000,NULL,6,'Lock wait','datetime','','auto','0','float',16);
INSERT INTO page_row_panel (PANEL_ID, CREATE_TIME, UPDATE_TIME, CHART_TYPE, FRAGMENT_NAME, LEGEND_VISIBLE, MAIN_YN, PANEL_TYPE, REFRESH_INTERVAL, REPEAT_VARIABLE, SORT_ORDER, TITLE, XAXIS_MODE, YAXIS_LABEL, YAXIS_MAX, YAXIS_MIN, YAXIS_UNIT, PAGE_ROW_ID) VALUES (165, CURRENT_TIMESTAMP(), CURRENT_TIMESTAMP(), 'columnbar','full-head-card-panel',1,'Y','CHART',60000,NULL,1,'POD','datetime','','','0','float',51);
INSERT INTO page_row_panel (PANEL_ID, CREATE_TIME, UPDATE_TIME, CHART_TYPE, FRAGMENT_NAME, LEGEND_VISIBLE, MAIN_YN, PANEL_TYPE, REFRESH_INTERVAL, REPEAT_VARIABLE, SORT_ORDER, TITLE, XAXIS_MODE, YAXIS_LABEL, YAXIS_MAX, YAXIS_MIN, YAXIS_UNIT, PAGE_ROW_ID) VALUES (166, CURRENT_TIMESTAMP(), CURRENT_TIMESTAMP(), 'columnbar','full-head-card-panel',1,'Y','CHART',60000,NULL,1,'CPU','datetime','','','0','decimalSiPrefix',52);
INSERT INTO page_row_panel (PANEL_ID, CREATE_TIME, UPDATE_TIME, CHART_TYPE, FRAGMENT_NAME, LEGEND_VISIBLE, MAIN_YN, PANEL_TYPE, REFRESH_INTERVAL, REPEAT_VARIABLE, SORT_ORDER, TITLE, XAXIS_MODE, YAXIS_LABEL, YAXIS_MAX, YAXIS_MIN, YAXIS_UNIT, PAGE_ROW_ID) VALUES (167, CURRENT_TIMESTAMP(), CURRENT_TIMESTAMP(), 'columnbar','full-head-card-panel',1,'Y','CHART',60000,NULL,1,'Memory','datetime','','','0','byte',53);
-- INSERT INTO page_row_panel (PANEL_ID, CREATE_TIME, UPDATE_TIME, CHART_TYPE, FRAGMENT_NAME, LEGEND_VISIBLE, MAIN_YN, PANEL_TYPE, REFRESH_INTERVAL, REPEAT_VARIABLE, SORT_ORDER, TITLE, XAXIS_MODE, YAXIS_LABEL, YAXIS_MAX, YAXIS_MIN, YAXIS_UNIT, PAGE_ROW_ID) VALUES (168, CURRENT_TIMESTAMP(), CURRENT_TIMESTAMP(), '','col-6-head-card-panel-in-logtable',1,'Y','METRIC_TABLE',60000,NULL,16,'보험코어 어플리케이션 거래 현황','','','','','',39);
-- INSERT INTO page_row_panel (PANEL_ID, CREATE_TIME, UPDATE_TIME, CHART_TYPE, FRAGMENT_NAME, LEGEND_VISIBLE, MAIN_YN, PANEL_TYPE, REFRESH_INTERVAL, REPEAT_VARIABLE, SORT_ORDER, TITLE, XAXIS_MODE, YAXIS_LABEL, YAXIS_MAX, YAXIS_MIN, YAXIS_UNIT, PAGE_ROW_ID) VALUES (169, CURRENT_TIMESTAMP(), CURRENT_TIMESTAMP(), '','col-6-head-card-panel-in-errorlogtable',1,'Y','LOG_METRIC_TABLE',0,NULL,16,'보험코어 어플리케이션 에러 로그 ','','','','','',39);

commit;